source_id,class,label,text
1,2,Hate,What will happen to the tribalists? the nepotist? The despot? The religious bigot? The Lifeless one? The only one that does not read? The man that wants us to accommodate his killer kinsmen called Fulani herdsmen killers?
2,0,Not Hate,Lmaooo them get mind dey share these clown stories? 😂
3,1,Neutral,Mumu dey worry you
4,1,Neutral,I just realised that you are a clown.🤡
5,2,Hate,will reduce by 90% the day DSS start parading arrested Herdsmen Murderers
7,0,Not Hate,: gay or straight rape is rape
8,2,Hate,When thousand of my people die on the north at the result of your people fulani herdsmen you never say anything about now the big fish has been catch you want to use to score your political point idiot. Both the PDP and the APC are the same bird of the same feather nosense.
9,2,Hate,I fear Yoruba people. Outta all the tribes we have in the world they're the most selfish and the most cunning tribe. They support whoever they think will be beneficial to them not considering the future or the condition. As long as its beneficial. Yoruba ronu oh.
10,2,Hate,Women are scum😢
11,0,Not Hate,God can disqualify your enemies to qualify you. God of FRODD did it
13,0,Not Hate,": Everywhere is about Biafra,don’t keep calm enjoy the dedicated support of a large group of freedom lovers around…"
14,1,Neutral,"Mr man there are plenty youths in your shops wasting their time getting controlled by your puppets,(naira bet)you will nor talk to them because they are the ones putting money in your pocket... in 3D LINK"
16,0,Not Hate,Women that leave there kids one kilometers behind when walking. What's their aim in this life?
17,2,Hate,Lazy Nigerian youth🙄
18,2,Hate,Forget the useless aboki..as if the North is a monolithic society..indigenous Christians and Muslims in the North are 50/50 .but they have used all sorts of religious banditry to silence those ones. Bigotry is there main weapon. Alamajiris are there foot soldiers. Bastard
19,1,Neutral,Must be a fool!sh politician to have really thought that.
20,2,Hate,It has been known and proven that most Hausa people are dumb! You’re very dumb! Very very
21,1,Neutral,Did I beg u to follow me.. Y not block me with concrete.. Ewu hausa.. Fulani cow.. Better block ur life out from here
22,0,Not Hate,LINK
23,2,Hate,"All Diz hoe nd bitches be acting like ""We Run The Town"""
25,0,Not Hate,No region is as tolerant as the North. You see Yorubas/Igbo living comfortably in every part of the North while the crimes of a few herdsmen affects every Northerner living in the southern Nigeria This has to stop. is LINK
27,2,Hate,"Wallahi if u equate lesbians &amp; homosexuals 2 animals lyk pig then u r not being fair 2 animals, even animals don't hv desire 4 the same sex!"
29,1,Neutral,Black Americans are the worst LINK
31,0,Not Hate,sodebaba Second man arrested over rape of Indian child: Suspect detained in eastern state of Bihar in connecti... LINK
33,0,Not Hate,lols
34,1,Neutral,"Very sickening to know that the father gave consent.I really appreciate the bros making the video,he is actually doing this to stop the bullshit,not like those who would wait till tins get worse and then video it for clout! Poor child! LINK"
35,0,Not Hate,Half a yellow sun is out in theaters &amp; the war never ended honour Hero's pls Starved kids
36,2,Hate,"I wish I ave seen dis book b4 now MEN LOVE bitches# single or in a relationship,go get it Ladies.Gud Goons"
37,0,Not Hate,: The NASS should also go ahead to put down a law that ban open grazing across Nigeria by 2026. While the Southern States…
38,1,Neutral,Little grls still fall for looks and swag bitches fall for money but a grown woman falls for stability and security....
39,1,Neutral,The Government ordered the Nigerian military to kill its own citizens Unarmed protesters fighting for their right Oh what a shame! BUHARI Shame on you and your Regime. You have failed this Nation LINK
40,0,Not Hate,You're in a contemplative mood today and there's really not mu... More for Cancer LINK
42,1,Neutral,"You Oyomere people don’t have sense, you know say una door no get lock but una go dey gum body. See idolo now yeye dey smell 😒😒"
43,0,Not Hate,Where can I watch the City match?
44,2,Hate,"Justice? Are you aware of how the FG are defending their fulani people against gov. Akeredolu on ondo state? Why're some yoruba people so senseless and coward fgs, trying to be politically correct while the politicians aint even working"
45,1,Neutral,i hopethey are hearing beast of no burden
46,2,Hate,""": Bitches should not drink alcohol if they cant control that shit"""
47,0,Not Hate,"Nasir must go back to school, not to learn this time but to teach- Fashola"
48,2,Hate,Social distancing in lagos if this was in kano the next the u would hear is all those northerners re illiterate some southern clowns would even calls us animals thank God lagos has lot of animals LINK
49,1,Neutral,"Jamb question, are Fulani not human being this is how d racism started, u are separate ur country man with this so called religion foke"
50,2,Hate,My Hoes ain't loyal mehn they Rotate
52,1,Neutral,:..Ɣou re mad for dt post...don't Ɣou av shame....akhhh...Ɣou re a disgrace to womanhood
53,2,Hate,"Is a hoe. : Dry joke"": :''') "": A girl sleeping with her bosses is also doing her MASTERS"""""
55,0,Not Hate,"I hope and wish this deadly virus ends asap, this is heart breaking"
56,1,Neutral,Africans with greediness? It's not everyone that will get the giveaway bro and you're even using an iPhone....lolz
60,0,Not Hate,This still places men above women. There’s explaining away the misogynistic tendencies of the Bible. LINK
61,0,Not Hate,Coronavirus: Nigeria Senate Suspends Public Hearings Indefinitely LINK
62,0,Not Hate,Mallam literally means teacher in hausa
63,2,Hate,What happens to police men who litter their seed everywhere with women they’re not married to? Nigeria’s sexism and misogyny is terribly institutional. LINK
64,2,Hate,"Yoruba u na eye no go open? .your people are hungry, you still want next level of poverty.There is nothing in Yoruba land that's why you na dey follow follow.Mumu people.Hausa slaves.🤣😂😁"
65,1,Neutral,Rubbish jare !! So why did you buy Lukaku if havertz was really tested. Havertz wey de disappear for game
67,0,Not Hate,But the western world are giving false news saying Ukrainian are winning the war and Russian are loosing army.
68,0,Not Hate,"That's the most cheapest assertion and mind political game I have ever experienced. The Carmel would have passed through the niddle before an Ibo man can rule Lagos. Please oga sanwo olu, kindly change topic and station. LINK"
69,1,Neutral,Both Manchester clubs are useless.
71,0,Not Hate,"Yo boss Rita, I made a video asking girls why they FRIENDZONE guys. My only request is you help me drop a like on the video and subscribe. Thanks, it means a lot LINK"
73,2,Hate,Some of you Igbos and Yorubas are so stupid that you keep fighting each other for no reason why the real enemy is somewhere blowing whistle for u guys. They called all the south vultures and u guys dt claim to be informed are here talking non sense. God pls divide this shit hole.
74,2,Hate,Northerns are the worst hypocrites in the world . No wonder their region is the poorest in the world too ..
75,0,Not Hate,ya kike
76,0,Not Hate,Ati christian o ati unchristian o...ko bojumu. LINK
78,0,Not Hate,": Rain soaked, women put their shoes on the head and marched on LINK"
80,1,Neutral,am d afrik twista. I twist criticizers like u til u stupidly criticize ur crazy self
81,2,Hate,Women are total scums 😔 LINK
82,0,Not Hate,Nurturing young minds around the world the African way ;) LINK
84,1,Neutral,"If I am not mistaken, I am a happily married woman with 3 kids anuohia. U all dont have even an iota of sense."
86,1,Neutral,Illiteracy is a setback... fool
88,1,Neutral,You are a foolish and degenerated fool for lacking wisdom to come on Twitter to post such trash you should be ashamed at yourself. I rest my case. LINK
89,2,Hate,Nigerian Government is responsible. They are the employers of the terrorists. Their sole aim is the Conquest of the whole land and their stooges in the East are giving them the guts to keep attempting the impossible. God will surely destroy Nigeria. LINK
92,1,Neutral,: Every smart person playing dumb should be called...has Gumi met those who are agitating for Biafra &amp; Oodua Republic?
93,1,Neutral,God punish ur father &amp; ur prostitute mother like Nengi.. it’s only a dog 🐕 like ur girl that will open her dirty mouth 👄 &amp; day shenanigans here.. when Nengi has showed her real identity Fucker LINK
94,0,Not Hate,"There's no place in the Bible that states Christians shouldn't eat pig. Despite that, discouraging homosexuality is not the same as hating homosexuals. In fact, all true Christians should love LGBTQ people. Christ didn't turn away 'the adulterous' woman."
95,1,Neutral,You are a mumu you don't have anything to contribute so typed this 🤦🏽♂️
97,0,Not Hate,Same LINK
98,2,Hate,"If it's a boy, he's a King If it's a girl, she's a hoe"
100,2,Hate,*haaa broke Ass bastard filthy shitty bum hole... Gay swine go fuck a whale mustard.... Smelly rusty teeth
101,2,Hate,you cares more about Mali why fulanis are busy killing people in Nigeria. LINK
104,0,Not Hate,"How to use VPN 👉Download any FREE VPN 👉Choose any country you like 👉Tap connect 👉Click get later 👉Then Start Tweeting Gen. Buhari and and Fulani Stupidity. Awon Eranko lasan lasan can't make make , their Slave. If you need info? Tweet it HERE! LINK"
105,0,Not Hate,one person followed me // automatically checked by LINK
106,0,Not Hate,Iwon ba ni idi ma n to bi' I hope my Yoruba is correct 😀
107,2,Hate,": ""Dogs &amp; Baboons will be soaked in blood if I lose"" ~We made him President ""Defend yourselves from Fulani herdsmen"" ~D…"
108,2,Hate,"Igbo is most foolish tribe in the world, according to Uwazuruike. Do you also agree to this? Most of you just come online after getting daily 10mb from network providers to throw tribal slurs. Idiot. LINK"
109,2,Hate,cos dis hoes don't giv sex for free except u are wizkid so y giv dem tips for free
110,0,Not Hate,: A hausa man will not cheat you simply because you don't understand his language or practice his religion!🧏♂️
111,2,Hate,They made them their hoe 😂 LINK
112,1,Neutral,"Lmao the stupidity, I am 6ft 3 inches tall, athletic and i lift weights yet i cannot go out for a walk by 2 am not cos of my gender but the insecurity in Nigeria cannot differentiate between a man and a woman, you dumwit. LINK"
113,1,Neutral,Just annoying couples.
114,0,Not Hate,": A Real Girlfriend: Calls you for NOTHING , texts you alll the time, wants to see you, cries, gets jealous, is over- ..."
115,1,Neutral,He was actually right. So u shut the fuck up.
117,0,Not Hate,"Partey tax.. lokonga is already showing glimpses of being a top midfielder in 2-3 years but partey, I don't even see anything elite in him"
118,0,Not Hate,Trending Nationwide/U.K [New Music] LINK by LINK LINK
119,0,Not Hate,"Matter of fact, if u do, ur jus gay"
121,1,Neutral,How do you want him to do it ? He’s useless. LINK
123,0,Not Hate,": Christians, Pastors Call Us Idiots, Animals For Doing Our Job – Lagos FRSC Commander LINK ."
124,2,Hate,Just say the Arewa people/ Northern Muslims cos they seem to think extremely backwards. Muslims in the West and South are way better than them
125,0,Not Hate,Tops haka kike??? LINK
126,1,Neutral,"Stop that. Jess! You just talk anyhow.. Nigeria is bad today because of this zuggi mentality. Come out here to tell us it's good like 10k can feed you in a month. Nonsense. Sell Your vote oh, na check point you go soon find yourself, eating agbado and cassava."
127,0,Not Hate,Love you too
128,0,Not Hate,bruh. you dont need therapy i personally think you need to be told the truth.. your opinions dont matter.. and this guys replying you might have given you the wrong idea.. you are as irrelevant as everything else.. NO BODY CARES ABOUT YOU. mumu man.
129,2,Hate,"Help me inform that Honourable Mrs to give her children and extended family to Fulani herdsmen to be killed and thereafter, i can take her serious. Useless"
134,0,Not Hate,LINK Jesus loves you ❤️❤️
135,0,Not Hate,Me
138,1,Neutral,True that. Some people are very very dirty. I stopped shaking people's hands at some point but at the office attracted negative comments so I carry hand sanitizer in my pocket always now. You can't imagine where some hands have been to
139,0,Not Hate,Why invite him over to a game you would lose again lol I hope you don’t break his nose this time
141,2,Hate,: AREWA YOUTH TO UN - ARREST US AND HAVE THE BLOOD OF BABOONS (IGBOS) FLOW ON THE STREETS OF NORTHERN NIGERIA LINK
142,0,Not Hate,Papa Ade and Ade😂
143,0,Not Hate,2. He wasn't a developer but he saw huge potentials in young Nigerians who were about to graduate with zero work experience. They were hardworking &amp; educated. His company kickstarted major advancements in internet portal technology &amp; software development.
144,2,Hate,Useless Northerners talking of Islam when ur all hypocrites do Islam support gay last time I checked e plenty 4 north pass 😂😂😂
147,2,Hate,"Do you want me to give u her address so u can go and drag her directly... werey omo jatijati ni e ,all of u senseless northerners flexing muscle on the southerners, don’t worry guys,u shall meet ur Waterloo come 2023. Shabi u have started from kidnapping and killings."
148,2,Hate,Yoruba ronu. Yorubas are been blindfolded with religion to vote against Tinubu but at home with another Hausa Fulani Muslim called Atiku while igbos are supporting one of their own Peter Obi. Yoruba Ronu yin ooooooo
149,2,Hate,"Jew Killers in Nigerian are Terrorist &amp; and their South East Governor collaborrators,,,,,,,,,,,,,, LINK"
150,2,Hate,"play good football and stay off of that madness,homosexuals are insane people animals don't gay not to talk of humans"
151,0,Not Hate,A New Restaurant Where Completely N*ked People Can Go to Eat is About to Open (Photos) LINK Via
152,1,Neutral,Pls no kill urself or take anything personal idiot. Am not talking down on woman in anyway and neither do I need anyone's validation to be whomever I choose to be. And yes you are a stupid man in all ramifications
153,1,Neutral,Do you see how stupid you are??? I guess not Cos this jealousy has blinded you. Go play with your age mates BABY girl.... run along. there are levels to this shit so let her be LINK
154,2,Hate,Wallahi matar nan kamar batada hankali. Irinsu ne suke kokawa da mijin su suke buga musu weapon. Jst pathetic of the feminine gender. Tufia😠
155,0,Not Hate,This life no balance
157,1,Neutral,"Now that he is dead, do you have your Biafra? Senseless fool."
159,0,Not Hate,plz ff bck
160,2,Hate,"This ode is still using twitter to advertise his almajiri app. Even of you dash me this app for free, I will not take it. Very useless app."
161,0,Not Hate,hehehehehe fake news y....... 😯 LINK
163,2,Hate,Such a Yoruba fool. FFK and Fayoshe go to any churches in the west to preach hate of any parties? You are a pig.
164,1,Neutral,Idi Amin Dada being carried by his slave Europeans.. LINK
165,1,Neutral,I can't be threading words with Oloriburuku someone like you
166,0,Not Hate,+3 The whole drama is a conspiracy to eliminate Muslims in the so called southern Kaduna just for pure hatred of Islam.
167,0,Not Hate,: PHOTOS; See the Primitive Village Where Women Breastfeed Animals LINK
168,0,Not Hate,NP - rise up
169,0,Not Hate,"HIM NEVA SEE ANYTIN, NNAMDI WANTS TO DIVIDE NIGERIA.MY MALO GF LIKES AMALA, MY IGBO GF LIKES SUYA, MY YORUBA GF LIKE KILICHI."
170,2,Hate,😂😂😂 Nigerians are wicked people
171,0,Not Hate,Omg!The guy in this picture leaks this pretty girl sex video on BBM 18+ Only See Video Here=-&gt; LINK
172,0,Not Hate,You wear beret in Nigeria... Girl : Chorister Boy : Cultist 🤦🏾♂️
173,0,Not Hate,Make village no put hands nah
174,0,Not Hate,Respect Nigerian Women!! 🙌🏻🙌🏻
176,0,Not Hate,"If you didn't go to at least 3 different classroom to look for duster, just forget it, you never went to a Nigerian school 🤣 LINK"
177,0,Not Hate,": lol 😂 even if it’s 2 am, I must still go home, the guys dey shock, God has been so protective"
179,0,Not Hate,"suddenly, Fulani herdsmen are no longer attacking villages; All Fulanis are no longer killer herdsmen; Hausa Fulanis are no longer ""Born to Rule""; Islamizing Nigeria is no longer being revealed to the politicians on... LINK"
183,2,Hate,Hoe are you dear hope you are enjoying it
186,0,Not Hate,Stars faking hot bods?: LINK
187,1,Neutral,"The show is on /GULDER ULTIMATE SEARCH/were u see grown ass adults realy fooling there selfs, yalk.......:"
188,1,Neutral,Crazy rich Asians
189,1,Neutral,You nigeria girls go and get sense stop behaving stupid
190,2,Hate,This woman is just useless to the South Easterners
191,0,Not Hate,This country is just the absolute ghetto!!!!
193,2,Hate,". It will never be better for these animals called South Africans. God will punish all of you. I've lived amongst these people few years back, majority of them are typical animals. Lazy goats."
194,0,Not Hate,The problem with most Africans is that they have borrowed foreign religious fanaticism as theirs.
195,1,Neutral,Rape??..lolllll..no wonda most chelkshite* fans are *Rapists*
196,2,Hate,"Only idiot will come here and be talking about Big Brother Naija, when your villages has been taking over by the Fulani Janjaweed murderous killers Boko Haram. Please don't allow yourself to be distracted. We must remain focus, BIAFRA is our goal and we must achieve that. LINK"
197,1,Neutral,He wants to please him self and please others he is just a shameless hegoat
198,0,Not Hate,"Make we still marry them fess, they should leave us with God and our punishment"
199,0,Not Hate,Another angle gee
200,0,Not Hate,Ahmed musa a northerner just made us proud as an educated northerner. Stop the primitive way of making herdsmen perpetual illiterates and relegated people without future. Encourage private modern ranch farms. Another Ahmed musa can emerge from them.
201,1,Neutral,Shut TF up nitwit.
204,0,Not Hate,Slm ya kike
205,0,Not Hate,Ghetto Love
206,1,Neutral,When your fucking Fathers were suffering Nigeria was fit and okay and you were suffering idiot with bald hair. We fucking rescue you LINK LINK
207,2,Hate,"I have known that people are malicious but I didn't know that India,South Africa are very stupid&amp;jealous. Did HK discriminate? No. Every1 is sent to an isolation centre till testing. That has helped break the circuit of Covid-19 in HK."
208,2,Hate,Islamists are the worst.
210,1,Neutral,"Verily I tell you the truth. You are a big disgrace, a total failure, the worst of all the president in the history of Nigeria. You're a big scam and you should be jailed for what you've done to this country. Chai na who we offend nah? With all due respect God will punish you. LINK"
211,0,Not Hate,"I think this should serve as a challenge to MURIC, the Almajiri system has completely derailed from its Islamic genesis. Children in the name of Almajiris now become drug addicts, tools for Gay rape etc. If the system cannot be regulated, let it be proscribed!"
212,2,Hate,"Bastards out here screaming ""Racist"" at the whites in the U.S but don't want anything to do with Nigerians from other TRIBES"
214,2,Hate,Some women are very wicked and heartless💔👽 f**kers 😬
215,2,Hate,: So that chaste women can easily be identified from animals LINK
217,1,Neutral,Crazy mofo
218,2,Hate,"The man won't agree with her plea, the man has already disown the daughters, so nothing in this world 🌏 will make the man accept their plea, coz that kind matter fit jail the man. 💔 💔 💔 women 👵 with their cunning attitude, may God save 🙏 us from them."
219,1,Neutral,I hate fpl
220,2,Hate,"Let's talk about oke ogun, so you fulanis are still kidnapping pple there as we speak? Are the yorubas living there so docile? Do you even know yorubas are among the kidnappers there?"
221,1,Neutral,Lil geng shit
222,1,Neutral,"Our problem in the north is most of the honorable sheik Nd fake imans they are very good when it comes to bigotry Nd sycophants, the levels of their hypocrisies is too much. They condemned the protest by saying is haram😭"
223,1,Neutral,"U wnna shoot me?aiiiii shoot da fuck off out ma skull,is even given me a problem tho"
225,2,Hate,: It is so hardddd not to be tribalistic right now. Most of these northerners are disgusting! Are you blind? Did they buy your b…
227,2,Hate,"Who made him Godfather? A large chunk of them are these extremely Stupid, sycophantic, asslicking, illiterate, greedy Yoruba Muslims."
229,0,Not Hate,"Ya Allah ""Islamic is full of prospects and exemplary prophets, leadership is a psycholgical contract a trust to onto them"""
231,2,Hate,: A Fulani governor condemns the unlawful incarceration of Biafran women but useless Igbo governors…
233,2,Hate,RSUST girls are so dumb.... Jesus!!!
234,0,Not Hate,Arrh! This one enter! Lmao 🤣 LINK
235,1,Neutral,Thunder fire you there. Animal!
236,1,Neutral,"Allah, I’m blocking these uninformed idiots who never followed this happenings for the past 4 years then decide to crucify her because she decided to speak. Where are all these hot takes when this woman was constantly bullied in the last 4 years?"
237,1,Neutral,Sister. Goan meet that muslim scholar and tell him he should goan recheck the holy book. Making stupid statements about that can destroy a nation
240,0,Not Hate,Unfortunately they're still blind. LINK
241,2,Hate,Leak Fotos: Angry Igbo Guy Uploads Photos Of Ashewo Girl He Did It With LINK
242,2,Hate,You just Shook the table of non Muslims and Muslim hypocrites.
243,2,Hate,""": Beyonce made d song ""single ladies"" then went home 2 her husband &amp; left all the lonely hoes dancing in a circle"""
245,1,Neutral,"Dan Allah kama Hausa Music industry wa'azi, in har baza suyi yadda yarbawa suke yi ba Wallahi, to whl akwai kura, Yarbawa basa ganin dan uwansu da talent su kyale shi, yarbawa whl na mugun son nasu, amma kaga arewa ne kawai daban duk sauran mugaye"
246,1,Neutral,"He's just a fool, inciting the northerners telling them the shouldn't join the protest saying the aim is just to force Buhari out.. He's just a clout chaser"
247,1,Neutral,Go fuck yourself... Retard
248,0,Not Hate,Hahahaha so kike tace tasata sprite na water inside
249,2,Hate,"Niggas don't realize pulling hoes is not an accomplishment, anybody can pull a HOE, try to pull a real WIFE."""
250,0,Not Hate,: Governor Ajimobi’s Daughter Rocks N640k Christian Louboutin Heels (Photo) LINK
251,1,Neutral,"RCCG allows themselves to be the final chess piece. The pastors are always quick to quote Elijah ""If I be a man of God"". Yet it was the same Elijah that always called Ahab out on his bullshit. Have we ever seen them call out Leaders? Instead they are doing low budget bambiala"
253,2,Hate,Never stress over a hoe... aint loyal#
254,2,Hate,don't EVER be ashamed of who you are. unless you a hoe... then be ashamed bitch.
255,1,Neutral,"Not even a Southern Christian but a Southern Kaduna Christian from Northern Nigeria, Gov would have been joined in the bigotry suit to be filled by the likes of FFK, KUKAH, Middle Belt Forum...etc! Yeye people!"
256,2,Hate,The killings in zamfara and some northern parts will cause crises for them between Fulanis and Hausas.. they all know them selves but their religion is just the weak point for them go read about usman dan fodio the evil Fulani man that put them together with religion shit
257,2,Hate,"Bandits take over Abuja and Kaduna, Terrorist hold sway in Bornu, Fulani herdsmen kidnapping in Enugu while stealing and raping in Ogun state. Niggeria is already destroyed waiting for the final dissolution. All hail Biafra!"
258,0,Not Hate,i'll catch u on sunday. Nutty geh
260,0,Not Hate,"dear brother, Agbatan laa ngba ole, the struggle you must be concluded. Igangan and Yewa ketu in Ogun state people are still under attacks by the Fulani herdsmen. Please don't abandoned your people. We count and trust even more our so called Governor and politicians."
261,0,Not Hate,I will judge lampard from next week I'm running outa patience
262,1,Neutral,you're a disgraced man! f*ck🖕you dick-head for disrespecting Our 🇳🇬 names without an apology.
263,2,Hate,"This man is a fool, if Christians were to behave like Muslims, they will start burning houses. Mad religious begot. efulefu. Aturu"
264,1,Neutral,Lebanon is a occupied territory by the Arabs hitherto inhabited by Christians hence the litany of sympathy messages from the hypocrates who will never raise a voice against the killings in SK by Fulani militia herdsmen.
267,1,Neutral,Modern day slaves should know when to shut up LINK
268,0,Not Hate,Join us tomorrow as we honour our amazon! LINK
270,2,Hate,"Shuwa gigs as I realized here in Lagos are so arrogance,proud,feelings,they prefer southerners people more than northerners,and they seems as they are d only Muslim, or Arab than anyone LINK"
271,0,Not Hate,"It is very certain that we the citizens of Biafra must take our destinies into our hands since we ar left with no choice. The Nigerian army and police have killed us enough so we say enough is enough we ar not animals even animals have right to life, how much more humans beings."
272,1,Neutral,Oga shut up look for your money... They won't still calling ur race cow And almajiri.......
274,1,Neutral,"Erica opened her stinking mouth to say she could have won. Won which show? That girl is real daft oh, her fans have really brainwashed her. I am sure she still thinks she topped the votes every week 🤡🤡🤡🤡"
275,1,Neutral,"You must be so dumb for spewing out this trash, are d igbos selling spare parts in d north killing ur people? Didn't they pay for the shops they rented in carryin out their legal businesses with taxes? How much are d fulanis paying? Anyway I don't u, they are even killin d Hausas"
276,2,Hate,": Moron of the day &gt; If Britishers were armed like Americans,muslims won't be killing and rapping…"
277,0,Not Hate,"Oga zaddy, progress de make semo on top ya head tonight"
279,2,Hate,"Reno-The President, Defence Minister, Chief of Army Staff, IG are northerners, yet north is insecure (mad people)"
280,2,Hate,"Black people think like animals, why can they not used such force to eliminate Fulani terrorists and bokoharam terrorists rather killing armless civilians in Lagos, send them to sabisa mumu."
281,1,Neutral,Yoruba demon🤣🤣😭 LINK
282,0,Not Hate,“: Nigerian tribe with the highest population of Christians? ”Igbo !
283,1,Neutral,": If she doesn’t scream during sex, impregnate her..my brother she will scream in labour. I hate stubborn girls😫😂🆓"
284,1,Neutral,when I know say u dey craze
285,0,Not Hate,Olamide star power is a 100! 'Who you epp' when my warri niggers don make since 2011 naim de reign brand new as Olamide drop am.
290,1,Neutral,"Why then did Biden and Obama impose Buhari on Nigeria, despite intelligence reports that showed he was a coup plotter, Muslim fanatic and nepotistic. The Democrats aren't interested in the welfare of Africans. They only care about Muslims and gays."
291,0,Not Hate,"he won't e even scale through APC primaries, plus the hatred he has created for himself from Christians. If the North are tired of Being a part of Nigeria, let them put El rufai forward as another buhari. Then "" the monkey and Baboon to be soak in blood"" quote 4rm BUHARI LINK"
292,1,Neutral,nawa 4ur analysis oh!“: Ugly gurls are d ones wif more followers :(”
293,2,Hate,How we treat your whore wife in this rainy season LINK
294,1,Neutral,Omo na just nonsense in the name of rebranding.
295,0,Not Hate,Terrorists have attacked the Kaduna airport and Railway track less than a week apart but politics is more important. It is rather unfortunate…
296,0,Not Hate,": If you count down from 10 at exactly 23:59:50 on New Year's Eve, you'll hit zero as soon as the new year arrives."
297,0,Not Hate,: My name is Aisha Somtochukwu Yesufu . Any threat to Igbo people is a threat to me. An attack to Igbo people is an…
298,1,Neutral,Mugun Fulani slave. If you comfortable with your One Nigeria go and live in southern Kaduna for 3years or Zamfara you’re making mouth on Twitter. A’rindin agba 😂😁😂🤣
299,0,Not Hate,: Come and see somebody's daughter and wife 🥰🥰. Happy Birthday to the woman I'm honored to do this life shit with.
301,1,Neutral,"At your age, you should mature enough to contribute to public opinion, the concept was about ""Biafra land"" instead out of stupidity you decided to insult the women in Edo by calling them ashawo and I gave a better answer with facts"
302,1,Neutral,Stupid fool.. When yu sleep at night what goes thru ur mind? Is dat wat Islam taught yu to do in a situation like dis
303,0,Not Hate,Forget about the real...is a total package waste😭
304,2,Hate,"Tomorrow this fool will say . and expect normal human beings to trend it. Northerners are selfish, wicked and stupid. Staying as citizens of one country with them is silly. They are heartless. is the answer."
306,1,Neutral,""": She a hoe if she texts ""heyy"" because the second y means ""y u not over here hitting this pussy"""""
308,0,Not Hate,See if ozo and Nengi don't stay together for long time eeeh they will eat my girl raw😂😂😂😂
309,1,Neutral,"If they flaunt your advice and keep up with their vile practice aimed at exterminating humankind, ~punch them in the f*cking face~ get out of that vehicle as quickly as possible. I guess all I'm trying to say is I want you all to be alive, well and enjoy your life! ☮️"
310,0,Not Hate,manu 5while liverpool 1take it or leave it
312,1,Neutral,Idiot
313,0,Not Hate,"Biafra my home,pls if don't like it,been Biafra you must like it,my fire by force, see killing, raping,damagingly, I have been done,no going back LINK"
315,2,Hate,"Nnamdi Kanu: All Igbos Not In Support Of Biafra Are Pigs ,Evils and Child of Satan --Read More Click Here LINK LINK"
316,2,Hate,So you like what the soldiers did to the protesters. Why are you all like this. A creul Northerners.
317,1,Neutral,And Gunshots are good melodies to the ear abi? Nice one!! Na you try pass lass lass LINK
318,1,Neutral,lol see you yoruba demon everywhere!!!!
319,2,Hate,🤣😂🤣😂🤣😂🤣😂🤣😂 dat is how u northerners behave I'm not surprised Everything on u guys head is pu***y and violence
320,1,Neutral,"Some people have nasty ass feetttt "": I relateeeeeee. Feet are disgusting"""
321,1,Neutral,"Adesanya's Yoruba Language translation to English Language ~ ""I will punch you, you will be surprised; you this dumb/fool"""
322,2,Hate,Hate calling the women bitches but the bitches love it
323,1,Neutral,Me: I knw d lyrix of dear ann.....my frendz: OMG pls sing it we wanna hear...ME: I'm kinda shy...my frndz: pllllz...ME: FUCK IT I lied....
324,1,Neutral,"Governors in Nigeria, especially from northern Nigeria, particularly from North Central inherits revolution.Infact,some of these lazy children of the federal government(states)'s leaders doesn't think inward."
327,2,Hate,"Nigerian Animal Farm: Monkey dey work, baboon dey chop! Southerners dey work northerners dey chop lazy LINK"
328,1,Neutral,"IT IS BETTER TO DIE A HERO OF THE DEMOCRATIC STRUGGLE IN NIGERIA, THAN TO LIVE AS AN INCONSEQUENTIALLY LEARNED SENILE FOOL LIKE ITSAY SAGAY."
329,2,Hate,"Now I can understand where ur passion lies, to have a country fashioned in ur Islamic fundamentalists styles Well the north is a parasite so I'm not surprised, u talked about taxes, taxes that come from Nig Brewery, Guinness PLC &amp; co...? Hypocrites is ur second name."
330,0,Not Hate,"Paul call them foolish and Bewitched because after that they have believe the Gospel unto salvation as a gift and not of works, they later begin to put up with certain teachers of works for salvation."
333,2,Hate,"Hausas, National cake sharers, political terrorist and slave masters of it's own people"
334,0,Not Hate,girlz are naggers not niggas.. Guys you need to wise up.
335,0,Not Hate,Pentagon May Court Martial Soldiers Who Share Christian Faith LINK
336,1,Neutral,You're just dumb. You're not smart at all. Because of my name you just assumed I'm Fulani. Why do dumb people like u like to tribalize anything. Arindin omo
339,2,Hate,Eenie meenie mynie mo ur mother wus a hoe!
340,1,Neutral,I wonder how many APC E-diots Woye have damaged their brain with lies and deceit.
343,1,Neutral,Our nation is too great to be handled by idiots and fools.
344,1,Neutral,"Latest News: Transgender women given access to Hampstead Heath ponds A campaigner says the policy to allow transgender women to use a women-only pond is ""absolutely disgusting"". LINK 2019-05-23 13:41:29Z"
345,0,Not Hate,Its was exciting to have a participant at the April Workshop held share her experience with the world. More exciting is the fact that she will be coaching others this Oct. Visit LINK to apply. Attendance is free! LINK
346,0,Not Hate,wannan kaman hausa bakwae ne ae
347,1,Neutral,Adamu Garba is the greatest Clown on earth for trying to sue 😂😂 why don't he go and create his own app and push it to blow like Twitter ..Nonsense 👎🏿👎🏿🇳🇬🇳🇬
350,2,Hate,: Buhari and his Boko Haram Hausa/Fulani brothers are working very hard to destroy West Africa. HELP! LINK
351,1,Neutral,"Lol una dey go on date and una never make out, lmao. She get am for mind to love you but e never reach. Una matter just get as e be. She could be be genuine but shallow or she could just be dead shallow; either ways, baba mueveee...."
352,2,Hate,"These Hausas and photoshop get problem. I think they need to be enlightened more on what photoshop means! was photoshopped, dangote’s bum was photoshopped too. Animals."
354,2,Hate,"""Authorless gabbage junk latrine journalism, as such that the writer on purpose refused appending his bastard name on this article. My message's one, Biafra will come to be. Meanwhile, continue with your Zoo of suffering &amp; smiling lawless Islamic Fulani state of Nigeria.""✔ LINK"
355,0,Not Hate,Sharout to my real niggies...
356,1,Neutral,Whore unko ?
357,1,Neutral,: He's saying he failed the state but won't resign? Clown. Looks like a yahoo boy😭
358,1,Neutral,Let the Ambazonians with internet access keep tweeting what's going on in . France will use those idiots to clamp down on press so the world won't know the atrocities they sponsor. did the same during Nigeria/Biafra war. LINK
359,0,Not Hate,Another awesome night listening
362,1,Neutral,Shut up fool
363,2,Hate,lmao BITCH fight.....
365,0,Not Hate,"Girls and pride just because I caution bae to stop going through my phone and checking up my msgs on fb ,she stoped talking to me and started watching porn on her phone ,while am lying on d floor horny😂😂😂"
366,2,Hate,Some of u the educated northerners still dn't hv sense. Why is it tht u people behave like animals? You abandoned the real cause of problem and talked rubbish about Sunday. And when ws u appointed to be Yorubas spokesman? Parasites nd laibilities tht is what all of you are.
367,2,Hate,"What's happening bitch ass niggas,check out my bitches living close to strip club.hit me on my bbm 22229BA3,check me in my club too."
368,0,Not Hate,Be proud Be bold E wèm time e kò shit. Igbo bu Igbo. LINK
369,1,Neutral,"Firstly, you're prodigal lady, you should be able to learn how to be conservating (making hay while the sun shines) ladies like yourself are so selfish and gully gluten Secondly your friend isn't engage, much less planning to get married, you have a foe as a friend LINK"
371,0,Not Hate,: Is these not the vehicles they use in stealing oil from delta?.This people want to finish everything in Southern Niger…
372,0,Not Hate,no sleep oooooo
373,1,Neutral,"I used to think people call you a mad woman just to mock you, but it appears it's real. Don't you have kids to help you out?. You interview girl in Allen(ridiculous sample size) an area in Ikeja, and concluded that 90% of Titans are prostitutes. U are a disgrace!"
374,2,Hate,Hoe poor
375,0,Not Hate,"Once We DECLARE BIAFRA,That Same Minute, WE WILL DEFEND OUR BORDERS.THAT SAME MINUTE,WE WILL UNVEIL BIAFRA ARMY 19/3/2021"
376,2,Hate,"Nah I honestly want to know why Igbo women are wicked. Why would you pick up little kids as house help and be so wicked to them. This Ago palace, my eyes has seen too much."
377,1,Neutral,How big is the shame for someone that offered hausa in JSS and scored 81? But still doesn't know shit 😬
379,1,Neutral,"Nnamdi kanu was talking about his compound that was raided by nigeria army, what does he expect when you school the world BSS as a separatist, the idiot acknowledged only his dog by name no single name of BSS fallen men came from his mouth and u following such fool"
380,2,Hate,"Sir the truth is this. There are more illiterate in the north who have allowed religion to take over their mental ability. Nigeria is not fit to be 1. I can't stand living wth a people wth 80% of it's pple brainwashed religious extremist. We've tried enlightenment, it didn't work"
382,1,Neutral,Trash.
383,0,Not Hate,: Yoriba ~ ft with Tune In Via LINK
384,2,Hate,I was blocked by for reporting all the atrocious acts of the marauding herdsmen on my page . I will not keep quiet. I called them out. They’re savages and parasites. This another of their evil LINK
385,0,Not Hate,"U.S Says Fulani Herdsmen More Radicalized, Blames It On Poor Governance, Population Growth. - thenewnarrativeonline LINK"
386,0,Not Hate,": Yoruba Mums produce d best of slaps: Igbati, Ifoti, Igbaju, Igbarun, Iforun, Ifakun , Iladi &amp; Abara. These slaps can clear …"
387,2,Hate,"So unfortunate. Almajiri modern schools were built by his Excellency, Ex. Pres. Goodluck E. Jonathan in the North, they rejected it, since we have not heard it has been put to use, just to molest and abuse teenagers, and continue to cash on their ignorance as political thugs."
388,2,Hate,I'm asking sincerely. I'm just seeing women are scum everywhere. Ko ye mi nh
389,2,Hate,: Corrupt Hausa/Fulani BokoHaram Herdsmen tribe destroying other tribes. Decolonise . https:…
390,1,Neutral,Short people are troublesome
391,1,Neutral,"Stupid. They'll be legit when dey cut themselves off for d fornication, adultery, paedophilia, scams and other things committed under their umbrella. Dey only draw d line when it comes to gays, stupidity. African religious fanatics always be doing d most."
392,1,Neutral,You be mumu
393,1,Neutral,I have never seen a heartless Government and leaders like our Nigerian so called leaders.Wicked people.
394,0,Not Hate,don't have the one that is favorite! All are HONEY!!!
395,2,Hate,"My brother I bi Igbo but this people attitude tire me ooo if truly na Biafra dem bi.those bunch of idiots needs to be dealt with.i hate anything biafra.even in my area I have never supported this fools called Biafra.their mode of dressing tire me, they are just agbero"
396,1,Neutral,From a FEMI 😂😂😂😂 Shitty humans. You’re not the King of Yoruba Demon for nothing LINK
397,0,Not Hate,let's kip praying ooo
398,2,Hate,"Fulani worship cow, guess they will come back with a bloody Revenge. Like they say they don't forgive..."
399,2,Hate,Igbo man will never say good about an Hausa or Yoruba man. Go and ask all your igbo leaders why their states are in shambles. Is Buhari the governor or Abia state?? Mugu
401,0,Not Hate,"NYSC: National Year Of Sex And Comfort Episode 24 By MaziOmenuko: Later that evening, the biggle wa... LINK"
403,0,Not Hate,"Lies from the pit of hell man. Nobody in the 90s from the North had those score you're claiming. Stop spreading falsehood. I went to school with majority of Northerners and truthfully, they're real smart and brilliant lads!!"
404,0,Not Hate,You might take pride in your ability to build relationships wi... More for Capricorn LINK
406,0,Not Hate,"It’s genie and bugs, probably these k1ngdom Bg stans and their streaming passes"
407,2,Hate,"Small or Big??"": Yoruba stout are just cowards..."""
409,1,Neutral,Very evil bress
410,2,Hate,"Whether foreign Fulani or Nigeria fulani they all have same agenda, forget the lies they are trying to use to exonerate Miyetti Allah. Miyetti Allah/Fulani herdsmen are Terrorists. Say no to LINK"
411,1,Neutral,Nna mechieonu Biko. The igbos who beheaded their Igbo man don't hate themselves? What sort of foolishness is this? You people are fast losing the people's support you once had.
412,2,Hate,"You have suspended Twitter for the illiterate/educated illiterate Northerners and their chief herder , we in the south are well equipped and more sophisticated than the Fulani Nigerian system"
413,1,Neutral,"Ehi this our edo sisters go kill us laslas... Very shameless pple😂😂😂😂😂make we no go gorimapa, Rachel n Diana own.. Chia this season is not seanoning for us o.. Edo to the world!"
414,1,Neutral,You niggas made a mistake you should've never put my rhymes with Dre them Thug niggas have arrived and it's... LINK
416,0,Not Hate,": ""The man who mobilizes the Christian church to pray will make the greatest contribution to world evangelization in history."" -…"
418,2,Hate,"""Fulanis are useless without quota system...""- Femi Fani-Kayode ""a London trained spoilt brat, Yaba left escapee and white powder addict from South-West Nigeria"""
419,2,Hate,"""Gay people sending him money after he told them he's not gay"" sounds like trying to score a cheap one for the gays. Not the most brilliant thing! And following freak/OF gays don't really much..😬"
420,1,Neutral,Don't mind that bleached Kogi boy LINK
421,1,Neutral,I don comot hand from anything wey concern Yoruba men abeg Ire o!
422,0,Not Hate,"here's no debating ,its my fashion lately \ you see ,I'm hating this world ,passionately \\...hill billy"
423,0,Not Hate,kindly ff me bck
424,2,Hate,The truth is you are a slave in the Land you claim to be your Father's. Your Lords be making your neck their kneestool. Nigeria has the richest Black man and woman. You hypocrites mf black Americans
425,0,Not Hate,Lol
426,1,Neutral,PDP's are drowned in the see &amp; have no seen an ireland to rescue them. Blind men with a blind leader?
427,0,Not Hate,: Abba Kyari Is The Police Officer In Charge Of The Killings And Abduction Of Innocent Igbo Youths In The South East. This…
428,2,Hate,Northerners are MALU. ATI KERAN MEROOOOO 😂😂😂😂😂😂
430,2,Hate,B*tches got no job just sittin on facebook all day waiting for someone to offer them d*ck &amp; hope it turns into a relationship.O
433,1,Neutral,"Fuck this is 3much mehhhn...Staning that girl is enough mishap, dashing him this insult has although made him more miserable but a waste of your effort in replying a typical low class fool like him"
434,1,Neutral,: My dear wait until u meet a Virgo. They are Selfish and very Difficult to pls. And worst still bunch of ingrates.
435,2,Hate,Fulani herdsmen r terrorizing enugu state between Olo in Ezeagu Local government Area and Umulokpa in Uzo-Uwani LGA.and apc with their useless elected president wont say a word Read more at:... LINK
436,0,Not Hate,"Not me watching movies, when I have a ton of work to do and exams to study for. 🥺😭 My focus is not focusing."
438,0,Not Hate,: Insecurity: Yoruba elders back Akeredolu on quit notice to herders living in forests LINK
439,1,Neutral,No be for my country abeg go find your own country then you fit sia baba cow dey
440,0,Not Hate,"2019: No Female Muslim in Hijab Denied of Voter Registration in Oyo, Says REC LINK"
442,0,Not Hate,":I thank you for joining me,God bless you.You take your portion of the miracles in Jesus name."
444,1,Neutral,"So what exactly was d intent if not to cause reputational damage?Cooked up a totally false story&amp;attached someones name to it but then you ""did not intend to bring taooma's reputation into any form of disrepute""!Until smbody pays heavily for these types of nonsense it wont stop"
448,0,Not Hate,"If u give God anything less than ur best, u've not regarded Him as God. Don't fool urself &amp; say ""Well, God understands"". If u understand who this God is &amp; what He's given to u, u'll be up &amp; doing. God doesnt relate to all Christians the same way. Some are Sons, others are babes🚶"
449,1,Neutral,U guys protesting at lekki toll gate without any Selina even after curfew by the govt. think the men this greedy blood sucking politicians will send is coming to romance with u pipu ....That's why I like my south pipu
450,0,Not Hate,: So these ashy hausa guys want to be treated like the prophet was treated by his wives but will not treat a woman the way the…
451,2,Hate,"Aboki will always remain aboki even in suit, wetin aboki no pass to move around with cows, Abokimalami just use VPN to delete his Tweeter account. Aboki oshi,"
452,0,Not Hate,"When we were focused on some other issues, the has approved the $22.7billion loan request kicked against by the Southeast. This is complete rape of democracy. The , , and the administration of and keep shortchanging the Igbos. LINK"
453,2,Hate,"In this world, the most self deceptive and hypocritical people are Arabs. LINK"
455,0,Not Hate,Cheapskate…fake fan.
457,2,Hate,: Known thieves. Fulanis are crooks:👇👇👇👇👇👇👇👇👇👇👇 LINK
458,2,Hate,": The replacement is Osinbajo. So he is a vulture? Lmfaoooooo again, you southern idiots dont know these guys dont rate you. http…"
459,2,Hate,Bitches dnt kill ma vibe!!!!!!
461,1,Neutral,🎶See aunty... Aunty wey mumu... 🎶 LINK
462,2,Hate,"My pops once said ""a shaved vagina is a busy vagina"" ""Grass don't grow on a busy street"" Don't let these hoes fool you son"
463,1,Neutral,Stupid &amp; insensitive &gt; “I Want 2 Offer My Virginity 2 Boko Haram In Exchange 4 200 Chibok Girls” – Singer Adokiye LINK
464,0,Not Hate,"Gej went to kastina 4 a rally,so wats big abt apc rally in okrika. Ego of pdp n Ist lady. Naija pls watch out. Ph war zone"
465,0,Not Hate,"Pregnancy is pathological? HOW?! And since when did reproduction give rise to parasites? This is a talking point from a pro-choice lesbian dance therapy professor, not science or medicine or embryology"
466,1,Neutral,"“..I will not just hit her I will BEAT her and beat you” I brought the lady to him and dared him to touch her. The idiot couldn’t😂. Long story short, we still entered the BRT before him and nothing happened😂.. SAY NO TO ANY VIOLENCE AGAINST WOMEN ❌❌. I just pity his wife 😪"
468,1,Neutral,"Nothing is new again in Nigeria. We will still survive it, so Fuck dem! Mcheew."
469,2,Hate,All These hoes are the same stay toxic🙂
470,2,Hate,don use about 2 million girls as Avi from 2020 to 2021 alone. Oshey Chief of Ashawo Staff!🙌🏽🙌🏽🙌🏽🙌🏽
471,0,Not Hate,Best regards on your birthday @… LINK
472,1,Neutral,"All Men are Dogs, all Men are Goats and you have 5 Boyfriends, my sister, are you a Veterinary Doctor?"
473,2,Hate,Worry about your white farmers taking 70percent of your lands or worry about these. Xenophobic beasts! LINK
474,0,Not Hate,"Fulani Herdsmen Attacks Another Benue Community, Kills 15 LINK"
475,2,Hate,"Dear kings. When you finally get the Bag, it's more better to go take your niggas out of trenches, than to spend money on broke entitled bitches. ""BroCode101"
476,2,Hate,I hate broke bitches with rich pussy
477,2,Hate,: Fulani Janjaweed Are Domestic Terrorists Destroying Every City They Run. Really So Sad! 😱
478,2,Hate,"Northerners in Nigeria are just set of people that are going through shit, but are ready to die and be buried d in shit in as much as they have their own person in power! Whether he is working for them or not.. LINK"
481,1,Neutral,Yu are dumb
483,1,Neutral,"Na akamu dey una head. Where una hear say Davido dey lead anything? For all your noise about best TV station of the year, this is shitty reporting. I am disappointed LINK"
484,2,Hate,"You're sick. Lmao "": I'm gonna have a sniper at my wedding, just in case one of these hoes wanna stand up and object."""
486,0,Not Hate,"Fulani soldier’s slapped and kill ipob’s(Biafra), they never cried nor retaliate! They met a Yoruba man on their way home:Good Samaritan Yoruba’s asked them what happened can we help you?Bum😫 they start crying 😭 calling Yoruba’s names🤣. Remember when u couldn’t beat ur teacher"
487,1,Neutral,This Is What AfroCandy Have To Say About Yoruba Boys And Their D**k - LOL!... LINK
488,0,Not Hate,: A defensive referendum in Nigeria is for avoiding war and to help keep the Biafran people free of fear.God bless Biafra #…
489,1,Neutral,"is not competent enough to govern, he has to be told that to his face. Keep formality aside"
490,0,Not Hate,Hmm...all these mushiness Iyalode...
493,2,Hate,Fettywap on this hoes 💪🔥
494,1,Neutral,They assume that sex is love 😮😮coming out from you 😏😏😏 you dey mad
495,0,Not Hate,IF YOUR PAPA GET MONEY YOU DEY AT DISADVANTAGE OOOO THIS NIGERIA NA FOR POOR PEOPLE!!!!!
496,2,Hate,": No female wants to be called a bitch, but once you put ""bad"" in front of it, these hoes feel honored."
498,2,Hate,: You hate men You despise women Muslim men are bastards Christian women are hoes/bitches APC is evil PDP is useless You ha…
500,0,Not Hate,": “I am a Christian but I believe Christians shouldn’t preach to Muslims” Your feelings don’t matter Uncle. Jesus says, “Make…"
503,0,Not Hate,"126 Yrs ago today Dial Square (Arsenal F.C.) Played its first ever game played on the Isle of Dogs beat Eastern Wanderers 6-0"" happy bufday"
505,2,Hate,Innocent Fulani men indeed ... Stupid idiot ... Probably it father and mother committed the crimes ... Maluu!
506,2,Hate,"Who cares!!! when arsonist and Biafraud are molesting people, disturbing the peace of the Eastern State, operations Pyton dance has clear their madness, you didn't give 10% in 2015 yet he won as an opposition, soon you will wailing marginalization. Smhhh"
508,0,Not Hate,": The Rijeka Islamic Center, Croatia. LINK"
510,1,Neutral,"Yeah, how won't such happen when a woman can actually write a series about continuous rape in ""handsmaids tale"" - Disgusting... Smh*"
511,1,Neutral,After all he don enjoy the pussy for four years so what’s up. The girl Dey connect with Igbo guy for phone and the mumu Nigga no even know what’s going on. His not smart that’s why the girl left
512,0,Not Hate,Dam* girl🤣😰 LINK
513,0,Not Hate,"Me too!! "": Am seriously tired of sch"""
514,2,Hate,Women wit options always go wit the nigga who fuck em the best.
515,0,Not Hate,: Guys who live for Jesus&gt;&gt;&gt;&gt;&gt;&gt;&gt;&gt;&gt;&gt;&gt;&gt;&gt;&gt;&gt;&gt;Any other guys
516,0,Not Hate,": Biafra: We Will Never Trade Biafra For ""Igbo Presidency"": IPOB Tells Okorocha And Iwuanyanwu, The Vultures In… https:/…"
518,0,Not Hate,The only structure we know here is the building LINK
519,2,Hate,"Igbo people are lazy,jobless, deceitful? Nah sorry we dont fit into that category..you didnt have to mention any tribe..plus dude was right..so move abeg.."
520,0,Not Hate,I ask cos of the post they made that is an old news and you know it mallam
524,2,Hate,"We can no longer travel again in the southern region be it night or day time, our parents can no longer go the the farm due to the activities of the criminal fulani elements. Yet you all northerners and fulani people see nothing wrong with their actions"
526,0,Not Hate,"What's this one now,you guys can't let this girl rest,if they come defend we are toxic"
527,0,Not Hate,don't need a wire... The recruits you want would be memorable...
528,0,Not Hate,"Danladi"": HAUSA names starting with D """
529,1,Neutral,Just look at that irresponsible fool
530,0,Not Hate,Are toys really kids stuff? They were created to fill for a missing partner so you don't become lonely.Antisuiicides.
531,0,Not Hate,": Mazi Nnamdi Kanu is agitating for Biafra, likewise Sunday Igboho for Oduduwa What is Sheik Gumi agitating for?"
532,1,Neutral,"I wonder sir. So shameful. Yoruba Rororo bi Ina ale, Yoruba rururu bi omi okun...."
534,0,Not Hate,Are u saying no Hausa man has been fund guilty?
535,2,Hate,"Dats exactly wat u re kemi mad woman,werey,Anuofia n Ewu Hausa go get a life BITCH n leave Davido out of ur mouth b4 thunder strike u"
536,2,Hate,Stupid Hoe insultin nigeria babes Serzly Bitch!
537,0,Not Hate,: It is not enough for Southern governors to ban open grazing. They should be proactive to invest in animal husbandry in…
539,1,Neutral,What makes different from the lowbrow political amanuensis and proxies? Its time your remove the log in your eyes and tumor in your brain for you to see and reason.
541,2,Hate,Not every woman in a man's house is mean't to be called a wife... Some are just baby factories.
543,2,Hate,"My brother what do I say again, the whole thing Happening in this country makes me feel like am dreaming. Boko Haram and Fulani herds men finds so much Joy and pleasure in killing innocent people. And the don't have any problem die for the so called devilish Course."
544,2,Hate,"Aah my ribs🤣🤣🤣🤣Savage,l love that ,actually my definition is A Hoelite is a cheap morally loose upper class whore from the pits of hell,Eroticas ,copy dat 😂😂😂🤣🤣🤣 my ribs"
545,2,Hate,"Security : Advise to his royal majesty protect your subject with traditional back up, herdsmen are murderers prowling to fulfil Buhari and northers agenda, intention is to occupy your land and lynch the occupiers."
546,2,Hate,Scared? Stop day dreaming. The Yoruba's that are not even united? Or the disgruntled elements called the Igbos that are parasites. That don't want to stay in their localities?
547,1,Neutral,Police are start there useless work den follu one pregnancy woman because of arresting bike in yesterday night at ojoroad
549,1,Neutral,d truth is dat dis country was built on deceit
550,2,Hate,Let them bitches know
553,1,Neutral,Everyday you open Twitter to see a dumb take like this. Tiring
554,2,Hate,"Look at this Hoelosho calling someone a hoe, do you even know the meaning? Ask yourself, are you stanning Laycon from your heart? I know you are among the useless ladies waiting for him to win so you will go to his Dm and be sending him ur nonsense boobs and ass. Happy birthday"
555,0,Not Hate,": Dear Southern Governor, pls respond to Malami in a way he’ll understand you’re not joking!"
556,0,Not Hate,didi ode
557,1,Neutral,"Am not in support of a fraudster cos it's not Godly nd it can ruin ones future but look at the Agba Yahoo's, d certified thieves called Politicians Looting this country n spending lavishly to oppressed d poor people. should start cleaning from the Head. God Dey ooo"
558,1,Neutral,"Yoruba girls go just bleach, kon look like plantain wey dem force ripe. Abi na part of the callin ni?..."
559,0,Not Hate,: Open grazing ban came into effect in Southern Nigeria 😁 these cows near my site in my village today are doing roaming gr…
562,2,Hate,Is this what you call democracy? Where armed Islamist roam the streets with guns and Christians are hacked down like animals. History will tell how blew the trumpet in support of evil.
563,0,Not Hate,Lol. Sha leave Firmino matter. Pesin wey Jota go soon pursue commot. And to think Jota is not an out-and-out striker. Na Firmino fraud pass. The fact that he made people believe he's that good mehn. Greatest fraud since Buhari 2015.
565,2,Hate,Black hoes are where God divided zero
566,0,Not Hate,"Dem be werey. I watched it yesterday. Channels should have brought 1 Hausa, Igbo and Yoruba senator on that seat so that we can all shame them together. I like Ali Ndume though"
567,2,Hate,": Fulanization, Islamisation of Nigeria by the desert wanderers, the Fulani Janjaweed from the sahel, Nnamdi Kanu warned…"
568,0,Not Hate,"They hire the thugs, put them in war front and still kill them. Ok o"
569,0,Not Hate,: I just want to assure my southern brothers that the north 200% supports the movements. We do not support the reck…
570,0,Not Hate,"Dats bcos u dunno d meaning "": Rubbish. “: DdfkzhyusdhtrgczV0HJKZ+IUTHJWQ”"""
571,0,Not Hate,"Girls can be bro's too, if you've got what it takes then you're in."
572,0,Not Hate,Unilag girls in the mud 😂😂😂 LINK
575,1,Neutral,"Pay and learn a high income skill u say, u don't have money or it's expensive. Now u go invest 50k and u are expecting 200k, dey don finally run with ur money, u come to me dey cry, shey na me send u😂 U are a mumu man"
576,0,Not Hate,- Even d beggars on d streets dnt wnt 2 b broke despite knowin dey r broke already talkless of correct chick like ya.
577,0,Not Hate,Dirty dressed ladies attract dirty mannered guys..its physics..laws of nature..come and beat me for saying it..
578,1,Neutral,lol...since i came baq i've been searchn 4 1 useless rat dat died...tscheew
579,1,Neutral,I won’t be surprised to see her dedicating a brand new car before this year runs out and the same dumb F**members will b shouting like em Fulani herdsmen. LINK
580,1,Neutral,Firstly this guy is a dangerous idiotic Madman. Secondly You girls are Olosho's probably dressing seductively half naked to meet client?! Something about you gals triggered this mofo doings shikena LINK
582,1,Neutral,"You know you are a liar. You are a Bigot. Hating other tribes will take you nowhere. For an OPC killer who has the blood of Hausas in his hands, to pretend to love Buhari, you are making him less salable to other tribes. APC needs doves this time not Vultures"
586,2,Hate,Also their boko H &amp; fulani herdsmen rampages should end in the north. They can destroy themselves &amp; the Aso rock for all I care. Useless Animals! LINK
587,1,Neutral,To be honest truth icon post no dey pain me again... Infact I laugh my ass out anytime I go to that page cos its clear girl has gone nuts LINK
588,0,Not Hate,S/o 2 ma old and new niqqurz
589,0,Not Hate,Lol. See BBC Igbo News’ caption of a new statue of ‘Buhari’ reportedly set to be to unveiled by Governor Okorocha LINK LINK
590,0,Not Hate,hmmm!
591,1,Neutral,This is premium entertainment. Never knew Nigerians can be this wild. 2021 no good girls.
594,1,Neutral,I mean the entirety of the Christian and the Muslim faith belief in Jesus but one idiot from Enugu thinks there is no scientific evidence to show he lived...like most of you are ignorant.
595,0,Not Hate,SEE The Lady Who Put Sanyeri in Baby Mama Mess: GistReel Popular yoruba actor and comedian Olaniyi Afonja bett... LINK
596,0,Not Hate,Look at a northerner whose people are being decimated by bolo haram here wishing SARS on southern Nigerians. People that leave in fear of bandits and terrorists. Your time is coming... All enablers of oppression.
597,0,Not Hate,Na menopause van dijk🥴🥴
599,1,Neutral,"""Rudeness from women""... This is so unintelligent! Bezos would never say anything so daft."
600,0,Not Hate,: There have been reports of more violence against Christians by Fulani herdsmen in Kaduna state in Nigeria. LINK
602,0,Not Hate,"Women are like police, they can have all the evidence in the world but they still want a confession.. u gals are gr8.."
603,2,Hate,: Hausa/Fulani are hunting dogs for D in D British Zoo . LINK
604,0,Not Hate,"He is the one who is moving, the traffic is not moving, ""jahilci ta fi dare duhu"" he is even failing in handling the traffic: true leaders build institutions not showmanship. Even intelligent illiterates know this is bojiboji o, Wanda na Kama, nama be, naman Kura, gani nan zuwa"
605,2,Hate,: is a fulani human being was installed in by fulanis terrorists to protect only fu…
608,1,Neutral,"I'm a Muslim but this Man is a cow, you can't Introduce sharia laws anyhow, however this can only be practice with a Muslim only provided the Constitution of the country is in support."
609,0,Not Hate,"-Qalau *2,ya kike"
610,0,Not Hate,4’
611,0,Not Hate,Ezigbo onye Igbo
613,0,Not Hate,This ur eng sef dey confuse person
614,0,Not Hate,: It’s amazing. Sunday Igboho’s only crime was asking that Fulani herdsmen stop killing his people. That’s why security fo…
615,0,Not Hate,"It's an alternative to the Police and Thief NFT Game which is also on the AVAX Network. Based on my understanding of the game, you have a 81% chance to obtain a Adventurer NFT, 9% chance to obtain a Hunter NFT and 10% chance of obtaining nothing."
617,0,Not Hate,How El-Rufai spent N200m treating poverty-stricken children: ...Northern part of the country… &gt;&gt; LINK &lt;&lt;
618,0,Not Hate,🤗🤗
619,0,Not Hate,Not in Hausa land bro
620,2,Hate,"We have a lot of Lazy women in this our generation shola, and am highly impressed on how you have brought out this facts, no matter how you give to a useless woman she can never be satisfied, i have had a relationship with a girl who told me “no amount of money is enough for her"
621,0,Not Hate,Where's Ousman Dembele 🙄
623,0,Not Hate,You dont even understand what you're saying
624,1,Neutral,. Born to be great. No mind dat mumu girl
626,2,Hate,All dis Yoruba nonentities trying to defend the pig🤦♂️
627,1,Neutral,"“Future and drake” that’s futures song featuring drake, shey because it’s drake it’s not gumbody.. Nigerians and ignorance be like 5&amp;6! He has credits on the song! He was nominated and he won! J Cole won his first grammy by being featured on 21 savages song talk about that mumu"
628,1,Neutral,"I never respect you even for once, and I believe my fellow AREWA's will do thesame. You can't be hypocrisy of the North and deserve RESPECT from them. Lie lie"
629,1,Neutral,So you just have to drag hausa and fulani in every topic just to show much of a bigot you are 😠 disgusting
630,2,Hate,The name of the useless group is conference of Igbo Elders for Peace and they have only 15 members.. A branch of ndi oshi ohanaeze Ndi Igbo.. Eastern Security Network is here to Stay..
631,1,Neutral,u might not come across my tweet but let me tell u you these whly kika xo kano sai mun munyi maganin ki whly banza kawai
633,0,Not Hate,Naij rappers in their feelings this week
635,1,Neutral,"They said naija emergency number is Egbami aradugboooooo... LMAO.. Naija people, chai"
636,0,Not Hate,Iwo boboyi sha
637,2,Hate,"Do you know that local council elections were held in Oyo state yesterday even at the backyard of your liberator council election hold. Who are those who came out to vote? Are they fulani, hausa, itsekiri etc? It's shows that only fools and empty barrel like you and Igboho that.."
639,2,Hate,: Support . The killings from fulani terrorists government supported by british has increased to 5000 Daily.…
640,0,Not Hate,": After 2015 elections, they were mocking us that ndi Igbo put all their eggs in one basket. You people that have countless b…"
642,1,Neutral,It's so shameful that this same Tinubu that sold APC to SW 2015 is not even remorseful inspite of backwardness and destructions that PMB brought on the masses. I'm sure many Nigerians will vote based on genuine reasoning and not sentiment.
644,0,Not Hate,"Guess whose happiness knows no bounds when there is flurry of attacks from Book Haram, bandits, alleged Fulani herders, kidnappers, Shiites and sundry foreign mercenaries. Omokri, FFK and a multitude of their followers are more than elated"
645,2,Hate,😂💔 I hate fake bitches LINK
648,0,Not Hate,cc le_tumzz Ma niggi!!!!! LINK
651,1,Neutral,"Idiot your family will die of hunger. People agreed to stay home at the expense of their daily income, you're here typing rubbish because you have money to stay home for two weeks. You're not even considerate at all. Fool."
652,0,Not Hate,Yes 😎
653,2,Hate,Yuh are stupid yuh Yoruba's think yah turn will not come Fulani subjects
654,1,Neutral,That's the pathological liar CeeC LINK
656,1,Neutral,Why not handcuff &amp; legchain this idiot ?
657,0,Not Hate,He should give her space Biko. I don’t get it 🤷🏼♀️
658,2,Hate,At least he has a senseless platform like sahara reporter to propagate hate. The same Fulani were blind when she was undergoing training. Awon oponu.
660,1,Neutral,"Onyem ndewo. Thank God the new generation of Igbos can not be cowed nor manipulated, not any more. At least, we now know that most of the likes of the Igboke in APC Lagos stick with their allies 'maka ife afo g'eri', hypocrites. Daalu soö..."
661,2,Hate,"Chai!!! I wish he went to BBM sha, Nigerians are hypocrites and soo judgemental"
662,2,Hate,Arewa boys can mumu
663,0,Not Hate,Please Don't Start To Done it here🤣🤣🤣 Meuveee Lori iro||Okocha|Amaechi|Seun|Fulani|||Channel TV||Apple|Lagos| LINK
664,0,Not Hate,: NSCIA on COVID-19 and Muslims in Nigeria. LINK
665,0,Not Hate,Men r not bad pple intentionally but young males programmed wrongly by questionable societal ideologies of manhood
667,0,Not Hate,Shugaba Buhari ya gargadi sojoji da kada su raga wa duk wasu 'yan ta'adda tun daga barayin shanu zuwa 'yan fashi. Allah Ya ba mu nasara.
668,1,Neutral,What do you expect from people that think with their Anus!!!!
671,2,Hate,"Look, the northern elites are the ones using terrorists as a means of survival and it kept becoming more glaring day by day."
673,0,Not Hate,Let me just tell you people that knowing Jesus is a major flex
674,2,Hate,"also kept quite about the roles of Seriki Fulani. Fulanis are claiming to own all lands in Nigeria and at same time want to buy lands from Yoruba...it's completely against common sense. ""Yoruba-Fulani"" like Hausa-Fulani....Imagine that arrogance."
675,1,Neutral,Igbos are looting Fulani cows in a disguise. Hunger is bastard and karma is a bitch.
677,0,Not Hate,"We are just a phone call away from you. Shopp'a'olic, your personal shopper. LINK"
679,1,Neutral,You’re not sorry anything. This is why I like buharist lol at least those idiots are shameless and will never apologize for anything. They own their stupidity with pride LINK
682,1,Neutral,"Even an illiterate will know this is just one stupid and dumb, shit to frame Biafra"
683,2,Hate,i think ladies are beautiful creatures with ugly minds
684,0,Not Hate,Kim K displays 7 months pregnant belly on display in nude dress.(photos) LINK
685,1,Neutral,"HYPOCRITES! You did not protest when Herdsmen were slaughtering innocent people but when one them get killed, you protest."
688,0,Not Hate,The little effort we made towards this goal the tyrant refused to sign into law. Nothing happened. LINK
689,0,Not Hate,Shout-out to all my black bbw queens. Y'all are definitely making heaven
691,1,Neutral,"You’re a northern, The system does favors you. I bet your life depend on your income! Nigeria is a jungle, ruled by animals. Dog food!!"
692,1,Neutral,"Fool, y re u spitting u pregnant goat?"
694,0,Not Hate,: They'll want to divide us Don't fall for it. I'm Nyamiri.(Igbo people) You're Aboki (Hausa people) We al…
696,1,Neutral,Why didn't you speak up when Buhari appointment all Muslim fulani to near all positions in Nigeria Ewu! LINK
698,0,Not Hate,: There’s is uniqueness in our own primitive designs (Hausa traditional architecture)which is gradually being abandoned a…
699,1,Neutral,A mad woman 😂
700,1,Neutral,Mumu. What should PDP do. You just dropped a reckless comment without providing solution
701,2,Hate,"Two virgin cows, Five lesbian pig and three bald housefly They will be really glad...."
702,0,Not Hate,Dede speak for yourself
703,2,Hate,"Asin, very very ! "": You're just dumb "": 82% of girls still awake by this time are Hoes."""""
704,2,Hate,"calabar girls are good on bed, Igbo girls are money lovers, Yoruba girls are dirty, Hausa girls are dullards"
705,1,Neutral,"If he wanted that so much fun, why didn't he just go do with some desperate matured chics out there... LINK"
706,0,Not Hate,Oh Allah pick us up when we fall put the piece back together when we are broken and protect us always Ameeenn # # LINK
708,0,Not Hate,hi gabon ya kike
709,1,Neutral,lemme see what stupid and annoying answers this old man wants to give
710,0,Not Hate,Arewa wuraola 🤞
711,1,Neutral,"all Igbo guys do is spend money.. They are so unromantic..... Guess all this girl's on this tl are the money freak type..... But Igbo girls are beautiful and wonderful, very nice to get married to... But their guys should step up their romance"
713,0,Not Hate,maryam ya kike?
714,0,Not Hate,Martinez
715,1,Neutral,Hiding behind ur primitive tongue. Fukkin tribalist simpin ass nigga
716,0,Not Hate,It's a very valid question??
717,2,Hate,You are a stupid northerner that’s what you are. LINK
718,2,Hate,😂 Nigerians are crazy I swear Most especially the celebrities LINK
719,1,Neutral,"I recall when my dad refused to run a red light, the amount of insults he received from the drivers showed just how much Nigerians love being the oppressors"
720,2,Hate,"Keep quiet if you don't know the history this useless country. Who said the coup was targeted at who? Hausas, Yorubas, Tivs, and Igbos all participated in the coup equally, it was a collective agreement of young military officers to redeem the country. Check their names. Ewu."
721,2,Hate,Info about what exactly? What u knew all along. Fulani agenda championed by some leaders
722,1,Neutral,": Ure Igbo and u voted Buhari, GOOD! But u must be stupid if u think Buhari will vote an Igboman if ur places wr reversed."
723,0,Not Hate,": BREAKING: Fulani, Atyap, Hausa Communities Agree To Embrace Peace In Southern Kaduna | Sahara Reporters LINK"
724,0,Not Hate,den there must be pub hols everyday
727,0,Not Hate,Laycon that said he will lay erica because she’s drunk.. pure defamation
728,2,Hate,That’s how I was reading this Islamic book on marriage shit Yh I was feeling the author till the author said “we women are selfish why can’t we let men marry more than one wife beside there a lot of women than men in world “ I’m like bitch bye😩😭 I cantttttttttttt
729,0,Not Hate,Notorious Phone Thief Stabs Woman To Death In Abuja » More Naija LINK A 20-year-old phone thief identified as Danladi Abubakar has been arrested for stabbing a yet-to-be-identified woman after snatching her phone at Kasuwa-Dere in the Gwagwalada area of the …
731,1,Neutral,Are you people no longer Nigerians? What shut your loud mouths from speaking at this critical time under the most notorious regime since the return to democracy in Nigeria. LINK
734,2,Hate,"If not for cheap sapele water, your father wouldn't have gotten so high to meet your naked mad mother inside gutter to have a one night stand on that unfortunate night you are formed. Woe to that night, woe to the moron you call father, woe to your shameless hoelosho mum."
735,0,Not Hate,Helo bro
736,0,Not Hate,: Nothing I love more than a woman that can shapeshift. Going from a beautiful bum to a regal queen in a split second.
738,0,Not Hate,": The Igbos, Hausa and Yoruba can coexist in the same Nigeria. No Tribal slander shall be tolerated from Adamu Garba, Nnamdi…"
739,2,Hate,"Buhari and his Fulani kinsmen are making sure that Fulani's agenda is fulfilled and achieved before his tenure ends.The terrorist Fulanis headsmen want to take over Nigeria and Islamize it.But they won't succeed,non of these people will be alive to achieve it."
740,1,Neutral,"Lmao"": Juz like u ar d most Useless BASTARD av ever met on Twitter. Fuckin THUG of a Woman. SMH! A woman supporting CHELS"
741,0,Not Hate,", Somalia is a tragedy to Africa! A people so embroil in Arab culture of violence!"
742,0,Not Hate,اللهم جددلإيمانا في غلو بينا
744,1,Neutral,"Those niggas that won't leave your room when a girl comes visiting are more wicked than that boko haram"""
745,0,Not Hate,No peace for the wicked
747,0,Not Hate,"""The Cockroach that twerks in the presence of a lizard will end up as his dinner."" Igbo Proverb Read more"
748,2,Hate,While arguing with u I've been trading crypto but you've been here the whole day talking about ur gay ass and how your mother wants to become a trans Can you kindly send me your moms picture I want to see what kind of animal give birth to this kind of Primitive Bamboo (you)
749,0,Not Hate,"We Eat All This Things From The Northerners &amp; Be Healthy. They Never Kill. Boko-Haram, Bandits, kidnappers, Armed Robbers Are All Actions from the wicked ones Worldwide! They kill in the North, you call it Fulani Herdsmen. When they kill in the East, you call Them bandits unknown"
750,0,Not Hate,"Light, data, consistency"
753,1,Neutral,""": Girls be like....I love my boyfriend with all my heart. Smh Pathetic LINK on an animal can do dis"
755,1,Neutral,Those so-called unfollowers of me..keep feeling smart o!...I will unfolow ur fada!
756,2,Hate,Where was such powers that he could not use it to declare the rampaging murderous Herdsmen as a terrorist group? 🙄 LINK
757,2,Hate,Americans and Europeans are the worst abusers of women ever but very hypocritical
758,0,Not Hate,: Nigeria will never grow with liars like Buhari as presidents. Qualified people are found mainly among his Fulani/Hausa Moslems…
760,1,Neutral,alaye e can never be well for you and your next 100 generations to come ode oshi
761,0,Not Hate,😂
763,0,Not Hate,Lol. I wish i could explain it to the curious ones but no be my mouth them go hear say goat born elephant 🤐
764,0,Not Hate,The curfew part... So me 😑
765,2,Hate,"Northern Govs careless about the negative effects of Sharia law on the southerners living in the North be4 they enforced it on them, Now they want the Southern Govs to consult them be4 banning open grazing of cattle! What a show of egoistic &amp; ineptitude!"
767,0,Not Hate,See naija brain. LINK
769,0,Not Hate,Which is more important the food or the meat? Some people prefer meat to food. What do you think about this dp?... LINK
770,0,Not Hate,Do your bit guys! LINK
771,1,Neutral,"If you can't accommodate, you are weak, selfish and hopeless..."
772,2,Hate,My own very Country Nigeria which I'm not ashamed of is in this state because of the Northern Nigerians who 90% of 'em are Muslims.....you Muslims are devil incarnates
773,0,Not Hate,You believe anything you see on twitter.
774,0,Not Hate,hmmmmmmmmmm sexy hot smooth bears lik wowowoowowwoo ready to be feel
775,0,Not Hate,Kanye west -black skinhead &gt;&gt;
776,0,Not Hate,"True. Hey guys, it's been a while Show me some love , I have got your stuff. LINK"
777,1,Neutral,This communication part is mad oooo 🤣🤣🤣🤣 speaking gibberish lol
779,0,Not Hate,"Football "": Drunkards are mostly _____ fans."""
780,1,Neutral,"Those RUBBER Stamp Illiterates national assembly are all dining with him in the dark and will never tried that. Already the president has pockets the Illiterates Hypocrites national assembly including the Illiterates uninformed judiciary, so expects nothing from those Teddy Bears"
781,2,Hate,they want to wipe out that tribe and take over their land. Fulani occupation for u. Smh
783,0,Not Hate,Like so your hater dey listen to you rn 😂😂wahala for who no like Wizkid
785,1,Neutral,All this fake ass Nigerian musician should learn to be more real.just like in the 80's#
787,0,Not Hate,": We must all join hands to make our beloved Igbo nation better , that the government at all levels has abandoned us doesn…"
788,2,Hate,"am sure u re still in bed, lazy hausa girl"
789,2,Hate,"You cannot separate the Igbos from the yorubas, it's just the glutton riff raffs turned politicians who are trying to devalue the two most influential ethnic groups to please the illiterate fulanis, and it wont happen"
790,1,Neutral,LINK
791,1,Neutral,😂😂😂 I found that stupid
792,1,Neutral,"You are very stupid for saying this rubbish, at least the Northerners have conscience to sell, you have none, can't people make their own choice without you casting aspersions on them or must their choice agree with yours ? Oponu akin dani dani, alai ni lakaye. obo lagido."
794,1,Neutral,"U sound like stupid, in Islam everything has to start from right."
795,0,Not Hate,Come off it....... You know say e no get voice but you tryna hide it😂😂
796,0,Not Hate,Hahahahaha!Haba I'm not dat aggressive nah! : you u'll just beat d woman one day and send her away. Loll
798,0,Not Hate,U mean Sowore the formal SUG President?🤒
799,2,Hate,A hoe will sleep with a nigga with money jus cuz she not woman enough to get her own shit
800,0,Not Hate,God bless you
803,1,Neutral,It’s always Lagos babes😂. There are normal girls in Lagos!!! Stupid girls are not restricted to Lagos!!!
805,0,Not Hate,"Hali kowa da irin nasa."""
806,2,Hate,"That's black man mentality,,,, everything to them is a scam,,,,if you can't help, why don't you ignore the tweet...."
807,0,Not Hate,": Dambazau says hobbies include listening to ""Soft English Music and Traditional Hausa Music"" 😎 None of that pangolo jukpa…"
808,0,Not Hate,: Erica with her Star Girl Keke 😂 and stock certificate Host in the cut LINK
809,1,Neutral,Thomas doesn't negotiate 😅 niqqa must kill you after business is done
810,2,Hate,funny hoe!
811,2,Hate,The northern pedophiles are always looking for every opportunity to justify their evil.. Sick fellows
813,2,Hate,I never knew we had some stupid and senseless Yoruba's that can be brainwashed with Oduduwa nation. Soon my people there will be war when money starts coming in among these fools. All the noise making is for their own interests. What was their contributions to our people b4 now?
815,0,Not Hate,: 9 GAMES 9.84 Oodd Bet code 👉zfybki9 Register here using the URL 👉 LINK LINK
817,1,Neutral,Who is this fool? Better go back to the hole you crawled out from miserable filth LINK
818,0,Not Hate,: Arewa people are meant to protest the most. Killings and kidnappings on a daily basis but bigotry won't make them strive for…
819,2,Hate,friends that love... hoe cute
820,1,Neutral,Edo Babe Sent Pics Of Her Pu$$y To A Fake Guy Who Promise To Take Her To Italy[Photos] LINK
821,2,Hate,"Suicide bomber in mosques, it's religion always corrupting and then sacrificing humanity for just advantage, Muslims, Christians, Buddhist, traditionalist..etc . It's religion always ensuring humanity stays divided! Religion is Full of shit, so humans keep it corrupted! PAY-BACK"
822,0,Not Hate,So what changed the pronouciation from Yariba to Yoruba ?
823,2,Hate,"It is the easterners that will loss the most in all this and even you saying we're divided more because you candidate lost. Take this to the bank the IGBO will NEVER rule over a country called Nigeria keep the name calling going, Yoruba's are slave, Northerner's Ewu"
825,1,Neutral,I agree naked men are ugly. Pls cover that dangling thing already
827,2,Hate,Na Hausa you be I can't blame you Come to southern you will see what's happening Mumu man You go be the next person that sars go kill even your family
828,1,Neutral,": Yoruba were tearing pants all over the place when one Igbo man called them ""Sophisticated Morons"" I regret ever joining…"
829,2,Hate,The Baboons &amp; Monkeys..Sorry we Biafrans are Christians &amp; we have nothing in common with this Evil Jihadist Islamic Nigeria who know nothing but 2 KILL KILL KILL..Blood Suckers. LINK
830,0,Not Hate,blaze...dis is nyc..derele ma Krazy Nigga wassup?
831,0,Not Hate,The first two photos are those who protested and asked the government to build roads and provide Tue basic social amenities for the Eastern Nigeria... NOTE::they never took up arms. Those other ones were those who… LINK
832,2,Hate,Some yoruba guys will swear with their lives that they were attacking apc members..bloody liars
833,2,Hate,Can you go back to your before self I beg you.... I don't understand this love you people have with being slim that is fu*king Western african woman is meant to be chubby.
835,2,Hate,These ones are just disgracing themselves on the TL Women are crackheads 😂
836,0,Not Hate,Taking the piss surely? Otherwise the most braindead tw*t in the whole world LINK
837,1,Neutral,"You dumb fuck, u played ur self."
838,0,Not Hate,"Be careful with your words, igbos didn’t do shit. The first coup was carried out by different set of people from different ethnic groups, the three coups following that were carried out by the Hausa/Fulani."
841,0,Not Hate,"🔈I'm happy for Arsenal sha, awon hoeniranu jati jati, rada rada,dem win today.."
842,0,Not Hate,"wllh anata yi, da alama dai yau a free kike"
843,0,Not Hate,God!!!! If this girl should give me green light I’m deleting all my female contacts 😭😭😂😂😂😂
844,2,Hate,"The south,east and west are useless,one reason why,we have traitors every where , self centered maggots...I dy wait wen Fulani go attack us for our sleep at night... Dose of una big names wen dem bribe,nai dem go first kill..."
847,0,Not Hate,": To build a successful career in Public Relations, it is important that you are tech savvy. https:/…"
848,2,Hate,"The bastards, retards that burnt cars in Apo Mechanic today in Abuja cant afford to buy one o, those illiterates fulani boys."
849,1,Neutral,He still referred to the woman as a beautiful black woman 🙄🙄please is that pussy jarumatised
850,2,Hate,"An average Igbo Infidel is criminally minded, little wonder why they're been slain and burnt to ashes outside the shores of Nigeria."
851,0,Not Hate,"""Suspected fulani herdsmen"". Wrong profiling has been one of the major reasons behind lingering insecurity. You people just accuse Fulanis when may be, the culprits are within your vicinity shouting herdsmen along with you."
852,0,Not Hate,Turnt.......🤩😍 LINK
855,2,Hate,"""Two Gay Boys Caught Having Sex In School Hostel Watch Video Here LINK so disgusting"
856,2,Hate,Soo addicted to sexy bitches!! By lookin alone makes my D**K cum alive!!!
857,0,Not Hate,Bayern out 😂
858,1,Neutral,Useless Governor Nigerians are Ready for the Fight. Gone are those days Southerners Run. This time it's a religious One. So bring in your Dogs and Let the Dogs and The Baboon be Soaked in Blood..Like buhari has said it LINK
859,0,Not Hate,You may need to take some personal space from even a good rela... More for Scorpio LINK
860,0,Not Hate,": Tomorrow, the country of will start stoning gay people to death. We need to do something now. Please boycott thes…"
861,2,Hate,. Follow back . Hoe
862,1,Neutral,"Mtchew.. didirin.. Hausa, Yoruba, Igbo, everybody knows what’s good for them.. Mak up kit or not, u people r d once always wailing like slaves in their own country, u people r d once always playing d victim card, na ona full Lagos n Kano, always crying, u ppl"
863,2,Hate,"😂😂😂😂😂😂😂😂 : Yoruba men lie. Tailors are liars. Yoruba tailors, Forget it, You will never see your cloth again."""
864,1,Neutral,U sound like a pig not human
865,2,Hate,Photos: Islamic State turning its fighters into ZOMBIES who don’t fear death: – The Islamic State terror grou... LINK
866,0,Not Hate,Keep retweeting and tagging the biased minded
868,0,Not Hate,": ""Mallam Saidu Magaji a Muslim who saved the life of a pregnant Christian woman in Bauchi Road Jos.He was stabbed on the head i…"
870,0,Not Hate,"Now all Igbo Biafrans are under military siege, military checkpoints at every bus stop,extorting, abusing our people."
871,2,Hate,"That will be a complete genocide. Bcos the military, dominated by Fulani's will commit mass murder against the ppl of the south. Nigeria need referendum to separate the north from the south. There's nothing like one Nigeria. It's a hoax told by Gowon and his likes?"
872,2,Hate,It is all about religion. The Northerners are extremists and religious bigots. They want to kill everyone who is not in their religion. Shameless people and shameless religion.
873,1,Neutral,"Talmabout you should correct him and not insult him , please shut tf up !!!! Women and Men are all over speaking against rape one idiot is making skits that promotes rape but we should take it with levity , you’re not even sensible ."
874,2,Hate,"When terrorizing is been sponsored by some Islamic militants, what do you expect people to think n there is this perception that Islamic people's are not tolerant. In Nigeria there is Boko haram, so for me there is nothing like ISlamophobia"
875,0,Not Hate,Masu Yaki Da Muggan Laifuka LINK
877,2,Hate,: Do you hate us that much to abandon us with Hausa/Fulani tribe? Self-governance for Biafra. http:…
878,2,Hate,Pure liar. We kn the northern agenda to islamizie.the real cos is greedy and perversions
879,1,Neutral,"You are not wise Mr. Obinna. Please conceal your ignorance sir, but ending this tweet trend. Gush!!!!!!!."
880,0,Not Hate,": Davido performed Assurance at the Jimmy Kimmel show, to remind y’all again that Chioma is still No1 and that Yoruba men…"
881,2,Hate,"Southern. E-diots. Even the North ain't naming anything after Buhari because they know he is a failure. They only support him because they want power to remain with them. But downtown, we are embalming him. If Rochas Okorowusa were still Gov, he would have built his statue. LINK"
882,1,Neutral,Crazy Rich Asians 💯
884,1,Neutral,Imagine someone that made an Lgbtq advocative film was threatened;!! And you people say no one gives a shit Werey Dey Disguise
885,2,Hate,"Indeed, the celebration of the gift of the Holy Spirit turned to grave blood shedding by heartless n senseless Fulani terrorist who are out to cause deep hatred but they miss out."
887,1,Neutral,Lag chicks make me wan marry any girl from warri and its environs.. girls are saints compare to the ones in lag..SHIT
888,0,Not Hate,: Lampard reports that Ben Chilwell is in the squad tomorrow. Hakim Ziyech and Christian Pulisic are getting closer to fitness…
890,1,Neutral,"You are actually a mad person. You and the stupid life you’ve started since God knows when. You deserve more than just curses; you deserve hot slaps, if you don’t understand that any and everybody can call out an incompetent public office holder. Aunty ode! 🤡 LINK"
891,1,Neutral,See this idiot in the making
892,1,Neutral,This man wants to produce furniture without wood... Fix power First and everything else would come to play... Even the common sense propaganda lacks common sense
894,2,Hate,: Terrorists and Alamajiris. As wicked and lazy as their fathers. LINK
895,1,Neutral,Shameless one percent Geng🗣️ LINK
897,0,Not Hate,"An anti-Islamist Libyan politician, Osama al-Mansouri, has been killed by gunmen in eastern Libyan city of Derna LINK"
899,1,Neutral,"Tasha's is the pepper, even with the presence of the Oyibo, y'all still looking for that ur favorite local dumb olosho, I restan tacha LINK"
900,1,Neutral,u even expose your extra-stupidity and mental barrenness by abusing the President. Loaffer!
901,2,Hate,You pple and this religious mentality what has banking got to do with being Muslim 😏🤔 Nigerians and their gullible mentality they keep dividing themselves all in the name of religion 😒 fucked pple
902,2,Hate,"Wetin consign this mumu fulani janjaweed man, hunger want finish us here he dey go Niger"
903,1,Neutral,The most annoying of all IPOB atrocities is the recent increasement in Trophy beer price... I will never forgive IPOB for this ...
905,0,Not Hate,He b lyk tennage ninja mutant turtles 🐢
906,0,Not Hate,": If you think I am scared of a cockroach, ant, rat or something as a female, that I will runaway whenever I see one, the…"
907,1,Neutral,"Finally as a Christian🤣🤣🤣 let the holy ghost be your comforter in times of heart ache and heart break Cos men! If you don’t have Him it will be tough, most times the heartbreak is totally avoidable Cos he tells u before hand but you no dey hear word u get coconut head!"
908,0,Not Hate,Hausa Fulani ga naku!!! Jamaa maza ta mata kuyi regista a LINK domin hada zumunta da auratayya.
909,1,Neutral,Deranged and brainwashed fellows being used for political gains. Bereft of sense of reasoning. Sold out souls!!! LINK
911,1,Neutral,Who is teaching ladies that enduring a man's bullshit makes them wife material😒. Ur just giving them more reason to continue being irrational cos de know u will over look it.
912,0,Not Hate,": Which tribe has the best Soups in Nigeria? Fr, Ibo soups are lit!! Peep the 5 different types of local Soups You'll…"
913,1,Neutral,"Abeg tell that girl to let us have some rest, we can manage ""cowona"" ourselves. 😁"
914,1,Neutral,May thunder fire you and your senseless mumu favorite ode🤮
915,1,Neutral,You are a very stupid person. Fulani asslicker
916,1,Neutral,"The wisest female becomes a mumu when shes in love."""""""""
917,1,Neutral,"The world is full of fake nd confusion. Loyalty nowadays is just a painted illusion,crazy how u can ve heat with d same nigga u cool with."
918,1,Neutral,No need to sweat on whether you are a liar or not. You are a blatant motherf*ucking lair. See him skeeping like a disc. Fool.
919,2,Hate,"Yorubas are the problem of this country, you can never see hausa man to treat his brother like this coz of a peaceful protest... Animal in uniform, you guys will soon get sense by force"
921,2,Hate,Disintegration of this zoo and impossible country called Nigeria is the best way to go. Fulani herdsmen and northerners feels they're above the law.
923,1,Neutral,": How on earth can Nigeria develop , when we are still talking abt Hausa, Igbo , Yoruba nonsense before we elect our leaders…"
924,0,Not Hate,"Addressing Igbo leaders, he said if anyone votes against Ambode that is your end. If it doesn't happen within 7days call me bastard"
925,0,Not Hate,: Meet The American Billionaire Sponsoring Chibok Girls Education - LINK LINK
927,1,Neutral,Fuck em
928,2,Hate,That's how foolish and gullible they're foolish Yoruba media
930,2,Hate,"A goal from mata bitches , thank you ."
931,0,Not Hate,Happy girl LINK
933,0,Not Hate,Gay's are goddess LINK
934,0,Not Hate,Boozy England fans to be banged up in Soviet-era drunk tanks at World Cup 2018: ENGLAND fans who step out of ... LINK
935,1,Neutral,"Stupidity has class , what class can I give this man called kanu. As a Muslim, we dont cover death ,besides hausa people dont cover death ."
936,2,Hate,"Hahahahah, mumu aboki girl, Bokoharam girl, una dey even kill and rape ur own tribe. Chaiii, so sorry, i knw u wish in ur next world not to be aboki, shine my shoe. Mumu gal,let me remind u dat Rivers,Benue,Enugu,Anambra,Imo,Abia are inclusive in Biafra.... Olodo wey no sabi book"
937,0,Not Hate,you will surely be happy 'ing $Coin in 2022. LINK LINK LINK
939,0,Not Hate,lonely.
940,1,Neutral,You dey craze.
941,2,Hate,"Point being, It was a subtle brag at you lonely ass women out there. And you being one of them is out here defending it. 👍🏾 LINK"
942,2,Hate,": Say wot?"": LOOOL WTF "": 80% of unilag girls are witches """""
943,1,Neutral,Na mumu dey love
944,1,Neutral,Imagine😂😂😂 lazy man
945,0,Not Hate,"MEMORISE: And the Spirit of the LORD will come upon thee, and thou shalt prophesy with them, and shalt be turned into another man. 1 Samuel 10:6"
946,1,Neutral,Well your handle says it all... you’re a bad girl who is always horny. You have a problem dear😞 LINK
947,2,Hate,"Ara mi,oun ibanuje gan ni. These fulanis are savages. The don't deserve any courtesy,they are barbarous in ways &amp; brains."
948,0,Not Hate,Herdsmen Should Embrace Ranching ― Adamu Garba LINK Fulani | Suarez | | Miyetti Allah | Ole Gunnar Solskjaer | Buhari | | | Kiddwaya
949,1,Neutral,: and . D vampire Moron-mmadu Buhari is a blood sucker . He is a vampire dat suck blood of inn…
950,0,Not Hate,Sexy and drugs so so bad combo
952,1,Neutral,": Men, Your woman wants to feel your fearlessness and commanding demeanor. She may show resistance but that is a shit test. Sh…"
954,1,Neutral,Big lie you people teach people wrong doctrine
956,1,Neutral,"I would have called you a fool but my Christianity would allow me, so I will say God bless your idiotic mind. 🙏"
957,0,Not Hate,If we are being 100.. Ray J did ll the work.
958,0,Not Hate,Good mawning Jesus!
959,0,Not Hate,I woke to the news of Chelsea loss. Great so happy.
960,2,Hate,White people disgusting AF🤮🤢
961,0,Not Hate,Miserable Opening Games Put Dampener on Italian Clubs LINK
962,2,Hate,Keep a bad bitch naked like my waist with no gUn
963,2,Hate,Such ideas have always been there but were tactically managed. A special breed of Hausa Fulani came on board &amp; became d highest bigots ever
965,0,Not Hate,perspectives
966,1,Neutral,": All those people who used the phrase ""Easter worshippers"" instead of christians, are pathetic scums of the earth."
968,0,Not Hate,still unrealistic
969,0,Not Hate,Yinmu 😏 not just Yoruba. Is cmon among some of this ebinas girls them wey for full for street nowadays 🤦🏾♀
970,0,Not Hate,": Retweet for awareness, O you Muslim. 💔😭"
971,2,Hate,Trust me when I say . Some yorubas are more useless than the Almajiri. So useless! That was how they were useless all throughout before the war. Thinking they won't be affected. It is better I live in a room with an hausa person than them.
972,1,Neutral,"Who said I should pray for my leaders? U r a fucking liar, whoever does good gets good whoever does evil gets evil simple."
973,2,Hate,"I've never seen such a huge gang of useless leaders like this one. From the useless dummy with his Fulani Terrorist Imperial agenda, to greedy Southern slaves begging his foreign kinsmen to build them railway &amp; doing Bullion van democracy"
974,2,Hate,Has Nigeria become a cownation or we just tolerate the nonsense because we don't want to offend voters? Train cannot move beyond 100kmperhour because of aba!
975,2,Hate,Same way Southerners became deaf and dumb during the Jonathan era...
976,1,Neutral,: Garba Shehu is indeed a shameless old man.
978,1,Neutral,Kounde bitch😂
979,1,Neutral,What? U dont do girls? : its even a girl......idiot!!!
980,2,Hate,"How come about Sheikh Gumi knows where the Bandits are n the military fooling themselves in Orlu? To me the Governor, Nigeria army, northerners are behind the bandits"
981,2,Hate,I am on this table u shaking... Some girls r just pathetic LINK
982,1,Neutral,"The only Arewa artist that is one in a million, unlike those pigs that claim celebs. LINK"
983,0,Not Hate,These people and hate for Fulani
984,0,Not Hate,Really.
985,1,Neutral,hw neat is ur dem pussy babe?
986,0,Not Hate,"Turbaning ceremony as Sarkin Matasan Hausa,(King of the Youths in Northern Nigeria and all Hausa speaking countries across the globe- LINK LINK"
989,0,Not Hate,JESUS CHRIST LINK
990,1,Neutral,"This is what Agunbiade plan too, they asked him why he kept the palliatative that supposed to share for all Lagosian he said he's planning to share it at his birthday party as if he's going invite all the masses for his birthday party. Wicked Soul"
991,0,Not Hate,King!!!
992,1,Neutral,See as u b like uncooked beans 😭😭😭
993,1,Neutral,"No woman is ugly. Beauty lies in the eyes of the beholder. There used to be a time when women with big fine ass where body shamed. Now, it's trendy. You wey talk say person no fine, you fine?"
994,2,Hate,Re-educate the North. The average Nigerian Northerner doesn’t think like the average Nigerian Southerner. He is less educated. Primitive. Power-oriented. The literacy level in the Northern region is appalling. Choosing an average Northerner to lead has been a bad decision.
996,0,Not Hate,"lol. "": I see u flying in my dreams!"" That's a dark air force 1"
998,0,Not Hate,"""Try to open up the space to hear the truth even if it is depressing and cynical"" -"
999,0,Not Hate,🇳🇬 ￼ 🇨🇩 🇳🇦 🇿🇦 🇨🇲 🇱🇷 🇨🇮 &amp; 🇬🇭 &amp; other African countries suffering 🇿🇼
1000,2,Hate,"I'm with Nigeria will never change, cause of these Narcissistic Southerners especially Igbo people they hate us, they are happy with how this spreading in kano. I think it's time Arewa twitter to unite as One to fight and Vanquish these Animals"
1001,1,Neutral,Foolish question
1002,1,Neutral,niggaz turning hip hop into a side hoe. LINK
1003,0,Not Hate,"Yesterday, I was at Ojota and I saw how some guys calling themselves Omo-adugbo disturbing traders that hardly sleep to make ends meet for money they didn't work for. I was embarrassed that these hoodlums wasted their early age to become nuisance in the community."
1005,1,Neutral,These people made us so hopeless that we believed Nigeria will never be gr8 again The youths are useless Our different tribes can never agree on anything Muslims and Christians can never see eye 2 eye There's no single person wth integrity in this country But look at us
1006,0,Not Hate,: Too many red flags in this story 🚩but we lesbians do usually have coconut head 🥲
1008,1,Neutral,"So in Nigeria, North and South is the only geopolitical zone we have right? Your type is a shame to Islam, you don't even reason with your head, you only want to rant. We have 6 geopolitical zones, there is nothing like North and South."
1010,0,Not Hate,"a bird iz known by itz note,and a man by hiz wordz"
1011,1,Neutral,I don't know who the hell he is... But home training shouldn't make him do that shit call hairstyle. PA Awolowo will not be happy in heaven.
1012,1,Neutral,"When you have many mummy's boys and daddy's girls hovering around. None of them will understand these things. They can't understand what is called ""responsibility"". Spoilt brats. LINK"
1013,0,Not Hate,A good pussy eater and a pipe layer..
1014,0,Not Hate,": Please make this public till the Benue Gov Ortom takes responsibility, some Nigeria Fulani army just kidnapped 3 of our…"
1016,0,Not Hate,gudmrng kay! Yeah Henry ve says it al cox if u look at AFC team they lack leaders
1017,2,Hate,"women be acting like they aren't witches, like they aren't capable of evil. Thank God for our boy Neymar that he got proof to exonerate himself or else these witches would have dragged his name through the mud too. Wicked bitches."
1018,2,Hate,I think the fulanis are now an endangered species. They succeeded in destroying the Hausa destiny as parasite in a host. They have pushed their luck too far and have ran out of luck.
1019,0,Not Hate,": ""Kasancewa ta a gida shi zai zama kariya a gare ni da kuma al'umma baki daya"" Hausa actor shares an important messag…"
1020,1,Neutral,"Useless idiots! You can go to the East and do operation python dance, kidnap innocent Igbo youths from their homes and kill them hit you are here begging Boko Haram. Useless Nigerian Army! Na Python go swallow you evil ones! Bastards! LINK"
1021,1,Neutral,"""2015 POLLS: OBJ, Jonathan scramble for Northern govs"" LINK - Two coconut head!"
1023,1,Neutral,""": I don't have a short temper, I just have a quick reaction to stupidity."""
1025,1,Neutral,"And you look responsible. Sadly, looks can be deceitful."
1026,1,Neutral,You put on nose mask while driving wit full AC.... you can only see dos morons like that in a country called Nigeria... thank God I'm from Biafra Ndi (DOT) iwotago Charlie!!!
1027,1,Neutral,Continue doing the work of your slave master. Moron LINK
1028,1,Neutral,Suddenly most Arewa ladies sympathize with Maryam Sanda after killing a soul. Hypocrisy will kill them all...
1029,2,Hate,So thiese illiterate northern leaders have the power to set up and empower bandits to terrorise and destroy people's businesses all in the name of religion yet south west Government can't up Amotekun to takkle insecurity against blood-aucking Fulani heads men. What a country..
1030,0,Not Hate,"When Fornication (Zina) becomes a habit, Poverty and sadness becomes a life partner."
1031,1,Neutral,Na you mumu pass. You blind join!
1034,2,Hate,"Very correct.wicked self-center, greedy Nigerian LINK"
1035,1,Neutral,"This is the biggest idiot in this Buhari government, and it not surprising that he is a Yoruba man, they have a way of selling their birth right for a porridge of bean"
1036,0,Not Hate,: Some heavy rain over central Scotland at the moment. Tyndrum on the southern edge of Rannoch Moor recorded 7.2mm in the hou…
1037,2,Hate,"In addition to this, the government of the State should pay the compensation of these innocent people and declare the terrorist Group IPOB banned in the state."
1038,0,Not Hate,What Igbo Governors told Nnamdi Kanu will surprise you LINK LINK
1040,2,Hate,"Get out biafraud! We have good igbos , they are our friends ... Schooling , businesses and all other sort of things together"
1041,0,Not Hate,"“: "": aisha buhari donated 30million naira to chibok parents. LINK"
1043,1,Neutral,You are the most useless filth animal have even seen writing like this for calling Prophet of Islam homo. Eranko lasan lasan
1044,2,Hate,Posterity will not forget this current administration for these wanton killings especially the kid glove treatment giving to these killer herdsmen be them Fulani or not.
1045,1,Neutral,Fulani slaves
1046,1,Neutral,"The day you replace Rule of Law with 'Selfish' National Interest, democracy dies a natural death."
1049,1,Neutral,I told you that the only people supporting Tinubu are the agberos and drug addicts 🤣🤣🤣 LINK
1050,1,Neutral,"I hope they didn't beat the Aboki out of their own ignorance,"
1051,0,Not Hate,"""Arna"" is ""Christian"" and ""nyamiri"" is ""Igbo"". Does it still sound ""denigrating""?"
1052,0,Not Hate,😂😂😂🤣 LINK
1054,1,Neutral,Samklef wey na for burial Dem dey invite am to go perform na him big pass Simi......brain is far from you bro
1056,2,Hate,We wouldn’t expect anything less from the northern cows. You people will continue to be backward. Your generation will suffer.
1058,1,Neutral,"😑Blacks hating blacks, shii don’t make no sense"
1061,2,Hate,"Oloriburuku somebody, you shall know dem with their grammar. Northern youth, esp most of the ones on this bird App re non-progressive, they are backward in their reasoning, esp retards nd foolish northern youth like you. Yr opinion only rep ur family's view nd not d entire north."
1062,0,Not Hate,"Everyone has a different clock, wait for your time. LINK"
1063,1,Neutral,"dump fool () if you didnt report then, whats the gain of reporting now?.. all you internet morons lol... thats how i saw a post that a lady reported a guy of a young age , that he sexually her back in 4th grade... bit*ch stop lacking a 3rd perspective of things."
1064,1,Neutral,"Watch dis video! "": Lagos girls can lie shaaa!! LMAO! LINK"
1066,2,Hate,In far away Katsina-Zamfara Border Criminal Fulani (Barayi Hilani) are wrecking havoc. Why now lying to us that Opposition politician are responsible for killings in Plataeau/ Benue. It is a deceptive attempt at changing the narratives and to... LINK
1067,1,Neutral,With no due respect you’re senseless.
1068,2,Hate,": I love women, i just don't love hoes there's a difference."
1069,2,Hate,"No sexual 'bandwidth' and panache for sex in this clime . The Nigerian woman doesn't have a skill set for lovemaking and don't even care to know. Once they see you wrinkle your face like kpomo that's undone , they think you are in Olympus spewing volcanoe. Sexual fascists 😂"
1071,1,Neutral,That's y your Kalu dey up and down there in oversee looking for approval... U are so foolish and stupid sir ooo. U no dey read news... Do u think u can proclaim yourself a biafra? That's how it's easy? Better stop dreaming my brother.
1072,1,Neutral,ode jus dey run ur enu olofo lik u
1075,2,Hate,They should use this energy to prevent Fulani herdsmen in the guise of Okada riders from taking over Lagos.
1076,2,Hate,Should have deleted that text and you wouldn’t have know that I fvcked those hoes
1077,1,Neutral,Fuck relationship twitter 😓😒🥺
1079,1,Neutral,": I’ll choose my girl over my family any day, blood ain’t thicker than that ass"
1081,0,Not Hate,Hausa people say Nyamiri...
1082,1,Neutral,This Governor Akpabio is a terrible man ooo!!! No elections in Akwa Ibom both presidential &amp; yesterday! The man na pure evil warrior!
1083,2,Hate,"I once went for a party &amp; wished Boko Haram struck. Never seen so many ugly girls in one place at the same time"""
1084,2,Hate,"Look at how Fulani Herdsmen are killing Nigerians like chickens all over the country &amp; some idiots are telling us the dullard from Daura deserves 2nd term. Today, it was 2 pastors &amp; 15 church members but his... LINK"
1085,0,Not Hate,": DEAR IGBOS, those who send you to the streets in the name of Biafra live in mansions, and their children are abroad. Be Wise!"
1087,0,Not Hate,"I invite all poets, writes, song writer, rap artist, story teller etc to come see this... A dear you to do a small write up on this. Let's the creativity starts. LINK"
1088,1,Neutral,The beautiful girls dnt like dating the ugly boys but they love marrying the fugly boys.
1089,0,Not Hate,"🇬🇭 We promise you, created magic with his New album set to drop on the 5th of July ❤️ , here is the album art and featuring you asked for!!! LINK"
1091,2,Hate,"Looool "": Bitch?! Rily? : Yoruba ppl don't even dull.... Dis old bitch brpught cooler to pack food sha!!"""
1092,0,Not Hate,"SOS at Odunsi Street in Bariga, that road is a total disaster especially in this raining season. Funny how most new administrations make prevois one's Angels. had awarded the road construction."
1093,1,Neutral,"Most are hypocrites, pretending to be what they are not."
1094,2,Hate,Honestly I don't blame the government I know my PPL when it's time for them to fight back all the cockroach that they call themselves herdsmen will beg for their lives
1095,1,Neutral,Mumu
1096,2,Hate,"Murtala wanted it but after listening to others that has brain (Murtala is dumb) he dropped the idea, if Biafra is limited to Igbo people, then we are better placed than the North cuz they are landlocked and don't really have anything. Al the resources they claim to have na audio"
1097,0,Not Hate,wlh fyn fyn...ya kike
1098,2,Hate,Foolish southern goat
1099,1,Neutral,: Ndi Oshi selling their souls to hausa fulani masters LINK
1100,0,Not Hate,0x2673f34EEd060AfCE2D1ab2538Cab5CE84bB6687
1101,0,Not Hate,Chike ffed up sha... mana ya diba... people all over the world travel at different times... Thanksgiving Sallah New Year Tov Na only eastern people own come be primitive... ya diba sha...
1102,2,Hate,Is better than street beggars.. its stupid to compare... hausa people should learn to take care of their own... most roadside beggars are hausas
1103,0,Not Hate,"LMAO! IBADAN PEEPZ COME AND DEFEND YOURSELF 0000000 1. Ibada people will have an accident, stand up, curse the... LINK"
1104,2,Hate,I don't need a password to unlock dat hoe ........*smh*
1105,0,Not Hate,Quit eating???😂. That beans and mango with zobo...wey you chop yesterday don dey turn your belle bah???😂😂😂
1106,2,Hate,this northerners/fulani men are savages including Buhari himself. It is clear from their answers to questions that they are secretly behind the killings
1107,2,Hate,": Pls Support the Restoration of in peace,Hausa boko haram terrorist re killing us. …"
1111,0,Not Hate,LMAO 😂😂😂😂 LINK
1112,1,Neutral,lol😂😂 breasts wey we dey see steady on normal day why does ur breast need retweet.........o funny😂
1114,0,Not Hate,Who Run d world..(girls)
1115,0,Not Hate,"If we black kip killing black, If we black kip backstabbing black If we black don't want other black in our country If all this kip going on among ourselves, what do we expect 4rm the white? To accept the black in Their country? say no 2"
1116,1,Neutral,Motherfucker is that the only problem you glance. Asshole
1117,1,Neutral,"We know football is not a easy something but, are u guys for real 4-0 down, who dose that. Men u guys are wicked despite all our players we went ahead to play draw, guys is not fear."
1118,1,Neutral,You wey don stupid from the beginning of d starting
1119,2,Hate,Most people would rather go to Valhalla than Christian heaven. Igbo and Shayo with Odin and co with them Amazonian hoes available. Tell me that doesn’t sound better than Hallelujah everyday.
1121,1,Neutral,I guess diz includes spirit husbands &amp; wives? Why will d people be happy wen ur mumu broda uses their pensions &amp; salaries 2 mould statues? Ndi' Ara 😡😡😡
1122,2,Hate,WE PREFER DULL AND WEAK LEADERSHIP JARE. GO AND SLEEP. SAI BUHARI. AFRICANS ARE NATURALLY IN LOVE WITH FAILURE. DON'T TRY TO CHANGE US
1126,1,Neutral,"''Monkeys and Baboons, Muslims vote Muslim Christian's vote Christian'' by Buhari"
1127,2,Hate,Come see Hausas eat dat shit like its shawama Dats shit is disgusting aswear
1128,1,Neutral,Our ppl perish bcos of lack of understandin.
1129,0,Not Hate,Lmao.. Chelsea fans like wahala
1130,1,Neutral,",yess I dey 4rk ur gurlfwend ni.olodo."
1132,2,Hate,"The Special Assistant to President Muhammadu Buhari on social media, Lauretta Onochie has again accused the Christian Association of Nigeria (CAN) of being a ‘blood-sucking parasite’ in its... LINK"
1133,2,Hate,"Mr President, please stop chasing shadows, what Nigeria urgently needs now is Executive order for the Killer Fulani Herdsmen!"
1136,2,Hate,anyone who has a well known history of bein a hoe
1137,2,Hate,"See dirty Fulani and Hausa thugs,I think the military and the police will say it's also photoshop.Set of irresponsible dead cow brain."
1140,2,Hate,"Northerners depend so much on govt patronage, that is why they always want to rule. Lazy people."
1141,1,Neutral,When myetti allah threaten that they must be given cattle colony or Nigeria will know no peace where was DSS &amp; other buhari's attack dogs? Is it bc Sowore is not a fulani? WE MUST CONDEMN THIS PRIMITIVE GOVT'S DOUBLE STANDRDS &amp; HYPOCRISY - ITS VERY DISGUSTING
1144,0,Not Hate,: Soldiers are going from hostel to hostel in Owerri carrying Igbo students who have exams to write. Not police. Soldiers. Man…
1146,0,Not Hate,Node Js
1147,1,Neutral,Jealousy is for women bt some guys re bitch niggas!
1149,1,Neutral,You will think they really like eachother murdafuckers. All na for their selfish interest. LINK
1150,0,Not Hate,What are you trying to tell me now?🤔 Divorced thier wives Rule nigeria twice on different occasions.🤔🤔🤔🤔
1151,0,Not Hate,Potential in Green Revolution: Evolution of Compressed Natural Gas LINK
1152,0,Not Hate,Get it right madam... He's a vice President not a PRESIDENT
1153,1,Neutral,She wanna smoke weed get drunk like drunk in lust. Sh!t
1154,0,Not Hate,Announcement PSN-YPG Excos will be paying the PSN President Pharm. Sam Ohuabunwa a courtesy visit next Thursday 15/11/18 by 10am. All young Pharmacists are to send in further inputs on what we should table before him at the meeting. Obidiegwu Onyeka C (Kasin) PSN-YPG PRO
1155,0,Not Hate,Gay pastor???!!!
1156,0,Not Hate,Sad reality.God help my Country Nigeria.
1158,2,Hate,"If you want women, get your own ""Everything"" car, job, crib, food, all these things bitches are looking for."
1159,1,Neutral,"The world CHRISTIAN population is not upto 3billion, liar!"
1161,2,Hate,The western world are the most corrupt and wicked people ! All they do is cause confusion and conflicts everywhere there is natural resources in Africa and they continue their looting. Until Africa come together as unit if not nothing can be done to stop them
1163,0,Not Hate,Ubangiji ya taimaki Sarki. Ina gidiya sosai ranka ya dade
1164,2,Hate,"From the response I am seeing from some people, it is very obvious that they will spend the rest of their life shouting ""I claim it in Jesus name"" keep waiting for miracle money,lazy Nigerian youth"
1166,0,Not Hate,Can't wait for another hit can't be those two ✌ ijo labalaba ND overdose 💅
1167,2,Hate,S/O to those mothers that became witches.....to make their kids successful
1168,1,Neutral,"Exactly. When dem no carry gun. Wallai, as them plenty reach main I go beat d hell out of that their coconut heads."
1169,2,Hate,When I was a player flirting with hoes I felt like being in a relationship was just messed up and phucking boring. Now I'm with the right person and in the right relationship. I realise I was a phuckboy with the wrong girls.
1170,0,Not Hate,I still know how to get it
1171,1,Neutral,": Kenyans; Muslims and Christians came together during . In Nigeria, religious morons will trade jabs yet they'll want…"
1172,1,Neutral,You are such a disgrace to AREWA..
1173,2,Hate,I can say. na DO..all these yoruba politicians na Israel...the northern bcos of DO loyalty. Make DO no step down but up .....
1175,0,Not Hate,"As i short laidis, the next thing na to use my head do table LINK"
1176,2,Hate,"Saudi arabia, Uae no be like this now, Poverty and illiteracy is the problem of the north. These guys have been brainwashed."
1178,1,Neutral,So the idiotic elete maalu is from Ekiti? He should have gone there to be the gov candidate of labourer party.
1179,1,Neutral,he is a lazy ass
1181,2,Hate,"Herdsmen and fulanis go about with knife 🗡 and daggers 🔪 No one is stopping them Now, they carry dogs, guns and go ahead to kidnap, rape and kill our people Check Benin Akure Road, Benin Abuja Road and every where across the south. , Wetin we do?"
1184,2,Hate,Bags!!! Mehn!!!...fucking easterners ☹ Begone!!!
1185,2,Hate,". You may not have political power or military might to defeat the Fulani herdsmen but the money in your pocket can be used to fight them. Boycott cow meat; instead; buy chicken, turkey, eggs, fish, goat &amp; even pig meat. Let's fight back with our purchase power."
1187,1,Neutral,All gurls just wanna eat the guys off.....
1188,0,Not Hate,"Friends, turned sisters is fucking your man 😂😂😂 aunty focus ohh"
1189,1,Neutral,Experienced people has brought us to where we are today.... Even in the presence of buhari I think he will know he is a failure with this statement
1190,0,Not Hate,: TWO HERDSMEN ARRESTED FOR ROBBERY AND RAPE IN OGUN STATE. Two herdsmen; Abu Adamu and Muhammadu Aliyu have been arres…
1191,0,Not Hate,"I luv how yorubas hawk dere goods,dey always give directions on how to use it eg....ERA ATA E SEBE, ERA BREAD E PO TEA O,ERA EPA EPANU...etc"
1192,2,Hate,I think the biggest scam of the century is christianity. E worse pass yahoo yahoo.
1193,1,Neutral,"7 semi finals, and you only have 1 champions league trophy.. Bunch of loosers🖕🖕🖕"
1196,0,Not Hate,": Situation report from Oyo State where complete market with shops owned by Hausa community, burnt down. Just think of thi…"
1197,1,Neutral,If this isnt sarcasm then you are mad.
1198,0,Not Hate,I've seen scripture used to defend exterminating Muslims &amp; torturing infants in hell. The is dangerous to a heart without love.
1200,1,Neutral,: Please help Christians and BIAFRA. to stop Christian genocides in Zooniger-area. Ibrahim Magu is a dog…
1201,1,Neutral,Hoodlum has tweeted 🧔🧔
1202,1,Neutral,Fuck off. It's evil
1203,2,Hate,Well said Prof. The Yoruba vultures won't talk now.
1204,2,Hate,"Women are like banks,guys,I must tell u breaking & entering is a serious bussiness."
1205,2,Hate,"I think it's high time Nigeria should divide,the northerners should stay on their own abeg, Their brain is always upside down, spewing rubbish everytime...cows"
1206,0,Not Hate,: So often people tend to easily slut shame women and I’m glad today’s episode showed that it cannot be overly emphasized th…
1207,2,Hate,"To think it's these Islamists that the terrorist sympathiser, Pantami, was painting in a good light, annoys me even more. It's like the evidence be damned in their pursuit of a state run on a primitive and backward jurisprudence conjured up by men in varying states of delusion."
1208,0,Not Hate,: BREAKING: FACEBOOK CEO MARK ZUCKERBERG SHUTS DOWN RADIO BIAFRA LONDON FACEBOOK GROUP AND ACCOUNTS BELONGING TO IPOB… https:/…
1209,0,Not Hate,But he has told us not to insult anybody many times na it's not his fault we just love him some of us are fanatics don't put it on him plz I beg you...
1210,1,Neutral,Empty head
1212,0,Not Hate,Antelope - Igala/Agbonrin Grass cutter- Oya Bush rat - okete Monkey- Obo Hedgehog - Akika/Aaka Bush fowl - Aparo Buffalo- Efon Porcupine- Lord Baboon - Inoki Boar - elede igbo 08068520851(mtn)
1214,0,Not Hate,Huh.
1215,1,Neutral,It doesn't bother me anymore. They are snowflakes
1217,0,Not Hate,av added u tits ur turn NW to accept me
1218,1,Neutral,Learn how to construct a good sentence before any hausa man. Coconut head LINK
1220,1,Neutral,you deserve to be loan out of chelsea and or even chelsea fc need to sold u out to league club like bolton wandere. Idiot
1221,0,Not Hate,: YCE knocks groups calling for Yoruba referendum on June 12 - Punch Newspapers LINK
1222,0,Not Hate,And another southerner is sacked/replaced by a southerner from Kaltugo of the North as AMCON chair. All all another coincidence
1223,2,Hate,Leggings ain't for everybody. Especially you hippo looking hoes.
1224,2,Hate,Yoruba demon 🙌 LINK LINK
1225,2,Hate,These niggaz rap funny and dress gay......
1226,0,Not Hate,"Fulani Herdsmen are killing people like pigs in my mum's village, so wtf are you saying?"
1229,1,Neutral,Only functionally educated citizens would free us from the shackles of bondage and oppression by rascals.
1231,0,Not Hate,": don't be a sectional leader, don't favour us, treat us equal with our fellow southern christians and …"
1233,1,Neutral,Dirty girls be shouting word. No go shave your bush na till snake grow for there
1234,1,Neutral,I get to know how useless they are the night they give them 1.08 an I stake 10k to win against Venezuela 🇻🇪 an they could only manage a draw
1235,2,Hate,Women are crazy cuz men are stupid ..... G.C
1237,2,Hate,You're equally a terrorist from SE.
1238,0,Not Hate,Nice dick
1239,0,Not Hate,How did our mothers copeee
1240,2,Hate,"“Orji Uzor Kalu: The Quintessential Hausa Fulani Slave. A Drowning Man, Looking For Where To Perch” – IPOB LINK"
1242,2,Hate,: Yorobber criminals &amp; thieves ve been defeated. Many of them are having heart attack right now as I am writing. or de…
1243,0,Not Hate,😂😂
1247,2,Hate,"I may soon get rape oh... Can someone help me, olodi a papa. Lagos. All hoes staring at a nigga..."
1248,2,Hate,We men stay faithful in a room full of hoes
1249,2,Hate,"Because you are not saying that fulani bandit terrorists are killing, raping and kidnapping, therefore it's a lie right? You northerners are stupid to a fault"
1251,0,Not Hate,"So how does this relate? That's what you do, you throw out a faulty argument, then when it doesn't hold, you try to garner sympathy and guilt trip people. What is happening in SE, did it happen under Yar-Adua? Or he wasn't a Fulani president? Continue to apportion blame."
1253,2,Hate,": We're supposed to think that the problems with Nigeria are killer Fulani herdsmen, rabblerousing Yoruba thug-statesmen…"
1254,0,Not Hate,"On top of everything else, Beyoncé is such a good rapper. LOL. It really cracks me up. Like, WTF. Let the other girls have something. LINK"
1255,2,Hate,"I ask, why is this government so fraudulent? What is the difference between the failed colonies planned and this Riga they have brought up again. The government is bent of fulanizing Nigeria but they must fail again."
1256,1,Neutral,"I know you farther is regretting why he didn't use a condom years back, cos you have shamed the whole Ghana.Nasty C Nigerian Hahahaha"
1257,2,Hate,bitches come and go mennn
1261,2,Hate,"is silent, and are silent, is silent, is silent, is silent, is silent, is silent. The whole world is indeed silent until FULANI HERDSMEN wipe us off the earth."
1262,1,Neutral,Na your papa Ckay ended foolish frog
1264,0,Not Hate,Blow my Mind
1265,0,Not Hate,: I’m seeing Aliko’s bum plastered all over the Internet. Is Dangote still a Muslim? Why’s Arewa Twitter sleeping? Where i…
1267,0,Not Hate,American Justice System is a joke!! How do you get 28 years on a plea deal for manslaughter?
1268,0,Not Hate,same as those who wiped out 800 lives in agatu..... Need I talk of southern kaduna... Karma is a bitch
1269,2,Hate,Arabic is NORTHERN NIGERIA Identity who ever want to remove it he must remove Northern Nigeria from Nigeria. Southern Bigots🔥🔥🔥🔥🔥🔥🔥🔥🔥🔥🔥🔥مروان هارون
1270,0,Not Hate,Brother Muric Nigerian politicians Yahoo boys Buhari APC and PDP NYSC Runs girls Wealthy pastors Jungle justice Shook all these tables in 3mins 10secs Nigga be TALKing in THIS NIGERIA Man like Falz
1272,2,Hate,"As ur papa na bastard abi??? Fool omo iran kiran, ode oponu nenemu so for ur mind now Osibanjo is representing Omo Odua well?? Fool son of an idiot u eru hausa slave...."
1273,1,Neutral,""": It's the guy's job to chase.""&lt; But Nigerian girls think it is a marathon."
1274,1,Neutral,"May they live to regret it,,,,useless sets of bastard with empty brains...we should do well to vote these bastards out come 2023"
1275,1,Neutral,Las las you no wise. Full adult.. Dey cast yourself? LINK
1279,2,Hate,The north(fulani) are in a haste to loot and divert all wealth from to south to the north and Niger.Gas pipeline and Dangote refinery is all about to loot oil that will sustain them forever.They are lazy and depend of scripts.But yet the south will prosper in future. LINK
1281,1,Neutral,no worry I go trit him fukups
1282,1,Neutral,"Thieves, that's what they are."
1284,0,Not Hate,Whyyy.. Who broke your heart? I want to fight. Just send her name and address and I'll take care of it. ..
1285,0,Not Hate,"I miss ma pussies, retweet if u r awake nd horny"
1287,1,Neutral,You are an idiot what!!!@
1290,1,Neutral,And you are not old enough to lead? You are asking for the leaders. Leaders are made young. Go check your history books. Spoilt youths.
1292,1,Neutral,"Girls are weird jare, especially during their ovulation."
1294,0,Not Hate,u are welcome
1296,0,Not Hate,At this time: Pls do NOT join anyone to abuse Igbos. Pls do NOT join anyone to abuse Hausas. Pls do NOT join anyone to abuse Yorubas. They will try to turn us against each other. They will use tribe and ethnic differences to make us attack one other. PLEASE DO NOT LET THEM WIN
1297,1,Neutral,Big liar. Zik won in the East till he quit politics. He produced Mbakwe and Jim in 1979. Okadigbo never lost an election he contested as a person. Stop spreading rumors and lies built on your hatred for igbos.
1298,1,Neutral,Oya mi lenu o Some be wishing death on an innocent woman they are yet to meet her son.. May my unborn son not come in contact with such deluded ladies.. I got exactly the kind of MIL I asked God for. They can wish doom on themselves for all I care
1301,2,Hate,"This is not about religion or talk of decency or right/freedom. When I see Pan Africanist talk about gayism support, I see them as Americani brainwashed individuals hiding under Pan Africanism to destroy Afrika This is pure alteration of Nature!!!!!!"
1303,1,Neutral,: Buhari's media aide was a Hausa Reporter..Looks like he learnt English on the job.Anyways this is him calling for a civil wa…
1304,0,Not Hate,Good morning COCONUT HEAD GENERATION Are you tired? NO What did we want? We go again
1305,0,Not Hate,"The person and he claimed it was his sister's phone and the sister is the supposed gf. I told him we would invite the police and the story changed. Some Jezebels can be that horrible. You will rise above this. Please the person must reveal herself, Justice must take place."
1306,0,Not Hate,They Hate What They Don't Understand!!!
1307,0,Not Hate,"Suit and Tie is just a normal dress for White Men just like Yoruba, Igbo and Hausa have our own dress. How Biden Dress become a Presidential Criteria is mystery. Anyway, for ""Pro Bono"" sake, you can continue mounting Atiku on Cockroach Ride so far BTC and $ keep dropping LINK"
1308,0,Not Hate,": ~&gt; “: Hanged then raped to death* ""Olodo: (PICZ) Two Girls Raped And Hanged To Death In Northern India LINK"
1309,0,Not Hate,Very wrong bro. We were not taught to be violent bro. Do not be unequally yoked with unbelievers.
1311,2,Hate,Hypothetically most girls would rather earn something than give it out for free. But in reality most girls are hoes. Or cutlass.
1312,0,Not Hate,Ryt nw am tweeting lol just lying lazy anyway
1313,1,Neutral,"Omo bros😂 One gay been offered me 300k too and I no gree omo the werey want r*pe me ni,God go protect person"
1314,1,Neutral,Leave this oga lawyer. You'd see people have stopped takimg him serious. He doesnt spread fake news at all. His are LIES all through..he pushed stupid lies and untruths info here effortlessly. Absolute disgraceful. A disgrace to the bar!
1315,0,Not Hate,Hi boo🥺❤️
1317,0,Not Hate,❤ Unsung heroes indeed
1318,0,Not Hate,Typical naija woman.
1320,2,Hate,"Crowd funding a terrorist organization, u are a magnetic fool Igbos are smart nd industrious people , but IPOB are the pigs and idiotic morons among them I hate no issues with Igbos , you have issues with Hausas , am not Hausa , I have issues with IPOB pigs Oya find another lie LINK"
1321,0,Not Hate,": Ya Allah Save Geidam and the Entire Ummah.Ya Allah protect the Youth, Children, Women, Male and Everyone. 😭😭😭😭😭😭 It is inde…"
1322,1,Neutral,And you and your children don't dress scantily. Your level of hypocrisy is at its peak.
1324,1,Neutral,Pangolins seen in bushmeat &amp; trade surveys: hunters in southern Nigeria call them 'idiots' as they are easily caught LINK
1326,1,Neutral,Shabi na only him dai play the whole field 😕😕 MUMU people! Una no get talk
1329,1,Neutral,": Idiot, best achievement was being a member of a Conference GEJ set up. Did you hate Christians and Southerners when you decl…"
1331,1,Neutral,"Excluding yoruba women"": don't bed wet. Mbanu !!!"""
1333,1,Neutral,: Decolonise fraudulent Britain's in LINK
1335,2,Hate,Women are scum 🤣🤣🤣 LINK
1336,2,Hate,We said this Fulani Herdsmen assaults were religious and we were marked as fanatics. Is there grass in the Church?
1337,2,Hate,"Today's generation of women are just a bunch of women who want to fix long eyelashes like helicopter blades, long nails that would prevent them from cleaning up properly, paint face like masquerade, and use filters, while being useless to even themselves."
1338,2,Hate,You brain dead female
1339,0,Not Hate,I with my street niggri LINK
1340,1,Neutral,"hey Per, jst don't plead u guys are a disgrace. Same to AW. That old fool..."
1341,0,Not Hate,Roma too naive.
1342,2,Hate,": The replacement is Osinbajo. So he is a vulture? Lmfaoooooo again, you southern idiots dont know these guys dont rate you."
1344,2,Hate,When? Where? And what have the stupid presido about the herdsmen. To me this one is the main lie. Where is the video where he condemn the killing? Is twitter the place to condemn the death of more than 500 citizens. Fools will still vote in Nigeria
1346,2,Hate,No problem wif dis hoes ...
1347,0,Not Hate,This is heartwarming Christ be glorified
1348,1,Neutral,Moron sure u are eating yr words
1349,1,Neutral,Ability of what exactly ....orna go wake up type rubbish.. LINK
1351,1,Neutral,😹😹😹 Mumu man!
1352,1,Neutral,Business flourishes when family and friends pays for the services rendered to them. Na this type of woman dey bring man down.
1353,2,Hate,"Story story, most of you 'northern Muslims' support death sentence for blasphemy of your prophet, tell me how you are better off Bolo Haram and ISIS"
1355,1,Neutral,: This is the 'sleekest' Igbo dance video I have seen. He fucking killed it!!! 🔥🔥🔥🔥🔥🔥🔥🔥🔥🔥 LINK
1356,1,Neutral,Samclef na your father be mad man &amp; he succeeded in transmitting the madness to you. You lack home training that is why you are insulting someone father this way. What did your father achieve so far if not giving birth to useless son like you idiot. Your fada has fail woefully
1358,1,Neutral,"Pls has anyone seen any Garba with sense on this app before? Bcos all the Garbas that I have come across are just useless Eg; Adamu Garba, Shehu Garba, etc. In case you know any Garba with sense, kindly notify me pls before I start thinking Northerners name senseless child Garba"
1360,1,Neutral,: I promise you gay people don't care what the fuck straights are doing. But straights are CONSTANTLY in our business. Constantly.
1362,0,Not Hate,"Yeah, we know who the dunce here is 😂😂"
1364,0,Not Hate,Allah ya bashi lafia
1365,1,Neutral,I blame the clowns going to watch Man U matches in the stadium 😴😴
1366,2,Hate,This bastardise Islamic scholars acting like they're the most intelligent people on Earth. Whipping people's kids for fun because they can't recite pages from a useless &amp; meaningless book written some thousands of years ago.
1367,2,Hate,Another reason not to bring a hoe to a sword fight
1369,2,Hate,"Politically correct Southern useful idiots will soon come out to call you a bigot. I remember back when they had not become this bold, but I knew their plans and kept shouting , many Southerners pilloried me for it. Well here we are now, exactly where I said. LINK"
1370,2,Hate,"""her room full of designer clothes"" cos that's literally all y'all live to do. Be a hoe, scatter marriages, wear designer cloth and defend rubbish!. Werey alaso"
1372,0,Not Hate,Even after the 4....shey women have condoms??
1373,2,Hate,We love hoes and their sugar-daddies connects😎
1374,2,Hate,Now I know the northerners are useless people
1377,0,Not Hate,Oga Don mute him own tweet 😂
1378,1,Neutral,"the more muslims we have condemning barbarism, the more these idiots get to know the world is against them."
1380,1,Neutral,Imagine telling me I'm working and contributing to the upkeep of my household probably because my husband can't take care of me? What sort of mad idiots are you people breeding on this app?? Which woman still reasons like this? Anuofia.
1382,0,Not Hate,Another team of fulani military imposters from Daura LG. Delta State arrested by operation Delta Hawk..... LINK
1384,1,Neutral,Yes o.God has get rid of the fools in the 8th assembly.We now have well groom and mature members now
1385,1,Neutral,Who is this idiot? U should have copied the text and translate it to hausa that u understand before typing rubbish.... cockroach!!!!..mtchew
1386,1,Neutral,"Islamic fanatic preacher,Sheikh Gumi is now spokesperson for Bandits and Boko Haram and the dumb and unintelligent DSS folds their hands doing nothing to arrest him or caution him.If Sheikh Gumi were from southern part of Nigeria the stupid and dumb DSS would have invited him."
1387,1,Neutral,"Bawan Allah you should be acting like a man, see the way you are behving like a woman, kana yin abubuwan da ko cikin mata ma sae sakarkarun mata keyi..... kuma a haka kake so ka ja da maza? Aeko ka makaro LINK"
1389,0,Not Hate,download my official single @ LINK swazi benin to eko ft don k
1390,2,Hate,Useless women is calling PDP useless party. I don't know how I should've discribed this woman who is drinking Bear and Pam wine at in the public... Google the useless women picture drinking Alcoholic substance in public. She must have drinks again when she made this comment.
1391,2,Hate,: We say Fulani herdsmen terrorist should leave Biafra land with immediate effect. They should take their cow…
1392,2,Hate,"Just because of 30k N SHIT, you can't even say the truth, Fulani jihades terrorists are committing genocide in Benue State and you're here talking about challenges, Nigeria is a failed state and probably the only country that specialises in killing it's own citizens."
1393,0,Not Hate,"UPDATE: 10 people killed, 70 sustained gunshots injuries &amp; over 30 Northerners declared missing in a deadly attack on Sasa Market in Akinyele LGA of Oyo State. Over 6,000 Northerners mostly Hausas now refugee at the residence of Sarkin Sasa, Haruna Maiyasi LINK"
1394,0,Not Hate,“Gese the friendly counterfeit alcoholic platform” LINK
1395,0,Not Hate,: The summary of our problem that no one is ready to talk about. Ahmed Gulak Arewa Twi…
1398,2,Hate,"Because the female gender are self centered, and bias. They are like our politicians"
1399,0,Not Hate,Gaskiya kam 😎😎 LINK
1400,2,Hate,"Bros, you can disagree without cursing him. Besides, he was partially correct when he said "" Yorubas are hypocrites"". Although, some of them not all."
1401,2,Hate,Yoruba boys are natural clowns. 😂😂😂😂 LINK
1403,0,Not Hate,"Nigeria belongs to the north! Government of the north, by the north and for the north!"
1405,1,Neutral,Coconut head. Nobody asked you about lesbians
1406,1,Neutral,That your father and family member wy I dn sleep with u go list them out. Animal living with human. Have sensible conversation iro na to they call women olosho. Ur mama gather join for the work. Since u all want to keep being unfortunate
1408,0,Not Hate,Biafra my people IPOB😍 LINK
1409,0,Not Hate,People that committed sin openly are the ones that are more arrogant and reminding and tell them to change their ways is the way to go. We are not in support of what they said he allegedly committed though.
1412,2,Hate,Imagine. Even the bondage Saudi Arabia is trying to remove this foolish northern Muslims are trying to entangle themselves into.
1413,0,Not Hate,So you speak Yoruba? Wow!
1414,0,Not Hate,I remember your words in BBC Hausa ....in your words that Dog &amp; Baboon will be soaked in blood. Because we practice democracy and freedom of speech ....nobody touched you. Your words &amp; actions at the time were treasonable but we all let go.
1415,1,Neutral,This is the bane in most Southwest States and most times State Governments claim they aren't aware of this but all LGs in the South West run this task force...... I've had countless encounter with them and I didn't pay a dime because I know they are illegal LINK
1416,1,Neutral,"U want a house wife, but you don't want a girl that asks for money, brother your stupidity is shouting MAN'S NOT Kiko Hotel"
1417,1,Neutral,Political prostitutes
1418,1,Neutral,Oya take idiot to digest the shut the fuck up. You fucking too educated for this.
1420,1,Neutral,"Wat is most painful aspect of the insults these northern &amp; their southern quislings bugs shower us daily is that, they think all of us ar like their e-cockroaches who took all their jargons hook line and sinker Oloye Sunday Igboho is Omo Yoruba atata who our ancestors will bless"
1421,0,Not Hate,TNA till a niggga gets go 6ft
1422,0,Not Hate,if muslim muslim ticket will give me 3meal a day and allow me to close my eyes while sleeping.I have no problem.thanks
1423,0,Not Hate,Wait what???
1426,2,Hate,Gay marriage destroys the essence of being human.
1429,1,Neutral,Some girls wouldn't even date their best friend talk less of fiance LINK
1430,0,Not Hate,Nigerian fashion fanatic and brand influencer Laura Ikeji complained about the difficulty of finding a competent man as a divorced woman in . ✍️ Jokes Naija LINK
1431,0,Not Hate,They need direct this messages to those niggas wey Dey mascara Ketu LINK
1432,2,Hate,Only Devastating bitches looks at you and calls you a MODAFUCKER
1435,0,Not Hate,This is awesome. I love this project. I can't stop to show my commitment to project I see potential in it. This project has proven to lead. $Sollamon to the moon LINK
1437,2,Hate,"Damn, bitches is cold af."
1438,1,Neutral,I tell you. I said that too. The guy is fucking immature and rude. Stupid Warri boy
1439,0,Not Hate,".. interests, including protections for women and children. Though her rivals and critics may have painted her as a so-called ""whore in Christendom,"" Theodora eventually became an Eastern Orthodox saint, leaving her with the final word in her own story."
1440,0,Not Hate,Honorable VP. Resign to save the entire Southern Nigeria from more insult and derogation from the Religious fanatics. Thank you. God Bless Nigeria.
1441,0,Not Hate,A rare two-headed copperhead discovered in Virginia LINK
1442,2,Hate,Gay baboon doesn't know about getting consent? LINK
1443,0,Not Hate,: I do not understand how people can still be this ignorant. There is no justification for FGM...It is totally unacceptab…
1444,2,Hate,so is d foolishness of men 2 step over a good woman 2 pick up a whore cos she's hot!!!
1445,0,Not Hate,Wetin una dey use ruler do again? Abi una need am for Buhari to rule again?
1446,0,Not Hate,Christian Pulisic should drop our number 10! He doesn't deserve it.
1447,2,Hate,I hate bad bitches that's my FUCKING problem
1448,0,Not Hate,When elephants fight d grass suffer.we ar always at d receiving ends to d hausa/fulani we are arna 2 d other regions we are hausa's
1450,1,Neutral,Northerners are definitely given preferential treatment in this country. Disgusting. LINK
1452,0,Not Hate,But i am tired of Sabrina and Calvin situation. I really am. The time Tyler P wasted on their situation should have been better spent building on Aaron and Karen's relationship. We have seen a woman build up a man too many times. When'll we see a man hold up a woman?
1453,2,Hate,"Lmaooo! "": dont even getvme started on that one ugly ass lousy black bitch....."""
1455,2,Hate,"Fulanis are all retards they can't advance as a race.crypto currency thats legal worldwide is now absurd in Nigeria, what a country.adamu Garba you and your brothers should start cattle ranching in the North at least it will help the north to boost their State revenues"
1456,0,Not Hate,Gskia ruwa kike
1457,2,Hate,Southern criminal terrorists
1458,1,Neutral,Brooooooooooo 😁😁😁😁 The cognitive dissonance of these ladies ehn and they will still try to justify their okoto
1461,0,Not Hate,😥😥 LINK
1462,2,Hate,"But you want your fulani terrorist herdsman to be using their like you cows to be spoiling my mother's farms, COWBOY"
1463,0,Not Hate,Have heard northerners call southerners Muslims kafir. He said he can't perform solat if the imam is a southerner. Ẹ shock me
1464,2,Hate,"But the Nigeria Armed Forces are busy chasing IPOB and ESN in the South-East, while Terrorists Fulani Herdsmen continue with their Barbaric Acts in Kaduna and Ekiti today. ! Oma se o"
1465,1,Neutral,"Hahahahahhaahahaha......Ikpeazu with Igbo blood running through his veins is a disgrace, he is worse than Ganduje Onye Hausa! 🤣"
1466,1,Neutral,Guy kai wawa neh!! Am a Muslim and a northerner too but this hisbah people are crossing the line and are nt practicing islam the way it should be.
1467,2,Hate,So u can say all this about him? How about ur politicians? At least he stayed back to fight for something. Yoruba ronu..leave hatred and see ahead. See the positive side of what we all need to gain.
1468,2,Hate,"Nigerian feminist are the worst set of feminist, just bunch of horny people that needs dick. LINK"
1471,1,Neutral,", 's tacit support for killing of Biafrans &amp; Shiites comes frm his implemetatn of ISIS Ideology LINK"
1472,0,Not Hate,Biden vows ‘consequences’ for ill-treatment of Haitian migrants LINK
1473,1,Neutral,The fact you think their aren’t women who can do this makes you a very stupid idiot LINK
1476,2,Hate,Nigeria problem is this Abokis
1478,0,Not Hate,""": dumb bih"" why thank you"
1479,2,Hate,"Nah southerners be mumu now. The north will continue to rule Nigeria, until the Southerners wake up and give them the same treatment....An eye for an eye. Let a southerner gets elected as president and you start hearing federal character, due process needs to be followed. OESTD ! LINK"
1480,1,Neutral,": ,Unity by force is slavery,Say NO to modern slavery, Say NO to .FREE LINK"
1481,1,Neutral,"Is not about appeasing the Northern feudalist as you said fool , a Muslim is Muslim regardless of ethnicity , colour , Race , country or continent . So unlike you a pig with a ram head , Ovie is coming to the aid of his Muslim brother."
1483,2,Hate,"Loool"": Lmao"": Bitches Be Fighting 👊👋 Over Da Same Dick 🍆 While That Nigga Chasing💃🏃 New Pussy 🍑"""""
1484,0,Not Hate,C is not in the Yoruba Alphabet.
1485,1,Neutral,I will rather be a herdsman than be a fool like you. Omo ale
1486,1,Neutral,Is this what you call drifting? 😩😩😩😩 Shame on you. Give me Location and Time. LINK
1487,0,Not Hate,The very odd things that people do for entertainment &amp; money these days.
1488,2,Hate,"Call me ethnocentric if you like. But the truth is, Yorubas are the most biased tribe on this planet. Tifiakwa."
1489,0,Not Hate,People are called hoes out of the dumbest reasons. The word no longer has meaning as an insult *shrugs*
1491,1,Neutral,"So because he was ""a drug addict"" (even if he was), he deserved to be killed like that? Are you saying that makes him less human? You are sick in the head.😷your stup*dity stinks all over."
1492,2,Hate,"The most useless set of believers are Northern Nigerian Muslims,potential terrorists and stack illiterates. Freeing terrorists but killing for blasphemy, hypocrites and homosexual bastards. Useless Mohammed that married an underage girl"
1494,2,Hate,Nwanne Don't waste your time and energy on a bunch of stark naked illiterates masquerading as Educated and Reasonable people. We know and will treat them accordingly as irrelevant Northern oligarchy Goons
1495,0,Not Hate,Yoruba men are just very misunderstood... You can't have greatness and not share it around.
1497,2,Hate,Fulanis r pigs n children of pigs
1499,1,Neutral,You’re still using Twitter for Android and you’re here talking rubbish...idiot 😒
1500,1,Neutral,"😂😂 na your own we dey talk, yoruba demon 🙄"
1501,0,Not Hate,": Any Muslim that says Lesbianism, Being Gay and all is Halal, then he is a Kafir on that spot. Cuz that's shirk Any Muslim…"
1502,0,Not Hate,"Illiteracy is a disease for dapchi community for jubilation, for using them for politics. Tho they are safe, thank God."
1503,2,Hate,I don't know that Uganda has senseless beings like you just as we've animal's in the northern part of Nigeria chaiiii africa is really really cursed God why?
1504,0,Not Hate,"He can be rich and righteous too, perfect combo!."
1506,2,Hate,"Reading comments of the southerners, obviously something is wrong with us. The Fulani, sadly will conquer the whole country with the help of the recruited Fulani boko haram terrorist in the military and police. We are not United and easily distracted.Arise oh southern compatriots"
1507,0,Not Hate,": After what happened today to Christian Eriksen, you never know when but you might just save a life. Kindly Go through thi…"
1508,0,Not Hate,we're are live guys!! Installfest going down. LINK
1509,0,Not Hate,: Adaobi! : Add a Yoruba/Igbo/Hausa name to Mourinho
1510,0,Not Hate,"Lol....abi"": eh this is between unibuja peeps, not privy to baptist high university graduates!!!"""
1511,1,Neutral,Watch out for them bad holy girls
1512,0,Not Hate,"KAYODE, MBAZULIKE AMECHI FROM RETIREMENT COMING FOR RESCUE. HERDSMEN ATTACKS AND KILLINGS, YOU WERE NOWHERE TO BE SEEN.IGBOS KNOWN TO BE INTELLIGENT ALL OVER THE ARE BEING SUBJUGATED BUT NO VOICE FOR THEM. MOST OF THOSE SO CALLED GERMAN ""MISCREANTS ""MIGHT BE PHD HOLDERS AND REST"
1513,0,Not Hate,good bad gurl
1514,2,Hate,They will the hard way. Yeye Northerners LINK
1516,2,Hate,"We are taking action against criminals . talking about foreign Fulani killer HERDSMEN, ... How dumb can you get ! Ooni and Sunday are just enablers . The real war of obliteration is coming . And whoever rises up to support and allgn themselves wit criminals wil go down"
1517,1,Neutral,Martial and Rashford are 2 useless players. Fred and Mctominay for me is a capita NO. How will a MF not know how to use the ball afi marking all the time. They can't move ball into dangerous position. Mtcheew
1518,0,Not Hate,"Ur really a british babe o..'' "": British girl "": It means corn☺"": Lol."
1519,0,Not Hate,"When you refer to southerners, who are equally your fellow countrymen, as vultures, you lose every sense of dignity and spirit of humanity."
1521,1,Neutral,Why are you always disgracing yourself and your useless generation everytime ??? You are very stupid sir
1523,0,Not Hate,"Want to listen to something new,great pop songs LINK Download !"
1524,1,Neutral,I thank God for being a Muslim .Those who think that the false accusations on Pantami will spoil Islam are fools. ISLAM is the religion of peace . Islam doesn't forbid Muslims to act justly on non Muslims but Christians misunderstood the Islamic belief . LINK
1526,0,Not Hate,A nigg knows he shouldn't smoke no more but.....
1527,1,Neutral,"Women think they have a lot of relationship options because it’s easy to have many men wanting to fuck them. DELUSION! That a man wants to have sex with you does not even mean he likes you, loves you or wishes you well in any way."
1528,1,Neutral,Lol... This country na just one very big Mad Circus 🤣🤣🤣🤣 But was my own.... Am all for it 😜😜😜
1529,2,Hate,"The only artistes to have come out of is lucky dube and that's the only legacy you guys had..With the bunch of leverage given to them they are ghastly rapist,black racist..It is predestined that artiste will always triumph."
1534,0,Not Hate,"That's my prayer o, let him have a one on one discussion with her . All this gum body de kill her game"
1535,1,Neutral,"Some idiots are councillors are saying Biafra cannot give any order. That they cannot stop anyone from movement, but I ask them - If Fulani threatens you, where do you run to or can you challenge anyone of them? The FLAG must fly and there is nothing anyone can do about it! Fools"
1537,1,Neutral,tsinannu the are hypocrites who must become oyibo by force show me any gay animal
1538,1,Neutral,"Some won’t communicate with you again because you did not give them . 😂😂😂 mumu girls, get out"
1539,1,Neutral,": A man who hits a woman, for any reason, is no man. He is a disgraceful coward!"
1540,2,Hate,"Gay baboon terrorises villagers in , rapes 5 men LINK"
1541,1,Neutral,""": "": My hate for nigerian movies is real -.- They can be soo silly sometimes""(((gbagaun))""sorry but how??"
1542,2,Hate,God!!! Yoruba's are so daft😡 I never see
1543,0,Not Hate,: good thing...make sure to get better tho.
1546,0,Not Hate,Hope it will reach me Chibaby
1547,0,Not Hate,"What's your definition of bigger? Social media following or number of shows? Abi na social media hype? Countries Yemi has been to, tiwa can only dream of. Not even saying Tiwa is small ooo, she is huge in the industry. You just made a wrong comparison."
1551,2,Hate,Igbo people n fake news 😂😂😂😂
1552,2,Hate,gat ma oda bitch hugin on ma oda bitch
1553,0,Not Hate,9 Signs You Are Not The Main Girl But His Side Chick LINK
1554,0,Not Hate,i’m negl i love that you were able to see my pain but i have decided to be a hoe or attract someone who is attracted to me and not even rush into it cause the last one i rushed into didn’t end well cause we weren’t friends first LINK
1557,1,Neutral,Haha kwaran's o too ge ooo. Our mumu don do... LINK
1558,2,Hate,"This Northern illiterates should be cut off the South. We have nothing in common. They have enslaved even their 7th generations to come, that's why their education is too bad, and poverty is prevailing. May God deliver the sensibles among them in Jesus name, amen."
1559,0,Not Hate,"Done,ore iyawo kola "": Ff bck iyawo kola "": Kolawole peters oooooooooo"""""
1560,1,Neutral,"Only our rudderless president, the man clearly shows that there's no direction for his administration for the next four years. We are doomed!"
1561,2,Hate,"lots of Nigerian guys are pussies,so sensitive in a stupid way,what's so bad about what she said?you're gay bro"
1564,1,Neutral,.. that belonged to igbos to be shared after sending them packing to the east. I am not for setting up mansions for lizards and cockroaches but everyone MUST have somewhere habitable in the village. Even if na just to renovate your papa house.
1565,1,Neutral,so u know u r evil
1567,2,Hate,"Let President Buhari stop making bland accusations. He needs to protect citizens by stopping his Fulani herdsmen from further killing of innocent people, razing houses, food barns and seizing farmlands."
1568,0,Not Hate,Антонова светлана откровенное фото LINK
1569,1,Neutral,"they are the most useless bank with the worst banking service, they can’t even stand with some micrfinance bank not even ibolo or balogun Fulani micro finance bank awon oloshi arindoti masafani"
1570,1,Neutral,"had it been arewa Twitter dragged dangote for having his bum leaked, this same southern tweeps would be the one's calling us, defenders of islam, religious fanatics, religious extremists, now that we kept mute they're still calling us names, either way arewa Twitter must trend."
1572,2,Hate,Lmaoooooo 😅 Ewu Hausa
1573,1,Neutral,Religion is the opium of the masses...... LINK
1574,2,Hate,Na God go punish you oo... useless Northern pple
1576,1,Neutral,Wow. You grew up being thought not to hit a woman and you still think this way? Do you even know it’s a crime? I mean you could end up in jail for it. The confidence accompanying your foolish argument is alarming. If only youll come in the DMs but you won’t
1577,2,Hate,"Men Needs Mental And Emotional Support too, They Surfer In Silence So Much.... You Bitches Don't Even Realize. LINK"
1578,0,Not Hate,"is the only Nigerian artist that has songs with different language Hausa, Yoruba and igbo and the languages of other countries like south African,Tanzanian and Spanish to the world"
1579,2,Hate,"you're a worthy rep of our people, y keep mute on Fulani herdsmen annihilation of our people. Speak up, don't be a coward!"
1581,2,Hate,""": Yoruba people urinate in 'swimming pools; Hausa pple spit in pools; igbo pple drink the water;"""
1582,1,Neutral,She thinks like a psychotic patient
1583,0,Not Hate,I've just posted on my Blog about: Young lady killed today at Biafra protest in Onitsha (photos) LINK
1584,0,Not Hate,How Suspected Muslim Fanatics Hacked Female Redeemed Church Preacher To Death In Abuja... LINK via
1585,2,Hate,Watching your vicious bastard son die gives me more relief than a thausand layin hoes 😂
1587,2,Hate,When it was actuality the igbos who carried out the first ever coup. The northerners Na pure bastards. Same as the east. Both regions were power drunk. U Guys still are till today. The Igbo wud not behave different from the northerner when in power. All of una thesame.
1588,1,Neutral,You’re disgusting
1589,0,Not Hate,😍😍
1590,0,Not Hate,You know wetin dey make me laugh pass ... Goggle translate koh leh translate yoruba ati igbo.... Makes this whole trading of words more interesting 😂... Didirin dato
1592,1,Neutral,When the criminal is not caught in the south it's then herdsmen but 100% of the time they are caught they are our own children who want to ride Bentley without doing anything. Awon ko kewu ko kawe
1593,1,Neutral,"It all full of shit jor"": ☹ "": Big booty girls get all the attention these days 👀😂😍."""""
1594,1,Neutral,You are a big fool useless lifeless animals ... We are Yorubas... With human feelings .. Oloriburuku .. ogun go kill u ... Eranko
1595,0,Not Hate,Not even sure the so called police respect the Nigerian flag 🇳🇬
1596,0,Not Hate,Gurls with tattoos 😩😩😍😍🥺
1597,0,Not Hate,"Mr. Adesina, have you forgotten that the Lord said if we call anyone fool, we're liable to hell? For a top Journalist, you don't choose your language carefully. You spoke against this act at Daystar Christian Center once, remember?"
1598,2,Hate,"The real-life creeps!! Bunch of real Yoruba demons casted away from the ""heaven"" of life, thereby resident in the darkness of their myopia, ignorance &amp; shallow thinking"
1599,2,Hate,"All of you are the same. Nasty unity beggars that cannot feed themselves. Parasites that depends on Southern Nigeria to survive. 2023 is a defining moment, we either restructure or break up. WE ARE TIRED OF STAYING WITH YOU SELFISH NORTHERNERS. ACT LIKE MEN, GO YOUR WAY."
1600,2,Hate,"The hypocrisy of north is killing north at high speed and it will turn out to kill entire state "" ain't praying so""and we the northeners are the most corrupted politicians .Duk mugunyar sata arewa ta faru daga arewa, baa tsoron Allah wlh"
1601,0,Not Hate,Ifb
1602,1,Neutral,That's why they have imported their cousins from abroad and killing people here and there every day to make up with these lies so as to achieve their evil desires.
1603,0,Not Hate,: Arewa twitter will never be the same without Dadiyata. It misses him so bad. You could see that with every passing day. It…
1605,1,Neutral,"I only ride wit dose I trek wit,eat wit those I starved wit..if u weren't wit me @ my worst.don't FAMZ me @ my BEST. fake boss."
1607,2,Hate,"Fulani, Fulani, is MACBAN Fielding any candidate. If you people cannot put your house in order, why blame others? Is this how you will conduct elections in BIAFRAUD republic?"
1610,0,Not Hate,"Nyamiri is neva derogatory. During d civil war, d Igbos asked 4 water (nyem imiri) frm d Nigeria soldier who where predominantly frm d north or Hausa extract .Bcos its a popular phrase used by d Igbo civilian 2 demand 4 water,hence d Hausa used it 2 describe d igbos"
1611,1,Neutral,Nothing would come out of it...normal rubbish 😂 investigation
1612,0,Not Hate,""" congrats nay.."
1615,0,Not Hate,Tonto dikeh's _itz ova tho.... Thank God for synpe***
1617,0,Not Hate,Congratulations to you
1618,0,Not Hate,Wannan yarinyan ta ma raii na ma mutane wayo she is taken and now is saying she didn't have a boyfriend 🤦🤦. Chaiii that's why I like playing with gyals emotions.
1620,0,Not Hate,"Stay there oga wey those Fulani get Ak47 abi u no Dey hear that one, my Yoruba people no get time for kunfu and dem no won die, Na spiritual dem dey use fight them with their cow 🐄...."
1622,0,Not Hate,""": !! : CLASSY MEN AND WOMEN SUPPORT MUFC! GAYS LESBIAN AND BI SUPPORT ARSENAL! AGBEROS SUPPORT CHELSEA :D""WHAT?"
1624,1,Neutral,Drink water and mind ur business don't be stupid. WTF 😠😠 leave us alone. Let's party hard 🔱
1626,1,Neutral,Crazy Angry Nigerian
1627,0,Not Hate,CAREER WOMAN IN THE MUD 🤣
1628,0,Not Hate,There are people you should just avoid at all cost on this App. Cos of shii like this.
1629,0,Not Hate,Guy 😒 guy LINK
1630,1,Neutral,Koulibaly is a BIG FOOOOL...I said it with my full chest
1631,1,Neutral,"If you are a male, above 25 and you are a die hard fan of Justin Bieber, You dey craze?"""
1632,0,Not Hate,"They’re cute and all, especially the white chubby one beht I draw the line at dogs 😂 tori a baby girls skin is too soft"
1634,2,Hate,"The man you're drumming support for towards 2023,why don't you ""sweet pendulum"" him to release part of the bullion van largesse of elections' eve to partner with u for sowore's bail? You're one of many terrible chameleonic Yoruba elders that lead astray for turning to d youths."
1635,0,Not Hate,Shey you know your gender people are not good people??
1636,1,Neutral,pelegrino is nothing but a hypocrite
1637,0,Not Hate,🙃
1638,0,Not Hate,Iyabooooooo ya kike
1641,1,Neutral,😂😂 mumu
1642,1,Neutral,fucking retard 😭😂😂😂
1643,1,Neutral,"Meanwhile, in Nigeria, there is one old idiot called Itse Sagay..."
1644,2,Hate,: Most Igbo vying for Presidency position are Caliphate bred traitors – IPOB LINK https…
1645,0,Not Hate,ALINK thanks ☺️❤️
1646,1,Neutral,At least he has won champion league and is about to win Europa....mehn grow some balls and continue to support ur failure coach....dimwit LINK
1647,2,Hate,"Thunder will fire you, you think we are fool like you, you didn't pay N-power their stipends and you are lying that you are giving useless money. Baro bansa, ole(thief). Useless Hausa woman, go back to your room, you have failed wofully 🤗🤗🤗🤗"
1650,1,Neutral,Slut
1651,0,Not Hate,Hausa Man Caught With Vulture In Onne-PH To Use as Roasted Chicken For Sale - Gistmania LINK via
1653,0,Not Hate,: Christians must be careful in our proposition of abstinence from pre-marital sex as an antidote to the issue of rape lest w…
1655,1,Neutral,Lazy😁😁
1658,1,Neutral,"People you know are gay. Your kids, relatives, Co workers neighbours, village people etc. some of them are certainly gay! You can choose to remain in ignorance that is sustained by your primitive and deficient mind, which will make you oblivious of the hurt your words and actions"
1659,0,Not Hate,"Lmao I fink ur ryt"": Ugly Girls for sun 'kare a Faculty of Management Sciences"""
1660,0,Not Hate,"Now you guys understand why most mothers who still breastfeed always say 'i don't sleep at night'. Babies don't cry all night, but do this. They don't know the difference between playtime and sleep-time, such cute yet annoying set of humans 😂"
1661,0,Not Hate,": Ahan!"": Even in dia clitoris sef.."": Lol"": Omo ale ni eh"": 90% of Yoruba girls have …"
1662,1,Neutral,"Lie from pit of hell... Anambra as a whole are biz men, talk of onitsha that's made up of markets, biz men care about your money, gives no shit abt where u coming from. Same onitsha that's full of hausas..? Not surprised, buharist =lies"
1664,0,Not Hate,": , is slaughtering unarmed protesters exercising self determination as enshrined by …"
1667,2,Hate,Fear of GOD is back in WhiteHouse.Trump is d LIGHT &amp; justice shall come2Biafrans..Evil BritishIslamicNigeria can'tstop DONALD..BiafraExit.. LINK
1668,0,Not Hate,Behind her eyes 😬 Rob= Adele= Louise. Correct? They make a gay dude a parasite and even enabled him to essentially wear the bodies of two dead women. Omo!
1669,0,Not Hate,Be yourself no matter what some will adore you and some will hate everything about you. But who care? It's ur life make the most out of it!
1671,1,Neutral,": It is so disgusting and ridiculous to see Yoruba people among those downplaying the efforts of Sunday Igboho, what he need…"
1673,1,Neutral,"🤦What type of mentality is this?! This is not what Islam is, it is just some blood tasty brainwashed humans talking? LINK"
1674,1,Neutral,"Just what I thought bro. How on earth will be stupidly bragging of making a failure of president over us as an achievement? Yoruba say, omo to ba se daada lafin yogan(pikin wey do well, na him we dey take brag) but it seems own is inverse o LINK"
1675,2,Hate,Don't grow wings to somebody that has got hoes.....O Y O is ur case #
1676,2,Hate,"To cap it all, Nigeria is a sick country opari ..."
1677,0,Not Hate,👀
1678,2,Hate,"♥♥♥"": I luv ma baby ...hoes deal Wit it....."""
1680,2,Hate,At least you are getting it right by not showing their faces but where are the seats for them? After all your Northern elites haves criminals clad in good dresses and arrange nice seats for them.
1683,0,Not Hate,Southern Africa: SADC Needs N$40billion for Drought Relief LINK LINK
1684,0,Not Hate,"Omo. She Sha cap careless Cox wtf is that reply. He told you he has girlfriend, so no need for number. Is it only girlfriend/boyfriend relationship that exists in this world?. Something you can convert him to Twitter buddy. Na wa oh🤣🤣🤣🤣"
1685,1,Neutral,Aboki! Keep deceiving yourself.
1687,1,Neutral,"Lolz look at ds dullard!! !! I ve known sa for drugs since I was little! Drugs, stabbing and raping!"
1689,0,Not Hate,"no one can pinpoint and say ""That's the Yoruba culture."" It's diluted. Other cultures are doing it. That's why Edos have a little tiff with Igbos concerning attires coz according to them, nowadays, Igbo brides wear elements of the Edo attire and it has now been identified as igbo"
1690,1,Neutral,It's because you insulted us you dumb f***
1691,0,Not Hate,yorubas go say bum bum bisi miya bum bum bisi miya bum bum bisi miya mr macaroni tikeken tikeken
1692,1,Neutral,"D funniest thing is d run to d same siblings when things are going wrong with them,I already give up d day dey started d debate of wife and mother and dey concluded dat husband should forget his family and focus and his wife and children,u need to understand how evil dey ate"
1693,0,Not Hate,: JUST IN:Adamawa Court sentence 29 yr Adamawa farmer SundayJackson to dead by hanging for killing herdsman in self defense. ht…
1694,1,Neutral,""": I need me a chocolate man, I'm fucking up with these hispanics &lt;""chocolate man are very bad"
1695,1,Neutral,Clown...a manipulator will always be a manipulator LINK
1698,0,Not Hate,na so e dey b na gay wan dey rule
1701,2,Hate,"South East &amp; South South governor's should wake up and confront Fulani herdsmen menace . What are they afraid of, if you talk you die, if you don't talk you die, talk and die for something"
1702,2,Hate,Daddy Freeze- Most of your Nollywood celebrities are prostitutes LINK
1704,2,Hate,"Those people Igbo and Yoruba are Mental Anxiety, They Hate us just because we are ruling the country 🇳🇬"
1706,0,Not Hate,THE STANDARD CHILD OF GRACE 🥰LIONESS HERSELF 🦁🦁🦁🦁. LIQUOROSE TILL INFINITY HAPPY ANNIVERSARY LIQUOLIONS LINK
1710,0,Not Hate,: BEST VIDEO on the internet today ... AdaIGBO digging it with her dance step 🥰🥰🥰 IGBO enwero obele LINK
1711,1,Neutral,can we all report this idiot account . This fool made a video in hausa. Telling them to fight the southerners. His reason is that we want to hijack government. The same fool that sued ... Bastard fellow
1714,2,Hate,The most powerful weapon that is used to destroy Africans is tribalism and religion. Idiots in Nigeria can start civil war over who must lead between Christians/Muslims or Igbo/Hausa/Yoruba. In the eyes of your enemies you are all Black and useless. UNITE or PERISH
1715,2,Hate,"I think the true reality is that Northerners are all blank headed people with no clear thinking, 16 northern president can’t do anything to your suffering and you still want the South to be like you. It’s time you stand up and support secession if you are no fools"
1716,0,Not Hate,drops soon. Cc ft .kindly Retweet!!!!
1717,0,Not Hate,If you think I will join you in the gutters of tribalism…you are highly mistaken. You people’s plan to use tribalism to secure vote will fail woefully this period. Una never see anything.
1718,1,Neutral,Do not use feminism to justify your wickedness - Chimamanda 😂😂 Apt👌💯
1719,0,Not Hate,Great project
1720,1,Neutral,Girls are weird 😣 LINK
1721,0,Not Hate,15m but later paid some kul thousands... I spent 5 days in the bush with them o.. Fulani men o
1724,0,Not Hate,happy birthday kike 😊❤️
1726,1,Neutral,Fvck religion! Lol MSO - Mind Slavery Organization
1728,2,Hate,I'm finna start fucking with myself I can't deal with some of these hoes
1729,1,Neutral,Lmao 🤣. The main illiterate LINK
1730,0,Not Hate,Trends🤔🤔
1731,1,Neutral,": , , stop supporting d to kill LINK"
1733,0,Not Hate,Watsup gal u look awesome
1735,0,Not Hate,"Please, leave the liberal Muslims alone. May Allah make it easy for them. It's the starting point and gradually they will comply with all the principles of Islam. Their children might be better Muslims than us"
1736,1,Neutral,Na stupid girl that wants to use Nengi trend ..you should have won HOH so we can see how you lead all you did was to lead by sleeping with praise fool
1738,2,Hate,Some ladies are so delusional that they think cheating is only when they are cut getting their guts dug out 😂 weak men will suffer in the hands of the modern woman LINK
1740,2,Hate,Yep ... If we can manage to take power ... It must never ever go back to northerners ... Nigeria Don demonize ibo people but d true demons dey rule us ... Fanatism is really a bad thing nd most of em r fanatics ...
1741,2,Hate,That's why the north is backward &amp; docile. Almajiris everywhere without giving them quality education. Their future has being toyed with b'cos of one mudu of shinkafa shared to them by politicians.
1743,2,Hate,To see some south west people capping for these Fulani tyrants is beyond disgusting. MFs act like the Fulani herdsmen are not killing people in the south west.
1744,2,Hate,Can’t make a wife outta a hoe . LINK
1747,2,Hate,"I have since realized that the Igbo elites are working with IPOB silently, as such they can never the trust with running the affairs of this country. Let them kill themselves and let see who will live in their Biafra. The hypocrites prefer to wank on Ukraine matter than theirs."
1748,1,Neutral,"Dumb head"": If GEJ doesn't win... It means 9ja politics is unpredictable"""
1751,0,Not Hate,Sho MO age MI ni
1753,0,Not Hate,: Woman is di greatest ting God ever put pon di land.
1754,1,Neutral,One idiot like showed me a room/parlour Self that can barely contain a plasma tv. He was using his mouth to arrange my unseen loads for me. I felt like slapping him. The room was 8 by 8 and the werey was telling me 'shebi na someone comot for here and him get plenty loads'
1757,1,Neutral,That's why I said Tommy don't care about been legitimate 🤣🤣😂. That guy enjoyed the killings🤣😂 crazy mf.
1758,2,Hate,Bastards of the south.
1759,0,Not Hate,"Pathetic. If any Eastern, Western or Southern state governors proposes this, hell would have let loose."
1760,1,Neutral,Kai. This is so shameful.. LINK
1761,0,Not Hate,: Names of Animals in Igbo Language: Cat - Nwamba Vulture - Udele Crocodile - Agụiyi Lion- Ọdụm Sheep- Atụrụ Elephant- E…
1762,2,Hate,And all the Beautiful faces in we have in Nigeria some Bastard idiots still choose to be Gay....This life no just balance I swear🤦🏽🤦🏽🤦🏽
1763,2,Hate,"Bastards, manipulative janjaweeds, he's saying all this so that Obi will come in and start killing his brothers in order to prove he's against Biafra while miyetti and his brothers who are the real terrorist multiply and remain the good people."
1766,0,Not Hate,"North isn't safe for northern, why then will it be safe for the Igbo? The same people that they'll at will. Absurdity ohanaeze ndi oshi"
1770,0,Not Hate,Always remember to be happy because you never know who is falling in love with your smile.
1771,1,Neutral,: BIAFRA: NIGRIA FINALLY GONE TO THE VULTURES UNDER HITLER BUHARI LINK LINK
1773,2,Hate,"Almost all, come to North u will understand, they brainwash ur head"
1774,1,Neutral,"Imagine, u be sayin u muslim ko wat a hell LINK"
1775,0,Not Hate,"I understand they are all Fulani armed herders, don't mind them. Let's vote for buhari for another term."
1776,0,Not Hate,Reverse is the case most times..MEN just don't often admit it
1777,1,Neutral,What you eat don’t make me shit
1779,0,Not Hate,same here negro. But we both in lag now. Wats d P?
1780,0,Not Hate,"Southern Kaduna/Yoruba,I'm torned between d two. I love the Yoruba respect but when relatives pay visit, they will render me def and dumb, they love speaking Yoruba too much.. They are supportive and their love for the oza room no be here😂😂😂"
1783,1,Neutral,RESPECT YOUR SELF &amp; DON'T PING ME TO YARN RUBBISH. PICK YOUR FAVORITE IN PEACE.. 2023 LINK
1784,1,Neutral,What is this one talking about? You much be living under a rock or just plain ignorant to think igbos have no history or culture. The other things you stated makes no sense and you’re just blabbing at this point. Igbos refuse to be bitches to the Hausa/Fulani unlike the rest.
1786,2,Hate,"And while they are fighting and killing themselves because of land borders, fulani is coming with al-shabab terrorist to take all the land for their cows, kill and rape anyone on site. They should continue fighting themselves! Ọmọ ale jatijati"
1787,2,Hate,bitch ya cute
1792,0,Not Hate,"I am talking of jungle justice mindset in general sir. I also saw a video of one of the thugs, he could have just been overpowered den handed over to d authorities, but d guy was already have dead coz of beating na. But, I’m not there and I dnt knw how highs emotions were den"
1796,0,Not Hate,It’s called Ube in Yoruba land... perfectly goes with little salt
1797,1,Neutral,Buhari Fails Nigeria and Nigerian I mean Especially Northern Nigeria. Allah ya zaba mana shuwagabani nagari
1798,1,Neutral,"What bullshit Son?"": I'm sick n tired of dis bullshit"""
1801,0,Not Hate,Every damn year.
1802,1,Neutral,Lampard is a fraud... Sack him
1803,0,Not Hate,Yarbudurwa ya kike
1804,1,Neutral,"Why are these wheelbarrow abokis so nonchalant??? This one has broken one crate of eggs of that I just bought, omo."
1805,0,Not Hate,you're right but you actually can't blame the average human when fellow human supposedly remind them of their inadequacies
1806,2,Hate,": BIAFRA: IGBO ELITES; CHICKEN HEARTED, EDUCATED ILLITERATES LINK LINK"
1807,2,Hate,Truth and nothing but the truth. Stop the marauding killer herdsmen now. LINK
1810,2,Hate,"When I said Nigerians are our main problem in Nigeria una diss me. The average Nigerian is corrupt nd a Hypocrite. We celebrate nd glorify bad behaviour, we hv lost our values nd morals. It's no wonder our society is dysfunctional, mentally deranged and hypocrisy is at its peak."
1811,0,Not Hate,NOLLYWOOD: Ajagungbale – Latest Yoruba Movie 2017 Drama LINK LINK
1813,2,Hate,Mr man my prayer is that such act by this stupid fulani herdsmen will befall you..fool like you...ABI YOU ARE ASKING FOR VERIFICATION dont worry you will see it soon..EZIOHIA
1814,1,Neutral,Omo Ale jati jati... Omo Ibo Aje Aja.. Dog eater
1817,1,Neutral,"Etcetera - ""Nigerians Are Puppets In The Hands Of Politicians"" LINK"
1818,2,Hate,": Wake up fanatic Igbos. Whether you shout from now till next year, there is no Biafra. There is only Nigeria. Quit dreami…"
1819,0,Not Hate,Why do they hate the east so Much What did ibos do to them
1821,1,Neutral,Are still virgin 🤔
1822,1,Neutral,"They says, Yoruba are cowards betrayal, Omoyele is in DSS custody while Reno is gallivanting across Europe, blaming Pastor Adeboye. Come to Nigeria and lead protest. Bastard cowards"
1823,0,Not Hate,Haa
1826,0,Not Hate,Are they lesbians.
1827,2,Hate,"To even imagine it, dey have d highest number of homosexual among dem. Take hard drugs, their women has no value. But dey can come here &amp; be shouting Islam. Arewa twitters are set of uneducated ignorant. LINK"
1828,0,Not Hate,Classic @ Daystar Christian Centre LINK
1830,1,Neutral,": God, you’re unbelievably ignorant and it’s draining. Women work and still run the chores at home. St…"
1831,1,Neutral,S/o 2 m¥ goons....
1832,2,Hate,""": Don't lose the girl of your life for the hoe of the night."""
1833,1,Neutral,Alain pardeaux is changing newcastle to french national team bbc report n what r you doing Ian Ayre you slow bastards speed up coutinho deal
1835,0,Not Hate,"A bum onye ibo, sugbon m'o gbo Yoruba daradara"
1838,0,Not Hate,"When I think of the Senate president's convoy hitting a corper and running, then you can see how deteriorated things are in this country, it happened to me July 29,2012 around 4 to 5pm,they managed to cover it... This country is that bad... Sorry for your loss.."
1839,0,Not Hate,": Islam isn't at a primitive stage, it's actually going through its most important stage in its history. World is in desperate ..."
1840,0,Not Hate,"Starboy VP continues Next Level engagements with a meeting today in Ikeja, Lagos State with the Hausa community. He is holding similar Next Level engagement also today in Yola as we speak"
1841,2,Hate,The vid clip of those idiot kidnappers of kaduna train is another evidence that Fulani ppl r now the most criminals among all tribe in Nigeria.
1842,2,Hate,": In 2014, I asked this question during one my visits to Malaysia. If a Fulani terrorist, local or foreign, armed with…"
1843,0,Not Hate,Canadian loud
1845,0,Not Hate,You should be smart enough to not be fooled twice.
1847,2,Hate,This thread goes to show you how morally bankrupt a lot of women are LINK
1848,2,Hate,"YAgA!!!"": "": Loool no chill. "": Sex with a hoe LINK"
1851,2,Hate,Mr president stop this Terrorist Fulani Herdsmen you and your cabal support! This Terrorist would divide Nigeria under watch! Everyday people are dying and you aren’t doing a thing to save Nigerians.
1852,0,Not Hate,I Bless the Lord
1854,1,Neutral,Please all this ladies with fish brains biko if he's earning 200k every month then it's so ok to start a family
1855,1,Neutral,David why is ur family not among the victims of Southern Kaduna killings or IDP bombing. Foolish slave.
1856,2,Hate,"shows clearly tat,they re useless without Biafra in nig,its very clear tat,they re nothing but leeches an obnoxious parasites"
1858,2,Hate,BIAFRA IS OUR HOPE AND SOLUTION TO THE MASSCRE OF BIAFRANS SINCE 1960S IN NIGERIA. BY FULANI/HAUSAS(NORTHERN NIGERIA) BIAFRA A GRATE NATION.
1860,0,Not Hate,NIGERIAN WEDDING IJEOMA &amp; TOLU`S TRADITIONAL LINK LINK
1861,0,Not Hate,: “: there is trouble between hausas and the yorubas. Unconfirmed sources say 13 are dead already” BIG ...
1862,0,Not Hate,"Heisman contender to Heisman contender. Mayfield finds Westbrook, who scorches OK St... LINK by via"
1863,2,Hate,Eweleke breeze don blow foul Nash don open... this is the Oyas that has been creating false rumours of those that are not kito.. cud of apparently the refuse to fuck her are that is full of warts... chai... see the ugly monster...... Oyas the Edo bleached woman..😂😂😂 LINK
1864,0,Not Hate,"Lagos Muslim Community Meets Sanwo-Olu, Lists Five Things He Must Do To Get Votes LINK"
1866,1,Neutral,": Drake: It's Quavo man, not Quefo Tekno: Nna bros no vex, na that Cuppy girl confuse me😂😂😂 LINK"
1868,1,Neutral,That gay freak
1869,1,Neutral,"Guys too weak emotionally, can't differentiate the right girl wen he sees one from the demons like Esther"
1870,0,Not Hate,Living in Christ brings FAME while living in Sin brings SHAME.
1871,1,Neutral,You are not only dumb for using d word made but also very foolish for keeping up with d narrative ode
1872,0,Not Hate,🤣😂🤣😂🤣
1873,0,Not Hate,🔥99.9% agree with this. .. ❌No Wealthy Person On Your Street Has One Income Source. Why Should You❓ ✔... But Real Legit Businesses. Find out How..👇👇 LINK
1875,0,Not Hate,A wee bit of emendation: ... a Whiny little bandersnatch. ... a Whiny little pumpernickel. ... a Whiny little orange toad. ...a Whiny little grubby gunkster.
1877,2,Hate,How are we starting.. I am ready to learn hausa... I want to make the North my won priority.. because these northerners get coconut head
1879,1,Neutral,Fukaholic people
1881,1,Neutral,"Imagine ooo, this same Buhari is D stupid idiot that ordered D closure of our borders in D east and southern part of the country, saying that Nigerians should stop importing and eating foreign rice, yet he keeps traveling abroad to receive foreign medical treatment. Eleribu dede."
1882,0,Not Hate,"Thanks hun"": um.. that is not nice at all. And I am a female so it doesn't make him gay."""
1884,1,Neutral,": *if Atiku picks PIUS ANYIM as his VP candidate, Igbo professionals will turn against PDP, he Pius had been useless to th…"
1885,1,Neutral,"Next time this fake religious scholars tell you the ""Lord reveal to me"" pls ask for the audio recording of the conversation,so we can confirm."
1889,1,Neutral,How about Ibadan killing of Hausas? You guys are so useless. LINK
1891,1,Neutral,Lagos charlatans. Staphylococcus 'erus' is the only microbe they know. Selling wrong or fake drugs to the ignorant.
1892,1,Neutral,A fucking babe🥰
1895,2,Hate,You can see the type of hooligans in this Fulani gangawi government of Nigeria instead of taking about how to deal with the terrorist bandits your talking about compromised British bbc too is this not shameful are they not collaborating with you Fulani government again LINK
1896,2,Hate,"Africans are animals, stupid, crazy and bastards. Right now as we speak a massive xenophobic attack is going on... LINK"
1898,1,Neutral,Graphic designers are wicked LINK
1900,1,Neutral,She says she wants to blow *sex*... Shey na me be banger?...lol!
1901,1,Neutral,"My car runs on gas, not friendship. So pay the fuck up!!!"
1902,2,Hate,: Biafra: Uwazuruike: the shame and disgrace of his dubious style of freedom fighting; the fraud; the liar; and the… LINK
1903,1,Neutral,": Herdsman don't graze animals on farms again, they set them ablaze. Credit: one mumu Yoruba guy, who claimed that his fathe…"
1904,2,Hate,Please can someone explain to me what David Umahi was expecting from all his support to these. Murderous fulani herdsmen despite all the evidences that abound of their hatred for his people and peoples objection to his support
1905,2,Hate,We all know that the unknown gun men are the Fulani herdsmen. Assasinating innocent citizen
1906,0,Not Hate,: Sorry if you don't understand Yoruba LINK
1907,0,Not Hate,"I'm glad they've arrested Mazi Nnamdi Kanu. Food will be cheap, kidnapping will stop, terrorists in the North will cease fire, killer Fulani herders will maintain peace, corruption will end &amp; Buhari will lift 100M out of poverty. Cc"
1909,1,Neutral,"if she sounds like table tennis, when she chews gum"
1911,1,Neutral,"Tall guys are so underrated, they should be a gender of their own."
1912,1,Neutral,they all think your gay right ? Evil ppl!!!
1913,0,Not Hate,"Thread by : ""The 1st time the word ""Yoruba"" was used as a generic term for ALL the people of SW Nigeria was in the 19th century by Bi Ajayi Crowther.He did us a disservice there given the fact that it derives from the word""Yariba"" which the H […]"" LINK"
1914,0,Not Hate,"But if yorubas call you their own, u go vex, what is imi nkita, is it everyone from there that eats dog"
1915,2,Hate,Almajiri offsprings. You hardly tweet coherently.
1917,1,Neutral,🤣🤣🤣🤣 great clowns
1919,0,Not Hate,Followback pls
1920,2,Hate,"Ah ahn!!! My people and stereotypes o! I also heard that Tiv people share their wives with visitors, ibo people are all criminals and northerners are uneducated. Why do we just love showing crass in this country with these useless stereotypes on the internet!?🙆🏾♂️😟"
1922,2,Hate,By Fulani herdsmen. It’s barbaric and evil. Very sad the army is aiding and abetting murderous Fulani terrorists masquerading as herdsmen. It’s a Buhari/APC govt thing
1923,0,Not Hate,"Until last night and this morning, one would have thought that being a Christian in America was such bad or mundane thing. But see how the big news sites are quoting the Christian publication over its stance on Trump. Such awesome America."
1926,1,Neutral,"This one wan kill person papa, nonsense guy! Both the guy and the girl fit die o🤣"
1927,2,Hate,": If you don’t support the Oodua, Biafra and other agitated Nations you’ll be wiped out completely by the Fula terrorists…"
1928,2,Hate,I hope with this tweet we can now conclude herdsmen are criminals and it has no exclusivity of Fulani.
1929,2,Hate,"This actually true. They (Fulani) don't eat their cows rather they eat sheep,goat,chicken or Turkey. Dubious and evil people"
1930,1,Neutral,"Lol i laugh in Biafra, you really don’t know you are a bastard non of your family members is willing to tell you that but I’m telling you for free you be OMO ALE."
1931,2,Hate,"You can say anything as a vulture, fraud and beneficiary of our resources. If you are angry, go and tell your Fulani cow leaders, brothers &amp; sisters to separate from Biafrans. We are humans &amp; not Vultures who feeds from carcasses; &amp; we are Christians - not Pig worshipers. Cow!"
1932,2,Hate,"He is monster and unpatriotic citizens, he need to be indicted for treason before he pass away. Igbos are ignorants and so desperate for leadership."
1933,1,Neutral,Nigeria Army can send their men to give IPOB mmbers phyton dance but cannot send their men to give Fulani herdsmen common cockroach dance.
1935,2,Hate,Many beautiful ladies don't have sense also 2. They are either jealous asf 3. They are psychopaths 4. Some are beauty without brains!!! 5. Some have anger issues
1936,1,Neutral,"Oloshi catfish werey, ogun kee you"
1937,0,Not Hate,HospitalitY :)
1938,2,Hate,"Mr man go and sit down ars lickers like you are the problem of this country, who knows your stake in this fraudulent project, that's why you are are using fake pictures of igbo man to hide your evil identity whereas we all know you are one of these satanic fulanis janjaweeds."
1939,1,Neutral,Oh! You are still here great grand child? Yours are lame idiot.
1940,0,Not Hate,"PLEASE TEACH YOUR KIDS THE NAMES OF ANIMALS IN IGBO LANGUAGE (NA ASỤSỤ IGBO)😃 1) Goat = Ewu (Male = Mkpi, Female = Nne Ewu) 2) Fowl = Okuko (Male = Oke Ọkpa, Female = Nnekwu) 3) Guinea Fowl = Ọgazị 4) Chicken... LINK"
1942,0,Not Hate,Lag on ma mind bt redeem camp comes fest#
1943,2,Hate,Northern politicians are selfish
1944,2,Hate,: Fulani herdsmen are still killing Nigerians till this moment and is dead on duty. Buhari Bigots…
1946,1,Neutral,WOW THIS BABE IS THE BADDEST THROAT FUCKER
1947,2,Hate,Says a Yoruba bastard
1950,1,Neutral,"Who told Nigerian govt that cow rearing is for Fulanis ...huh ? Igbos can do that too....we ve wawa people in Enugu they understand cow business very well. ...so oga,chill and leave that ur connotative grazing bill, Everybody stay on your own and do ur ethnic business peacefully."
1951,0,Not Hate,Ekiti Gov. Kayode Fayemi promises Ekiti people uninterrupted power supply - LINK LINK
1952,1,Neutral,"Twitter isn't all about having many followers, despite d amount of legs millipede has..its 1 of d worthless creatures on earth."
1954,0,Not Hate,Don't know why people just don't get that we and the northerners all suffer from the same thing and southerners forget that the reason they are christians is because of rape and murder
1955,1,Neutral,"You are very correct........ Imagine useless, brainless and jobless people carrying placards on trivia issue that had no substantial evidence but all the idiots kept mute when it comes to boko harram, fulani heads men, kidnapping, and host of others. We celebrates lies in NIGERIA"
1956,2,Hate,See dem hoes
1957,0,Not Hate,": ""Birthday Girl"" - ft with &amp; LINK"
1958,1,Neutral,"Nobody want his empty head. He shld learn 2 respect pple. He can criticize civilly since he claims to be Pastor too. This idea of ""be timid &amp; weak cos you're Christian is d reason even terrorists now get emboldened to annihilate Christians. Ever heard of"" EUROPEAN EVANGELISM? """
1959,1,Neutral,: Pretty girl shit 😈 LINK
1960,1,Neutral,"""Shey eyan ma n hit iranse Olorun ni?""But iranse Olorun can infringe on ur sanity via noise pollution. Even Policemen are more stupid than us ordinary stupid Nigerians. I am just tired. I had cause to report a similar noise pollution to the Police. I went back home more dejected."
1962,2,Hate,Catch your sub bitch 🤣🤣🤣🤣
1963,0,Not Hate,just spank chroma devido for ass... while davido dey window they watch dem...as I dey tell u now an the matter we they settle for compand ...Happy weekend my fellow settlers
1964,0,Not Hate,"A community raising motherland Moguls!!! Come let's Slay, Network and Mingle🙌 Click on the link below to join the SLA Community using my referral code SLY378 LINK"
1968,2,Hate,"The North is full of useless ideas and ideology. Social media bill was introduced just to track and silence opinions/views from people of Southern Nigeria. The bill was killed, NIN was introduced for same purpose and now, these set of backward individuals are asking for IMEI"
1970,0,Not Hate,: Male puppies let female puppies win during playtime.
1971,0,Not Hate,after 11pm Ʋ av nothin to worry about.
1973,2,Hate,"This is reason I dislike northern muslims..they ar full of hypocrisy .they will never protest against this islamic animal, For supporting terrorism, they’ll all keep quite .. bcos they share same ideology .. Let’s go our separate ways..!"
1974,0,Not Hate,You beg her to date you.... Later!!! She starts begging u to marry her... Irony of life!!!
1976,2,Hate,"Love to my hoes, you know that daddy gon fuck you later 😂💙💙"
1977,0,Not Hate,"Sometimes love feels like heaven, but sometimes it hurts like hell"
1978,1,Neutral,"Just saw little of the PSG game and as usual, they are playing rubbish. Let me switch to the Barca match and wait till Messi comes in in the second half"
1979,0,Not Hate,… LINK
1980,1,Neutral,Ur very rude for this statement I don’t blame for his response...looking for cheap fame mumu
1981,0,Not Hate,"But Islam allows you to see Dangote's bum-bum and keep mute, right? LINK"
1982,1,Neutral,"Nobody told that old fool Nada, which south southern will remain with the foolish retarded beings of his kind? I rather go with Oduduwa nation or Biafra, happiness choke him dia, he is a liar and a trickster. He hasn't been in communication with anyone,"
1985,2,Hate,"You know who your master is. The ones who called you primitive on TV. Anyway, some stupid Yoruba people talking trash on this useless tweet, the bigots looking for bigots, do not speak for the tribe so I'll hold my peace but don't stop being stupid, it's your forte."
1986,1,Neutral,"I can see u are a miserable one who think u can just dash to say anything from yr dirty mouth, ipob did all that n we all know it's start n reason for it n here we are now trying to push obi for yr agenda n more reason we are not hearing Biafra now, u want to rule over zoo?"
1987,2,Hate,What if women are scum? 😒🤔
1988,1,Neutral,Behind every beautiful girl there is a dumb ass guy who did her wrong and made her to be strong
1990,1,Neutral,"Abeg wots ur inspiration ur smoking d wrong weed "": Girls w. Small tittys got the best faces . Real shiiitt . """
1991,2,Hate,Host dan jam Werey. LINK
1992,2,Hate,"Nigeria can't work together anymore politicians have divided the country before you and nothing you can do. Northern are not ready to move forward but you're forcing them, they hate education. Maitasini in 60s now bokoharam. You're not seeing future I swear"
1993,2,Hate,Almost raped by sum lesbian bitches....jst wanna fuck real pussies PLS.....
1994,0,Not Hate,"In the North East of Nigeria,about 84.5 percent of kids are illiterates.These kids from poor background are now most prone to violence"
1996,2,Hate,"Bad bitches is the only thing that I like I be living life like I live it twice"""
1998,1,Neutral,Yoruba Demon😹💔
1999,2,Hate,You people do so much more for issues not even as serious as this. Remember the woman who asked them not t pray in front of her shop in the north? They beheaded her... usesless hypocrites.. God punish the lots who perpetrate evil be you christain or muslim. Anuofia
2000,2,Hate,"You say herdsmen have a right to do business anywhere in Nigeria, but Yoruba men don’t have the right to start pig farms in Sokoto? Kano can regulate Igbo people’s beer parlours in Kano, but Ondo should not regulate killer herdsmen? We want equality or division!"
2003,0,Not Hate,": Federal Ministry of Health, kindly send a copy of your advisory on meningitis 👇to Gov. Yari. Translate it into Hausa for him…"
2004,2,Hate,The North will. They are born traitors. Watch what will eventually happen.
2005,1,Neutral,"the fat bastard have no shame, being an almajiri is better than being a known thief."
2006,0,Not Hate,lmao funnyyyyyy
2007,2,Hate,Their hypocrisy and wickedness sounds loud. Nigeria is a country for hausa/fulani only others should find their way because you don't belong there they are just using you for their sustenance LINK
2008,2,Hate,Bitch ass nigass..... Mtcheeew
2009,2,Hate,Forget stretch marks.... Fat girls are annoying 😚😚
2011,2,Hate,"The answer is simple,the so called fake white christain hypocrites in ur country"
2012,1,Neutral,Nigeria must excel in our lifetime so we don't have to keep condoning all of these nonsense.
2013,2,Hate,They are honestly sick. I'm beginning to see Yorubas as the most tribalistic tribes in Nigeria. They hated GEJ bcos he's 4rm south nd said he's d problem of Nigeria. Bubu gave them hot hot. Now they're bringing Tinibu the godfather. Na wa
2014,2,Hate,"And somebody will now only say women are scum. He who kills by the sword,dies by the sword shekina."
2015,1,Neutral,Shut up! If you don't getrit forget about rit
2016,2,Hate,"U are the realest Hausa pig, defending evil. Deal with ur bandits bfr coming here to spit trash cos u have 10mb data"
2018,1,Neutral,Only a thief will support a thief. is a thief for supporting
2020,2,Hate,Swears nothing they’d will make f00lish tribe who thinks everyone is against them like they’re the best thing in the world win. Biafraud biafools now they’re Nigerians suddenly confused souls
2021,1,Neutral,OK. My reply was to the tweet that's asking for shrine. The first tweet said malls may have prayer space for Muslims like a mall in Ilorin. What's the problem with that? Or why is it dumb?
2022,1,Neutral,Men are experts in blaming women. With his coconut head
2023,1,Neutral,"Don't be so happy when you dump a girl, your new girlfriend was dumped by someone too. So all na UK used, even... LINK"
2024,0,Not Hate,The story of the human race is the story of men and women selling themselves short - Abraham Maslow.
2027,1,Neutral,Evil LINK
2029,2,Hate,Southerners are politically stupid!
2030,2,Hate,Yes the igbos are money minded but the yorubas are deceiving lying cheats and tell soyinka that he is dumb
2031,2,Hate,: bitches making fun of witchcraft and astrology while being CHRISTIANS will always be funny to me 😭 LINK
2032,0,Not Hate,Some murder cases can be this confusing
2033,0,Not Hate,Maybe the bigots are not seen something like this. A Yoruba man rewarded by a detribalized governor from North. LINK
2035,2,Hate,So sad s/e govs only decided to set ebube-agu to fight the alleged activities of esn/ ipod their own brothers.where were they wen Fulani HERDSMEN were tormenting the people.we wait and see how esn vs ebube-agu ; south east vs south east will turn out!
2039,2,Hate,"Some of you, Northerners are really so naive and gullible to be seen as human."
2040,1,Neutral,You be bastard woman. So you post this with your own hand and without shame. didn't lie afterall. You are an old fool... LINK
2042,2,Hate,"A boyfriend and girlfriend suppose to laugh at these hoes together. A guy should never have these hoes laughing at his girl...."""
2043,2,Hate,"Some northerners are just senseless. So bcuz i visited my uncle twice and asked after my female cousin, d notion is dt im in luv with her."
2046,1,Neutral,Someone that cannot construct a meaningful title want to do a thread. 'Northern Nigeria Poor' Why are you so daft? ...I am very sure your parent won't be proud of you if they see this. plz advise this man to take this tweet down.
2048,0,Not Hate,baba u 2gt mouth.
2049,1,Neutral,Left down already!!! Empty your bald fraud in the bin. LINK
2050,1,Neutral,Amen!!!!!!! Tori werey gidi ni Gbogbo Awon to wa nibeyen!!!! Aaaaah that place is not for human beings LINK
2051,1,Neutral,i made promises nt 2 turn her heart pieces buh she made hisses..nw tru luv is a history...girls r misery.
2052,0,Not Hate,He doesn't need all this. Just walk away You just messed up the life of an innocent girl LINK
2053,0,Not Hate,Bruno is overrated Abeg.
2054,2,Hate,"Sorry if it hits you but by ‘self destructive’ I was talking of iPob killing fellow igbo kinsman, igbo person trying hard to bring another igbo man , like another igbo man claiming to be presidential of Labour Party not Peter obi , now INEC only recognizes Obi’s Labour Party"
2055,0,Not Hate,: The way some southern Nigerians view northern Nigerians &amp; Islam is the same way colonialists viewed Africans— barbaric. Among…
2056,2,Hate,It's not just my opinion.Hypocrisy is the order of the day in the north.What does their leaders asking for it's ban actually prove?The same leaders that also condemn alcoholism in public but take it secretlySouth they are more liberal &amp; expressive..let Nigeria separate already 🤦🏿♂️
2059,0,Not Hate,": In a message to Muslims commemorating the birthday of Prophet Muhammad (SAW), President Buhari urged all citizens and the…"
2060,2,Hate,Northern Nigeria is lead by crappy emotional leaders !! From the last man to final Man!! When they are confronted with real situations they start singing Tribal and Religious songs !! Aboki no wise so Aboki always becomes a victim !!!
2061,0,Not Hate,"What women go through, if it was the husband they caught having sex would the woman have the nerves to hit him like that😪"
2064,1,Neutral,"God doesn’t answer wicked people’s prayer, instead he will make them slaves in their own land for everlasting. Useless beings. Brothers killers 👎🏽 course be on sa poop forever wicked generation"
2065,0,Not Hate,🌜🐕 LINK
2066,0,Not Hate,: My Dad stopped traveling to Ijebu-Ode after he got robbed and ambushed by Fulani Herdsmen as far back as 2013. From his nar…
2069,1,Neutral,Baba a Rolex of 200k and a Rolex of 10k are both fake. Most times they're both the same fucking watch even. The 200k own is just bought from a more high-end seller who has rich people he can swindle
2070,1,Neutral,You are a Muslim shut up. Stop lying
2072,0,Not Hate,"Got a “the governor of ____(one eastern state) is my friend and he has promised me the gig” pitch from someone I know. Well, let’s just say Governor no come through and my guy japa to UK with all my savings that I put in as investment. LINK"
2075,1,Neutral,: Soyinka: I never attacked Igbo over election… whoever believes I did is a moron LINK via
2076,0,Not Hate,": ,Buhari is ICC candidate on crime against humanity, check out . Free free"
2078,2,Hate,"This Hausa lack it all........ All d Fulani re fools, ode nla proSarz kill dem all"
2079,2,Hate,"Nigeria is not a country,but a Zoo filled with Monkeys and baboons.I was not surprised,Okorocha is a disgrace to Igbo nation."
2080,2,Hate,Then why are those killer Fulani herdsmen killing people in the south?
2081,2,Hate,"Of recent Benue,Oyo,Ebonyi, Platue all happend this past few weeks.Blood thirsty heartless coward fulani demon killed scores of people. Dont forget they have been killing so much since your evil brother came in. You guys are happy about it As no arrest is made.All these for cow?"
2082,0,Not Hate,"Referee it wasn't a red card!."""
2083,0,Not Hate,: Another public holiday on Monday. Muslims holding it down while we Christians only celebrating the birth and death of Jesus…
2084,0,Not Hate,"Who knew this day would come when Naija girls be scared of rich guys 😂😂 Broke boys , your time is now !! 👐 😂😂"
2085,2,Hate,"But you sabi English oo, you just dey use English dey intimidate us that went to aturu Universities in this stupid Fulani cow country! It's well sha, when the presido is cow, the followers are tend to be aturus... Lol"
2086,1,Neutral,Fucking someone girlfriend inside club toilet hits different 🤘😝😝
2090,1,Neutral,Who cares about ur region Ewu hausa...
2091,1,Neutral,"Coz dey r disposable duh "": Really wonder Ɣ boys like plastic gurls..."""
2092,1,Neutral,You are mad🤣🤣🤣🤣
2093,2,Hate,Religious fools are praying for Israel that are using sophisticated weapons to defend themselves. Who do us in Africa.. I guess these moron s don't know Christians in Israel are just 2% of their population... 🤣 🤣 🤣
2094,0,Not Hate,Nope. Don't have it in me.
2095,2,Hate,"For the fact that we always excellently digress from a major point of a discussion and guilt trip people into apologizing for primitive tribal reasons. Fuck Yoruba, Igbo and Hausa."
2096,0,Not Hate,"Rotflmao : ewooooo!!!! Biko nwayo nwayo, chimoooo: A Chick moaning in igbo language...”"""""
2099,1,Neutral,"😂 That guy flatters himself too much, Uncle Frank. Busy searching for a striker to laugh at, at Chelsea meanwhile his whole football club is a banter sporting institution."
2100,1,Neutral,You are not different from the violents Fulani herdsmen that you are condemning. What a local touts you and your supporters are.
2101,0,Not Hate,": Accusing a pious woman of immoral acts is one of the 7 deadly sins in Islam. Calling her ""hoe"" ""slut"" ""slag"" etc will b…"
2103,0,Not Hate,"The Igbo culture is rich, umu Igbo kwenu!!"
2104,2,Hate,Abeg lagosians mek u continue burning ur City now why did u stop......
2105,0,Not Hate,"Yoruba's with their eku Aro,Eku osan,eku irole&gt;&gt;&gt;&gt;kinide faa"
2106,2,Hate,Chinanza among the Hausa men that were killing people in South is captured and saying it is malams that re giving them orders! Chai Northerners were are killing us for this country. Very stupid creatures on earth. LINK
2107,2,Hate,:) : All these hausa girls with small waist n big bum... Nonsense!
2108,2,Hate,Igbos are the worst tribes when it come to politics in Nigeria. They are hypocrite in selection and election. Their choice of governor and how they emerged says it all.
2109,1,Neutral,Europa waiting for you Bayern is whopping your ass
2110,1,Neutral,show ur ugly face A$AP!!!
2112,2,Hate,"Aboki I wan buy suya, How much u dey sell?.... Illiterates"
2114,2,Hate,The rich bitches .. But that definitely not u.
2115,2,Hate,Educate the moron Fulani janjaweed sir.
2116,2,Hate,Should be Incase u don't know...most of those Yoruba youths that are killing those northerners are illiterate
2117,1,Neutral,"Lol ur a *mumu*"": Fabregas wil Assist GEJ to win the Election IJN."""
2118,1,Neutral,MAZI NNAMDI KANU HAS ALREADY LIBERATED BIAFRANS FROM NIGERIA MENTALLY AND SPIRITUALLY LET NO MAN CLAIM HE DID IT MNK IS THE ONLY LEADER WE KNOW AND OBEY ANY OTHER NA SCAM LINK
2120,0,Not Hate,Lack of well trained and qualified teachers. Most are highly trained floggers that can’t boast to know much more than the students they are teaching.
2123,2,Hate,They are terrorists supported by northern leaders…. The truth is the north is ok with them….. let them burn! But should not cross down to the south. They should kill their own people.
2124,0,Not Hate,I added a video to a playlist LINK Flavour – Iheneme ft. Chidinma Official LYRICS 2 GO
2126,2,Hate,: Lesbian action always hot! LINK
2127,1,Neutral,"He hasn't gotten the memo yet, he is still buying many more Lagos mumus daily."
2128,0,Not Hate,Spot on
2129,1,Neutral,Money doesn’t get you a good woman just hoes... You gotta enjoy your heaven on earth though💯
2130,1,Neutral,Will come carry this old fool? What nonsense is this? Have bandits not killed children?! May God punish Gumi! Wicked man playing with the lives of children to score cheap political points! come carry your terrorist brother!! LINK
2131,1,Neutral,"Stop flooding my timeline engaging that lunatic......ur response to his voyage of foolishness is why he feels like a political guru. If u value my followership,kindly refrain pls"
2132,0,Not Hate,: 36. Christians must be involved in the media and culture space. They create societal and political context.
2134,1,Neutral,so u no fit pity ur fagbon leave am out of trouble abi?useless pickin.
2135,1,Neutral,Olosho
2136,0,Not Hate,original black afican mantanin america.hillarious blkflo
2137,1,Neutral,: : 'We may do something stupid' …
2138,1,Neutral,Pant wey them Dey remove for indomie and egg... Shey na 200k she no go come remove am for?.... mtchew...
2140,1,Neutral,And all these wl be achieved within a month? It will be a compliment calling you a dummkopf. Just make sure you're on the street and not on tweeter for d protest. Ode.
2141,1,Neutral,Breastless babes be looking like LINK
2142,1,Neutral,U re d sadist if u put it to her face she is a Hoe so extraneous.. Respect d bitches a woman shld be respected no matter what wtf *Ugh
2143,1,Neutral,"Lol. Modafuckers like them if u like discover sex style, they will still cheat LINK"
2144,2,Hate,Mr saminu musa if /ESN should deserve courses then those of &amp; killing! kidnapping! Ur children women! raping Ur Daughters in the north must deserve courses &amp; death! even stone soliciting for them! &gt;&gt;
2146,0,Not Hate,": 🤔1: Agree. Low hanging fruit, YES, a vicious cycle, yes, but IMO &amp; to the extent that “Arewa men” = “northern muslim men”…"
2148,2,Hate,"Ur claims that votes are in the north get me pierced off. If northerners who goes to the north to vote can stay put after voting and enjoy what they aught to enjoy,it would have been a good thing but they are been used only to vote. Clueless &amp; lifeless people!"
2149,0,Not Hate,": Fulani will always revenge injustice – El-Rufai tells Igbo, Yoruba, others | NN NEWS Mallam Nasir El-Rufai has tell…"
2150,1,Neutral,Get out
2153,0,Not Hate,": The Prophet said: ""A muslim does not regularly attend the mosques to perform prayer and remember Allah, but Allah feels h…"
2154,2,Hate,iHave a LOT of respect for Wanda in Fairly Odd-Parents!! How she can STILL be with COSMO shows that she isn't your average modern-day hoe!!
2157,0,Not Hate,...and a jealous woman.
2158,0,Not Hate,"Kwara is never for PYO. Stop dreaming, Uncle Soga."
2159,0,Not Hate,I'm supporting arsenal with everything...
2160,2,Hate,"This is wickedness in the highest order, Fulani’S destroying innocent biafran yams giving to they cows to eat 😭😢🐄., people sufferness LINK"
2161,2,Hate,They want to do their Almajiri mentality... E be like SWAT = SARS With ALMAJIRI Mentality. Werey dey disguise. Ewu
2162,2,Hate,"Don't mind them. This blasphemy has exposed a lot about the North. They are low key killers, terrorists hiding under Islam."
2163,1,Neutral,Bodied the idiot 😭
2164,1,Neutral,Same woman children of perdition (Buharists) from the pigsty slandered. LINK
2165,1,Neutral,"Idiot we were massacred, both women and children because we said we want our Biafra restored. And we're still saying the same thing olodo. Allow us to leave peacefully."
2168,1,Neutral,"My question is Mst Nigeria soldiers wait till we're attacked &amp; get killed before raiding their hideout? Secndly, was it these 5 that killed over 40 farmers?.....we're in sane in dis country And some will still come out to defend dis blood suckng govt of Nigeria......"
2169,1,Neutral,"yeah, then do something.. Nigerians are juggernauts on social media.. Just to catch cruise on social media, make it be say we follow trend.."
2171,1,Neutral,"But you wicked Sha... He should just start fwith Garba Shehu, then Lai Mohammed before Oga"
2172,2,Hate,Buharists are illiterate northern almajiris who have been hypnotised nd brainwashed janjaweed. The elites among them are the ones fighting for their pocket. Even aisha has openly asked pple to vote wisely
2173,0,Not Hate,Just posted a photo LINK
2174,0,Not Hate,"Baba what you just suggest wouldn't happen anytime soon. A Yoruba guy or anyone from the south especially when his a Christian that try to date a northern lady is at the risk of great danger from area boy who claimed you are ""Arne"" meaning a person without religion"
2175,1,Neutral,": Driving 2 hours to go and see ordinary man. Small time, “men are scum.” “Yoruba men are this and that.” But you won’t leave…"
2176,1,Neutral,I honestly can't comprehend this evil. I just can't. LINK
2178,0,Not Hate,Two piece available Price :7500 Top also available in all other colours Pls help me in retweeting my customers may be on your TL LINK
2179,1,Neutral,suit ur fricky ass!!!.
2180,0,Not Hate,": Please and please, when will Fulani herdsmen and Birom People be civilised? Killing yourselves by yourselves, this is u…"
2182,1,Neutral,They get too comfortable with easy to come by daily bread because they are in a working country ad forget they can get better by challenging themselves... They are worst than non-educated Nigerians
2183,1,Neutral,Yoruba Demon😠😒😏😏😏
2185,1,Neutral,"Sega picks a tweet that supports his Snooty Bigoted prig of a person, quotes the tweet with a Lopsided comment, plagued with Prejudices - then Pushes his insecurities unto others! I am always weary of people (Lawyers?) that manipulate others with fanciful ambiguous words. Yeye! LINK"
2188,1,Neutral,"This slave nonsense in Libya must stop, this inhumanity against human must, shame on to all the African... LINK"
2190,2,Hate,"The ""we"" in his context are they the barbaric Fulani janjaweed from Futa Jalon."
2191,1,Neutral,One Nigeria? When u rejected new N100 note bcos it has no arabic. Is Nig an islamic country? Nigeria is full of fake ppl claiming 2 b real
2192,1,Neutral,"Guy smell your brain is burning, when an idiot lead all followers automatic become stupid you dont have proof of your claims you start busting out to assassinate someone character you guys never see wahala ooo just try some one that's ready, you are one leg into prison."
2193,1,Neutral,Women are women haters...they'll rather prefer a guy to their fellow woman. So sad!
2195,2,Hate,That's bullshit. Fxcking grace 4rm a fxcking hoe.
2196,1,Neutral,"you are the compound fool and village idiot found of raising unnecessary false alarm.Omo ale,igbo smoker."
2199,0,Not Hate,you dope pass crack.
2200,1,Neutral,"Why not prove me wrong by giving at least names of 3 immediate DGs who are Southerners. Configured moron like will be the first to complain of breach of the constitutional provisions of Federal character, anytime a Southerner occupies the position of President."
2201,0,Not Hate,"If the President had come forth to address the nation on this pandemic about three weeks ago with interpretation in all the major languages in Nigeria,those market women wouldn't have doubted the existence of this disease. Our leaders are grossly incompetent."
2202,2,Hate,"You got it right, he's looking for malam, fulani herdsmen, and core northerners to replace him, that bad, they're too fanatic, and religious as well, fools, don't mind them, justice will take place someday in this nation..."
2205,2,Hate,": ""If he ever left me for another girl, I'll turn lesbian and fuck his bitch."" 😫😫😫"
2206,0,Not Hate,Sometimes the things you don't want to let go are the ones that keep you away from your happiness. Let go.
2208,2,Hate,": Why is the world’s attention focused on Syria? In Nigeria, killer Fulani herdsmen have killed thousands of Nigerians in the…"
2210,2,Hate,"U recruited fulani moles, so enjoy the ride"
2211,0,Not Hate,😂 maybe possibly the unborn men 😂
2212,0,Not Hate,"So You think. He went down because the south, especially the west gave gave chunk of votes to Buhari. While few Northern PDP pay lip service to him and gave Buhari their votes, the West was divided by the 'tiwa n tiwa' syndrome and the Osinbajo bait. The Yoruba fell like 'mugu'."
2213,1,Neutral,You are wicked😂😂😂😂😂😂😂😂
2214,0,Not Hate,Seriously boss these banter are just for Twitter. Anyone’s disrespecting women in rl is a pre-existing asshole. Nothing to do with Twitter joke
2217,1,Neutral,"You are just the biggest fool of the century. Also call the INEC chair ""ballot box snatcher"". Zombie that cannot think for himself. Sorry for you. Come and lick PMB's excreter, he just pooed here. That's what you are good at."
2219,2,Hate,"“: Sorry madam"": bitch""”smh"
2221,1,Neutral,"The idiot that organized today's event, from Ekwulobia to an unknown place, that keep Biafrans crying, looking... LINK"
2222,0,Not Hate,"Oligomenorrhea occurs in women of childbearing age. Some variation in menstruation is normal, but a woman who regularly goes more than 35 days without menstruating may be diagnosed with oligomenorrhea. Periods… LINK"
2223,1,Neutral,Ewu Na only here dem dy see you
2226,2,Hate,"Non of them will ever get it. The greedy north will never allow that to happen. Igbo presidency is scam and a dream that will never be allowed to be. Do let anybody deceive you, it is like seed of maize thrown to a fowl with traps be the sides."
2227,0,Not Hate,None other than the realest . Akwa Ibom to the world. . LINK
2232,0,Not Hate,Boom sha sha💥. I was on the two odd. Thank you bro
2234,0,Not Hate,"Relaxed fit Oxford Shirt Brand : Zara Available in Large Price N15,000 FREE delivery in Lagos LINK"
2235,0,Not Hate,"U might love what has he done for us he left we Yoruba in dilema,he has most of his life in Ogun state his factory and farm in ota yet being a president our roads are bad but he can do all northern roads"
2236,2,Hate,"women are actually the greatest hypocrites of all time, all these trolls coz it was not the other way round? A creature that always wants to be on the receiving end... Enjoy your family... LINK"
2237,0,Not Hate,": While kidnappings &amp; banditry have subsided in the Northern part of the country, coordinated attacks on security outfits &amp; pocke…"
2238,0,Not Hate,BBC News - Will Nigeria's abducted schoolgirls ever be found? LINK Nigeria
2239,1,Neutral,Looool kyane... Yoruba demon ke
2240,1,Neutral,Na woman go kill you las las 😂😂😂 LINK
2241,0,Not Hate,Usman Dan Fodio.. the fulani Jihadist LINK
2242,0,Not Hate,": The Hausa man is my brother, so is the Igbo man and The Yoruba man. We are all one. The Government and the Government alon…"
2245,2,Hate,"Ibo peeps r the worst set of people, especially anambra pple.."
2247,2,Hate,"There still a lot of immature females here,she is trying to defend females and she still dragged a person's mother into her childish bants If you try to defend women and you're disrespectful about it how will you Ever get the respect you're looking for? In conclusion, she a hoe"
2248,2,Hate,Correct Yoruba demon shit
2249,0,Not Hate,: Flavour also came through with the Igbo style incase the government doesn't understand our English since. Turn up was 🔥🔥🔥 K…
2250,0,Not Hate,Ni kadae nasan me kike so
2256,0,Not Hate,Kogi Commissioner Abducted By Daredevil Gunmen: LINK
2257,2,Hate,So did the fulanis lease the land dumb fuck? Aware of what settlement? Lol.They left them there because they are scared of approaching them. People tend to behave in a certain way when they have had enough. I have had a first hand experience with fulani violence. Dont tel me crap
2261,1,Neutral,: The wickedness and greediness of southern politicians is the main reason fulani caliphate is advancing with their agenda …
2262,2,Hate,"I dnt plame u at all,hw I my nt sure dat u ar a gay fool"
2263,1,Neutral,"See ""feminist"" in their bio is the first red flag for me. When you try engaging them you'll discover they're mostly bitter miserable people who don't like being women."
2264,1,Neutral,sam I believe u are d most insane person to hv made such a stupid comment. If u are not ripe to use phone drop it. Idiot
2265,0,Not Hate,"Biko, kedu onye guru egwu a? Nelly Uchendu?"
2266,0,Not Hate,"Brown skin girls are a beauty to behold . . . Skin popping like gold, we dripping gold here… LINK"
2267,0,Not Hate,"looolll..kike, slap urself"
2268,0,Not Hate,"No islamic ruling said you cant eat a food cooked by a woman that is not your wife, any ""muslim"" who claim or say so is a LIAR LINK"
2269,0,Not Hate,exactly!!
2270,1,Neutral,Only St***d and F**lish Africans sympathize with Ukraine. The e**l the west committed will surely hunt them back.
2271,2,Hate,"Of what essence is the radio-fulani? Dis is nt a communication issue, neither is it media- it's security. D security architecture of the nation is in shambles. Fulani rank is infiltrated- herders are now marauders. Pple most live within d law- law enforcement must be activated. LINK"
2272,0,Not Hate,"Lmfao"": WIZKID JUST BLOCKED ME? Y evulz :'("""
2274,2,Hate,Women are scum 😅😅😅
2275,2,Hate,"When white people dey hope say one day black go rule their country, we blacks dey hope say make oyibo come re-colonize us..... Black man selfish I swear"
2276,1,Neutral,"When did you realize you are mentally unwell? You don't need confirmation man, this is proof. Get help."
2278,1,Neutral,Thank God I understands Ibo. You are a devil for spreading fake news. Fulani gbukwa there. Anuofia
2279,2,Hate,"The murderous Fulani herdsmen invade communities, commit atrocities and sack the inhabitants. Then the ""peaceful"" Fulani then come in and occupy the conquered areas. To hell with you lot. We know the game."
2280,0,Not Hate,I WILL HELP JUST 20 PEOPLE TO MAKE MONEY ONLINE WITHOUT SENDING MONEY TO ANYONE LEARN HOW NOW Join what’s app Group Link 👇🏼👇🏼👇🏼👇🏼👇🏼 LINK Buhari Donny Neo and Lucy Everton Ojota
2281,2,Hate,"Your hypocrisy is shown all over this tweet, those IPOB terrorists who killed northerns in the east don't deserve your condemnation, well done sir. LINK"
2282,1,Neutral,Oloye the guy is a complete fool. May be he just smoke igbo b4 he tweeted dis...thx baba
2284,1,Neutral,": You’re Liars, Dan Fulani To Clerics Who Predicted Buhari’s Failure In 2019 | Sahara Reporters Dan Fulani said that it…"
2285,1,Neutral,"LINK Porn videos🍆🍑, shemale videos🥵 and more🤯 🔥🔥🔥 LINK LINK LINK"
2287,0,Not Hate,: ANTI-GAY LAW FALLOUT: Canadian Government Cancels President Jonathan’s State Visit LINK
2289,2,Hate,": Last week, Yoruba men are scum! Yesterday, Yoruba men are romantic! Today, Yoruba men are bad! Tomorrow, Yoruba men are…"
2290,2,Hate,He should use that same energy for Boko Haram &amp; Fulani Herdsmen that are murderers. Easy to call IPOB terrorist but you lot are the actual terrorists &amp; never say anything when your kinsmen go around killing. Fools. LINK
2291,0,Not Hate,": I don't know Penabdul in person, all i know is that he is a good student of Islam, calling him ignorant because you have acces…"
2292,2,Hate,“: ashewo 101 💕”😒 stupid hoe
2293,2,Hate,"Someone says Fulani Herdsmen, one million boys... are all criminals &amp; should be treated equally: that the ethnic coloration of Fulani Herdsmen criminality is politically motivated 😳? Let me explain why he's wrong."
2295,2,Hate,Wah abt thirsty hoes? “: From a reader: should broke men be allowed to date?”
2296,2,Hate,"I have experienced this alot on Twitter, Instagram and Facebook. These lesbians are everywhere wlh, so annoying.."
2297,0,Not Hate,"Obasanjo Bags Master’s Degree, Graduates With 5,000 Students LINK via-"
2298,2,Hate,"Bitches, Asian bitches : If you could spend five minutes with the president, what would you talk about? """
2299,1,Neutral,Homophobic classist? Hahahahahha girl you are dumb like bottom barrel dumb. Jeez! You had to resort to a meaningless bants cos you clearly cannot answer how it’s Elites fault your favy is a patriarchy princess? Girl 👋
2300,1,Neutral,The same Ortom will come out to say he doesn't have the power to use police to protect the people of Benue state against herdsmen but the idiot has power to use police to whisker someone away. Ortomatic idiot dey worry those people that believed his fat lies LINK
2301,2,Hate,Why this thing come pain you laidis? IPOB Pig 🤣🤣
2302,1,Neutral,U are a numskull not to know that d comparison for this is to tell ur President to go to a Church to pray. May is a Christian who went to a mosque. Let ur Muslim President go to pray in a Church. Bastard! Which Muslim have u seen calling d Ulama Council stupid names?
2304,1,Neutral,Swearz mhen Even if you be virgin conji go still catch you
2305,0,Not Hate,Am so hungover feel so useless rite now
2306,1,Neutral,"Even though Desmond Elliot is wrong , the other woman that spoke is right about being on drugs because I remember very well when you came on the first day we blocked the toll gate, you were smoking Igbo like it was legal , and your fans joined ... so shuttup guy LINK"
2307,0,Not Hate,"Amber Turner, 24, revealed she underwent a non-surgical bum lift to get her posterior incredibly peachy on Instagram ahead of her sun-soaked Middle Eastern getaway LINK LINK"
2308,2,Hate,Some of dis Yoruba asslickers don dey mumu since Deir Godfather declear 2 run for president Dey will try every possible means to defend all d wrongs of dis clueless administration...No wahala kwantinue u go soon receive d news for ur door step...
2310,0,Not Hate,": Police Rescue 19 Pregnant Girls At Lagos Baby Factory, Arrest Two Traffickers | Sahara Reporters LINK"
2311,1,Neutral,No be all Ibadan babes be illiterate sha.🌚
2312,1,Neutral,I so much hate ur liessssssssss!!!!!!!!!
2314,1,Neutral,and to those (women)who think any assistance seeking husband as a parasite
2316,0,Not Hate,Stereotyping is a two-edged sword. It cuts both ways. Discuss issues yes. But never paint all with a wide brush stroke for the crimes or inadequacies of a few. no one wins!
2317,1,Neutral,Nigga ran like skrrrrrrrrr poom pooon LINK
2318,1,Neutral,"..I am made to understand that in Yoruba Language: ..""Oshi"" ..means ""Idiot or Vagabond "" .. ""Omo ole"" .. means ""Son of a Criminal , could be son of a Thief "" 🤔💭Hmmmm, Abeg what is the meaning of ""Oshiomole ""..?"
2319,1,Neutral,Ah. Fuck wu ah want Ah fuck. Wu ah dnt
2321,2,Hate,we always forget that this country is run by Fulani Janjaweed. They are blood suckers
2322,2,Hate,Elrufai have settled meyitti Allah with the sum of 100 billion naira. Are you not in Nigeria? What else are you expecting.. southern kaduna expect more..... 😭😭 I pity all those so called southern elite.
2323,1,Neutral,What's your plan in life? Show us your hustle and we will take you a little bit serious. Na who give you relevance fuckup.
2325,1,Neutral,"Where is the lie you flying moron, that he got sucked or that he's a fake oyibo? Come and fight me because of a non existing criminal for hire. Soon IPOB will be hiring him for some PR job too. His anus belongs to the highest bidder."
2326,0,Not Hate,VIDEO: Runtown – Body Riddim ft. Bella Shmurda &amp; Darkovibes LINK LINK
2327,1,Neutral,Wow!!!!!! To think that I rated these idiots!!😳😳😤 LINK
2328,0,Not Hate,It’s written all over you
2329,2,Hate,with heartfelt pain i pray Gods judgement come upon these south african swines killong fellow africans.. bastards
2332,0,Not Hate,I hope our children get the best education they deserve... u remember those Days quantitative reasoning &amp; Verbal reasoning ?
2333,0,Not Hate,A tiger doesnt loose sleep ova d opinion of a sheep!!!
2334,2,Hate,"It is because girls are like water,they are tasteless😂😂😂"
2335,0,Not Hate,"This obsession with Poch by the old trafford hierarchy, needs to die a natural death."
2336,1,Neutral,Subbing me on twitter won't make me still date you :)
2337,0,Not Hate,"Ndi Pharisees, 😂"
2338,1,Neutral,Lmao. A fraud 😂😂😂
2340,1,Neutral,",u are a Fool is Biafra or nothing"
2341,0,Not Hate,Yah kike
2342,0,Not Hate,Just look my side this time Abeg.... make me sef smile for this period... Abeg 🙏🏻
2343,2,Hate,"COME OUT FUCKING OLD MAN. NEVER AGAIN WILL A NORTHERNER RULE THIS COUNTRY. BASTARD PEOPLE THAT IF ANY OF THEIR CHILDREN DIE THEY WON'T CRY, BUT LET ONE COW DIE, THEY WILL HOLD CANDLE LIGHT."
2344,2,Hate,"Hahahahaha igbayi aro t'arugbo n sukun oko, na now una sense come resetting? since when Igbo are struggle for Biafra, Wehy don't you people keep been slaves under ordinary cows ""Malu"" iranko lasan lasan and keep dying"
2345,1,Neutral,It helped me move on. To say I was disappointed is the least. In the end. SOME MEN ARE SCUM LINK
2346,0,Not Hate,Oga edit this thing and repost. Wtf😡
2348,1,Neutral,"Anybody wey Dey vex, make dem invite Jude come their IG Live. Conduct their own interview. Someone gave people a chance to hear the other side, it is still a problem for our people. Out here spitting rubbish! LINK"
2350,1,Neutral,Do you have evidence that Ipob is responsible or you just another low IQ Nigerian following the bandwagon by swallowing whatever the corrupt government says?
2351,0,Not Hate,Islamic cleric In Police Net For Raping 16-Year-Old Girl In Osun LINK LINK
2352,2,Hate,Later Some Mumu ladies will be saying men are scum🤦
2354,2,Hate,"I have respect for Arewa girls on Twitter, forget their class and taste, but their level of maturity is commendable. Go to southern Twitter, they are just sluts and bunch of beggers."
2355,1,Neutral,Which useless culture
2357,0,Not Hate,"Abegi! Mtcheeewww "": : Biafra’s self-determination suit against Nigeria continues Sept 22"""
2358,1,Neutral,Sometimes personal hatred and illitracy becloud people sense of right judgement hence they can say what ever they want. How ever the governor should do it with human face to caution the hardship that may come on the citizens.
2359,1,Neutral,"It didn't trend? 19 souls! Had a glimpse of child victim, couldn't bear to watch the video, a baby! an innocent soul! Nigeria! This country Walahi! is filled with astounding numbers of hypocrites, if I have to leave this country it would be because of these worse of humans."
2363,0,Not Hate,Girls want attention;women want respect
2364,2,Hate,: If I see one of those Igbo made Versace polo again am so gonna scream like a bitch !-)
2365,2,Hate,Westerners are pussies ..with no values of their own... I bet these lindus will shit their pants the moment ME Arabs start taking some serious actions against them
2367,1,Neutral,Biafra: Fani-Kayode blasts Junaid Mohammed for calling IPOB members “bastards” LINK
2370,1,Neutral,"This is a disgusting lie. I know people that we're in the trials that are alive and it's well over 6 months you are just a clearly drowned in ridiculous theories. as I said enjoy your HCQ, I'll enjoy my vaccines."
2372,2,Hate,"Lmaoo : : Thnk God Its A Mumu Fact Tho : ✓ : 50% of Whores in Nigeria are Igbo's."""
2374,0,Not Hate,Sheybe na if you get girl LINK
2375,1,Neutral,"you are an asshole not even close to a sportsman....once again,u need an auto correct fool...go find your level fool."
2376,0,Not Hate,You should have gone direct bro
2377,2,Hate,"Gov. Masari has finally confirmed the incontrovertible fact that, the North, particularly core Northern States are socio-economic and financial parasites on Southern part of the Country. Hence, their vehement resistance to restructuring anchored on Fiscal Federalism. Retards!"
2378,0,Not Hate,"The Igbos called Yorubas Ofe n manu cos of the way our stew is made, hausas called yorubas bayerebe, we called the hausas aboki, mallam, or malo, and igbos were called nna, or nyamiri. Really no big deal."
2379,2,Hate,Bitch roccin Da same Gucci slides I bought n ain't let me smash I'm dead !
2380,1,Neutral,: Bunch of cowards. Common herdsmen u couldn’t defeat. Shame on you bunch of fool SHAME
2381,0,Not Hate,"With this Gimba tweet, it shows an average Northerner is only about him and his brothers alone. Which means every other ethnic group in Nigeria consists of Vultures. Awa ni man yi refer si as Vultures yen o"
2382,0,Not Hate,"Igbo names of God, as mother of all languages. Spanish (Dios - O di uso - eternally trustworthy);Swahili (Mungu - i meena Ogo - thank you for mercies);Turkish (Tanri - e too a na-ario - praise and plead);Yoruba (Olorun - Eli ri enu - Most High exists above); P.187 READ LINK"
2384,1,Neutral,We need to educate people the difference between 20k dollar and 20k Naira because many don’t know. And that why our government keep disvaluing our money to enable them make more money in Naira. So that they go come dey say take 30k vote for me. Rubbish government. LINK
2385,1,Neutral,Who is raping and killing Christians and where? You are trying to instigate to cause unrest in our country. I see. May Allah wrath visit you. U are the type that give's Muslims bad image. May u no know peace.
2388,1,Neutral,"What nonsense? God punish the wifi, the owner and other users. Arrant nonsense"
2389,2,Hate,they should rise up in arms against the Fulani thieves and killers first. So people should sleep and die in their hands?
2390,2,Hate,The almajiris are born thieves. Abacha loots still being recovered LINK
2391,1,Neutral,You are a dumbo. It has nothing to do with being hot or beauty.
2392,2,Hate,By this Malo man tweet and his Co cow brained Mallams Southerners can you now believe that the ethnic card played my the Abokis was intensional to set Southerners against themselves? Fulanis pls try another card this one don enter general market. Southern youths are not idiots 🤣
2394,2,Hate,"She’s almost dead she doesn’t need the vaccine, let those with a lot of life in front of them take it, I like how all these so called Christians are exposing their selves for what they really are, and how they really think, ignorant, racist and just plain useless"
2395,0,Not Hate,there are many Yoruba people I knew that can speak Fulani and Hausa fluently. So that police man was suegbe.
2396,2,Hate,I hate callin women bitches buh d bitches luv it
2397,0,Not Hate,Yougarrit 😎
2398,2,Hate,"as in ehn...u kno dis "": Why are hausa people fond of dialling wrong numbers?"""
2400,1,Neutral,"That's ijebu 1 ode for u,loving kind of ppl"
2401,1,Neutral,"who is a protitute, was Aisha buhari a virgin before she got married."
2402,0,Not Hate,": Arewa, Ohanaeze youths, others meet, say Buhari has failed LINK LINK"
2403,0,Not Hate,4 d single ladies: dnt play hard 2 get startin a relationship bt play hard 2 get wen it hs 2 do wit SEX pussy is priceless if u blive urs is
2405,1,Neutral,Dumb like vector
2406,2,Hate,"The evil Fulani herdsmen that are committing this genocide are protected by immunity under Buhari, yet 5 Christians were sentenced to death over the death of one Fulani herdsman that were part of those who came to kill them. LINK"
2407,1,Neutral,Ooh..oloriburuku oloko index finger. Oloshi na ofada pepper go yaka yaka ur gbola na vulture go chop that dick wey u wan take shook my walls.....
2408,0,Not Hate,i stil rep YBILLION so Fwat fink cunt.
2410,0,Not Hate,The lord is your strength. Get well soon🤗🤗🤗
2411,2,Hate,see Mr former president been a forgiving human other than that bigot and Fulani terrorist jigoist we have as president today😁😁😂
2412,1,Neutral,"Dude you are a dumb head...!! what kind of tweet is that..""not for muslims"" idiot are you holier than those infected in other muslim countries.. dont take precaution ok.."
2413,2,Hate,"The only reason I think herdsmen and some other northerners are doing all this crap is because they are uneducated and brainwashed, but ""uneducated"" comes first for a reason. , what's our plan?"
2416,0,Not Hate,Bro last last Salary weak
2419,2,Hate,"They don't want bec Other regions in Nigeria are very stupid docile and voiceless indigents people, the North have nothing to offer Nigeria and yet they have power not to want anything that will remove powers from the North you can't blame them for not wanting."
2420,1,Neutral,Useless and Shameless and that suports the killing of Christians and dictatorship in nig LINK
2421,2,Hate,"And ƔoU̶̲̥̅̊? "": 82% of Nigerians are cheats... They're quite good at receiving but never wish to give in return. """
2422,0,Not Hate,"Femi no dey disappoint, yoruba men are well cultured and diciplined. LINK"
2423,1,Neutral,Muslim Woman Says She Was Told To 'Take That Disgusting Piece Of Cloth Off Her Head'... LINK by via
2425,1,Neutral,"Arindin oponu ode, in ur bio u r not interested in religion bs but u r here spitting crap abt a tribe that a Muslim can marry christian and teach their kids a way of good life n nt to be a religion bigot, how do expect us to be extremist? U just carry head for neck sense no dey LINK"
2426,0,Not Hate,: AN OPEN LETTER TO NORTHERN LEADERS CONCERNING THE RAGING INSECURITY THE REGION IS FACING. Reweet aggressively till they get…
2427,2,Hate,Those northern yours are graduated amajiri they're all jobless.
2434,1,Neutral,"If they want to know if they Are doing good as leaders. They should play with Referendum(Biafra, Yorexit) and see if they will come and rig it. This Entity called Nigeria by Lord Lugard's whore is a SCAM"
2435,2,Hate,"I trust dumb beautiful ladies, not this beautiful clever hoes roaming around."
2438,0,Not Hate,Or democomedy (democratic comedy).
2440,1,Neutral,Why evil biko nu?? Who does this? 😂😂😂😂 LINK
2442,2,Hate,": Disgusting so quarantine make ""igbos"" and southerners to start Raping their daughters Better fight this animalistic beha…"
2443,2,Hate,"You see am, I have been saying this, an average Nigerians are crooked and cheats, forget poverty, the poor are as greedy as the rich, that's why I don't buy orange market women , when I saw a woman using chemical to make all the oranges ripe."
2445,0,Not Hate,Christiano tudors
2447,0,Not Hate,feg token ❣️
2452,1,Neutral,"Why didn't Arewa take position of the surveyor general in continuation of their agenda of nipotism then give the South East, South West or South South the position of IG?. What is bad in that?"
2455,0,Not Hate,": Kaduna Bomb Attempt, Nigerians seem divided along Religion line some Muslim are saying the man caught is a Christians and C…"
2456,1,Neutral,Fantastic set of idiots
2457,0,Not Hate,": Here is Oyigbo in Rivers State, where people were massacred last night by Fulani Herdmen. …"
2459,2,Hate,"*The bigger the boobs, the smaller the brain*...........buh dis bitch is defying this"
2460,1,Neutral,These islanders are annoying abeg🙄
2461,0,Not Hate,"Singer, Chike Apologizes To Eastern Nigerians For Calling Them Primitive LINK"
2462,0,Not Hate,"SHOCKING: Mallam Rapes 17-Year Old Girl, Shaves Her Pubic Hair For Rituals LINK via"
2463,1,Neutral,"Lol, she deleted the tweet 😂😂 shameless woman, she suppose to be sacked"
2464,1,Neutral,mofos
2467,1,Neutral,I have been asked to pay 15k just because an idiot got my date of birth written badly so now ur govt wants to block my line just because of my NIN..... You people are idiots and lack alot of intelligence. You will lose alot of supporters like me if you continue with this noesense
2468,2,Hate,"To the mosquito that just bit me, your mum’s a hoe."
2470,2,Hate,Biafra herdsmen fools...
2471,0,Not Hate,": Christian Boy aesthetic is them making vids, poems and think pieces where they slut shame women, tell us how to be proverb…"
2474,2,Hate,"HYPOCRITE, this why the North will remain in shambles cos they hypocritically hate the truth. See them na, they are worse off for it. Yeye dey smell"
2476,0,Not Hate,I thank u lord that u made me
2477,0,Not Hate,"13. Most states cannot pay their salaries... So, is your Governor or senator or LG chairman a Fulani? What did they do with the little they have? How hard are they working to increase IGR? Yet, The lazy bums want you to blame the Fulani and alone?"
2478,2,Hate,"If DSS beat Magu, does that mean ""EFCC lu Magu""? 😀 Yoruba is destructive 😂😂"
2482,2,Hate,You just arrest Hunter and you're claiming that you are arrested fulani herdsmen which kind nonsense be this because nothing concern fulani with dogs
2483,2,Hate,"Hmm, SEBI na cow dem still kill, if these criminals called herdsmen continue perpetrating evil in the east, you will leave ESN with no option than to slaughter them like chicken."
2484,2,Hate,"Yoruba the most foolish race. Hausa Fulani killed Abiola, after his election was annulled with the help of Igbos. Now tinubu another Yoruba who will resturcure Nigeria is being attacked all you stupid Yoruba omo ale. You hate tinubu but you love obasanjo the real saboteur. SHAME"
2488,0,Not Hate,"need to see this, all these our people will just let someone be short of word, can you imagine she was bold to say all those things that she was arrested wrongly although her claim that they released hausa girls is still valid if what is in this video is to go by."
2490,1,Neutral,Thank God you denied him your body! Dump him!
2491,1,Neutral,Some girls are just amazingly stupid.
2492,2,Hate,"Where is this same 'government constitutional mandate when it had to do with Boko Haram, bandits &amp; killer herdsmen that have ravaged the North killing thousands of innocent lives. You Northerners despite the great suffering have still chosen to be foolish.. very typical"
2493,0,Not Hate,Winners like seeing winners win...only losers pray for a man's downfall
2495,0,Not Hate,The Hausa has long ago tagged them Nyamiri-ba-Mutum LINK
2496,1,Neutral,"Wole Soyinka Says “When You Marry An Illiterate Woman, You Make Stupid Decisions Like Jonathan” true or false?"
2497,1,Neutral,Shut up b 🙄
2499,0,Not Hate,Till date he have been the only person that have spoken about another way to end insecurity in the North... this Administration have brought more weapons why don't we employ from where this bandit and terrorist group get there men... LINK
2500,2,Hate,Women are scum LINK
2501,2,Hate,"yea I advised him not 2 step on toe,just bcos of hoe..lmao"
2502,1,Neutral,d director get sense small atleast He/she included both Xtian and Muslim but why not include traditional attire. Una dey craze
2503,0,Not Hate,🤣🤣🤣I have done it
2505,0,Not Hate,Kufre i see nothing wrong with Enyeama's comment. we pretend alot between you and i is Kaduna safe? The whole Northern Nigeria isnt
2506,1,Neutral,"😂 asano ? Really we just bought that guy for PR in Asia the guy is wack, even Nelson doesn't look promising man was always starting from the bench then wasn't even playing much any more"
2508,1,Neutral,"I hope you guys no longer expect anything from all these culture vultures, I hope you have learnt. They owe us nothing, it’s a taking game from them, how can they gain etc. Once they can’t gain anymore on to the next one - yes I’m referring to people like Beyoncé and Naomi"
2509,0,Not Hate,: Proud Boys and other far-right groups raise millions via Christian funding site LINK
2510,0,Not Hate,Great Music: Obatodaye -Ebiere LINK
2511,1,Neutral,"This bastard done start blame game again ,why not jonathan this time , goat is better than adesina , wetin concerned Christian and Muslim for this matter."
2512,0,Not Hate,Clear road for that axe men
2513,0,Not Hate,you re ryt
2514,2,Hate,Just saw a very disgusting pic of Jesus put on fb by one stupid muslim boy like dat! God must punish his generation!
2515,0,Not Hate,Yanda kike flex da friends naki
2516,2,Hate,Every Igboman is a terrorist abi. Mind ur words. Am not here to fight
2517,1,Neutral,Nketial rubbish player
2519,2,Hate,This man did not talk about his tribe men wrecking havoc all over the nation. With the security threat coming from the Fulani herdsmen terrorists how do farmers go to their farm knowing they would be gun down and their women raped by this barbarians.
2520,1,Neutral,"To all those that believed that 1 is held back by B.H cos she refused to denounce Christ, &amp; are posting &amp; sharing ""let's pray 3mins prayer for her"", go &amp; collect ur brain from where Buhari is raring his cows."
2521,2,Hate,Chai blood sucking man just like the walking dead that what you are evil minded man baboons and dogs soaked in blood like you said cause you did not win an election may the spirit of the ones you nd your Fulani herdsmen killed cause of cows hunt you for ever ... Amin
2522,0,Not Hate,You self suppose join them drink garri 😩😩💔😂 . Cc: 💝 Kindly retweet pls 🤔 Follow for more 💝💝 . LINK
2523,0,Not Hate,GUNUGUN [VULTURE] - Latest Yoruba Movies| 2018 Yoruba Movies| YORUBA| Yo... LINK via
2525,1,Neutral,"'s are melodramatic hypochondriacs. When they get sick OMG the world is ending.""Cc"
2526,1,Neutral,: It's cute because a female did it. Fucking hypocrites. But that's real life too. LINK
2527,2,Hate,Lol.. freaks n hoes fuck n tell u d story so u can get a fantasy off it n maybe try sonething freaky out
2530,1,Neutral,"In that case never date Ipeju boys, those ones na vampires wey dey suck blood"
2532,1,Neutral,: Fools do not know that Fulani Herdsmen &amp; Boko Haram are tools for Islamising West Africa https:…
2537,2,Hate,Lazy women everywhere .......💔
2538,1,Neutral,"If Adam was spending time with Eve, She for no follow snake talk. Give your babe attention.."
2539,2,Hate,"K hoe"": Gooooooooooooal!!! We Back Bitches"""
2540,1,Neutral,"Just becos I gave u advice doesn't mean am smarter than u, It only means that have done more stupid stuffs than u have. ."
2541,2,Hate,"Una too dey shout.... Few days ago, a girl on this bird app called Uyo men ""Ashawo"" Today, na runs girls and lesbian list of names comot...so, who be our problem now?? I would say ""Uyo girls...."" But I know better LINK"
2542,0,Not Hate,Power puff women
2543,1,Neutral,"Once you're related to Pmb, then you should be jobless, penniless and homeless is the definition of PDP democracy. Do you know Dino as INEC chairman won't be a problem to democracy. Awon party of clowns LINK"
2545,0,Not Hate,: Rest In Peace to the most amazing and strong woman I was ever blessed to know and be loved by. I’ll love you forever and…
2546,0,Not Hate,2 Blind Homosexuals Jailed For Sodomy LINK LINK
2547,0,Not Hate,My question to Christians is why do you guys hate everything ancient or primitive?
2548,0,Not Hate,: I’m a Christian and will never be ashamed to say God is my Father.
2549,2,Hate,I wonder the kind human being that gave birth to all this northerners! Some of their brothers and sisters are being slaughtered like a fowl by Boko Haram and still you see most of them defending Buhari and Boko Haram! Such a disgusting Tribe!
2550,0,Not Hate,Imagine not stanning this woman. LINK
2551,1,Neutral,"Free consciences fear no accusations, you have a hidden skeletons in ur corkboard, that's y, who KS what the contain of the letter.... U other the arrest of some unarmed Jewish worship, calling them terrorists, how many herdsmen have u arrested...... U ate a big shame"
2554,2,Hate,"Our biggest mistake is ""One Nigeria"" all Northerners do is bully and blackmail us with cows and religion. The Igbos have contributed greatly to this country than you North men. Nigeria's problem has never been the Igbos, our problem has and will always be Northerners🤦 LINK"
2556,2,Hate,"I swear, na southerners be mumu. And the biggest mumu in the South is that man called Tinubu"
2557,1,Neutral,This couldn't be more true shallow spiteful gossips don't like hearing real truth they only like their version of ... LINK
2559,0,Not Hate,: Two men killed at a protest for Jacob Blake were a father and a skater who tried to disarm the shooter. A third injured…
2560,0,Not Hate,Hello kike
2561,0,Not Hate,"You sticking to Amake doesn’t mean the hoeing actually stopped, you are still knacking by the side. Why not be the man you intend to be later now?"
2562,2,Hate,Shameless Hausa-Fulani government. Men that have drunken with power. We are not deceived. is the sponsor of Fulani Herdsmen
2563,2,Hate,Believe here first Let’s see what tomorrow will bring Hoe activity got me 😂😂😂😂 People on this app sha
2564,1,Neutral,It is the stupid old fool isiakka
2565,1,Neutral,"She is forgiven, cause they are, shamelessly kissing and sucking a tiny orange d_ck at the expense of their integrity and country, shamelessly"
2566,2,Hate,"If there are two christians and they do not understand each other,then one of them must be a bastard in christ jesus."
2567,1,Neutral,"Abubakar mallami wants to become governor at all means, why do we celebrate incompetentcy in this shithole, assuming we are in a civilized country mallami should be behind bars for corruption bcos there's no deference btw Abba kiyari and Abubakar mallami"
2568,1,Neutral,ur babe of three mnths asks u if u stl remember were u mert and yur blank as fuck
2569,2,Hate,"Goan and sit down abeg!!!! Where were you when 73, 44, 35, etc souls was brutally cut down by murderous Fulani herdsmen. Nonsense sermon. LINK"
2570,1,Neutral,"😂😂😂😂😂😂😂 I tire for these Yoruba fillms, after watching some, I literally feel like my IQ has reduced from the nonsense they shoved down my throat. Now I am asking myself, sista, must you watch them? I am only being patriotic as a Yoruba girl. Abi🤔🤔🤔"
2573,1,Neutral,"This case plenty for naija o, virgins wey dey get belle😷😷😷"
2574,1,Neutral,Sorry to say this but seeing a Yoruba man eating dat draw soup is so disgusting 🤮🤮🤮 ewudu n something
2575,0,Not Hate,"Even in taraba state where i stayed for 2 years there are over 100 tribes and one zone in taraba is dominate by hausa fulani tribe mostly muslims, jaligo the state capital is dominate by muslim."
2576,2,Hate,"Hausa people are not more Muslims than any other tribe. But believe you me, some of them are more childishly primitive and stupidly beclouded with 18th Century belief when it comes to an ethnically domiciled issue that doesn't need to be inseparably linked with Islam."
2577,0,Not Hate,"Why it is wrong to see the Pope as a Christian (one who trusts in Christ ALONE for their salvation). We have only one mediator, and He is Yeshua (Jesus) the Christ, and by the work of the Holy Spirit, Christ's redemptive work is applied to all who believe. This is fundamental. LINK"
2578,2,Hate,Hoe
2579,0,Not Hate,from princesscomedian - with LINK
2581,1,Neutral,"Lol very stupid person, I dey country buh what's the different, while you are supporting corruption in Tour country... Igbo man"
2585,0,Not Hate,northern Nigerians the sooner you frown at people that give you peanuts and don't do what they are meant to do the sooner you can salvage the north..am just saying my mind..
2588,0,Not Hate,runs the best
2590,0,Not Hate,waddap babe
2591,2,Hate,"Silence is d best ans 2 a fool lk : greedy islamic hausa/fulani wrote 2 Mr. President, U idiot, U thought we dnt know"
2592,0,Not Hate,NRB – Still on d Matter (MUSIC) LINK LINK
2595,0,Not Hate,Wickedness Man made wife empty her bank account just to buy his girlfriend an iPhone 7.: A lot of hurtful t... LINK
2596,0,Not Hate,Yes ke
2597,2,Hate,I’m in a relationship with all my bitches LINK
2598,1,Neutral,lolls... baba werey
2599,0,Not Hate,"Who is i prince,koh ice prince kike nufi?"
2600,1,Neutral,""" : Red Eyed as shit... Ghana here I come..""Go bust their brains wit flows"
2601,1,Neutral,""":BBC is just full of lies, half truths,propaganda and social brainwashing""Wat of Aljazeera? Sentimental fools!Always siding Islam"
2602,0,Not Hate,"Do you have 2 or 3 bedrooms at Akala Estate, Akobo? The budget for the rent is 600k. Very urgent!"
2603,0,Not Hate,hey
2606,0,Not Hate,I'm a Muslim sir
2608,0,Not Hate,LOML❤ LINK
2609,0,Not Hate,"29b. This makes communication to focus on the technical expert, not on the other stakeholders."
2610,2,Hate,Alhamdulillah the almajiris have make it de cows defeat de pigs(Igbos)
2611,1,Neutral,""": Some girls r very stupid sha.why send a niggah ur pix dat shows ur face alone ...I mean watabou ur boobs or ass"""
2613,1,Neutral,In a fuckin’ race against time🏃🏼♂️💨⚡️
2614,2,Hate,"The NorthEast will always be the North East especially the Fulanis, always playing the ethnicity card at every slightest event. The so called Northern apologist who started this thread must be insane to callously and ignorantly put out whats unobtainable."
2617,2,Hate,Bitches love Benz⚽⚽
2619,0,Not Hate,"This is Heterobranchus bidorsalis. The ones from the wild are the best to use for hypophysation. They are F1 generation. That is, ""first filian generation"" Proudly LINK"
2620,2,Hate,Now I know why Yoruba pple call the Fulani/mallam animal.....set awon oloriburuku
2621,2,Hate,"I love the Northerners for one thing, THEY ARE 2000% loyal to themselves...over-Sabi Southerners always forming highly educated &amp; not United"
2622,1,Neutral,Nonsense song. What happened to your forefathers in olorun.
2623,2,Hate,It is the fact we are with very nonsense animals from the north
2624,1,Neutral,Azzin he's just a zombie following the useless orders of other zombies smh
2625,1,Neutral,"If Nigerians do not nip the menace of war mongering herdsmen in the bud, the real situation of peace in Nigeria will be exposed to the world. With herdsmen occupation and usurpation of indigenous land rights, there is and will be no real peace in Nigeria!"
2626,2,Hate,"Lol "": hoe""l"
2627,0,Not Hate,lolllzz... Tank u mumi...
2628,1,Neutral,I love vampires especially the sexy male species
2629,1,Neutral,It's amazing how many ridiculously rich Nigerian women r stil single.
2630,2,Hate,: To Hell to Nigeria.A fraudulent contraction. The kingdom of baboons and monkey. A parasite to the Nation.…
2631,1,Neutral,Dudes That forms holy holy on sundays and immediately switching to there nigga life on mondays to sundays are the problem of this world
2633,1,Neutral,"This ban on is aimed at southern youths. Take it or take it. It was a well thought vindictive scheme to get back at 'those coconut heads wey no deybgree hear word wey dey disturb the government' , and the donation to Sunday may all be linked to it"
2634,1,Neutral,"Stop defending Jose , he’s a murder fucker....why did he sign Salah when he’s got like 5 wingers? Waste of fund....we yorubas calls it “APA” . Obviously he doesn’t hv plan for Salah, he only signed him just to deny others from getting him. Fucking bastard!!!"
2635,0,Not Hate,Say this prayer loud and clear.. ..Oh Rock of Ages appear and fight for me now in Jesus name.......
2637,0,Not Hate,Hello guys I’m happy to announce to you that the awaited song is out now Believe me you will love this content LINK
2638,0,Not Hate,": The Biafra genocide ended 51 years ago. So far, Nigeria refused to address the issues that led to the carnage. True Fede…"
2639,0,Not Hate,": Details of 9th-10th century bronze pendant excavated at Igbo Ukwu, Anambra State. British Museum. LINK"
2641,0,Not Hate,Police Nab Gay Man in Bauchi After Breaking into Another Man’s House to Rape Him LINK LINK
2642,0,Not Hate,"Be strong bro. If u think of Naija stress,you will cope."
2644,1,Neutral,See biafran goats abusing 🤣🤣
2647,1,Neutral,"I just can't seem to understand why people like you would love being enslaved generationally, join the to arrest him bubu. Omo ale Yoruba epe(curse) baale Aole is ja-ing (ja) you. Fine girl ugly brain."
2648,2,Hate,Yes because our people are blind and have sold their selves to them....... The question is what if the Chinese are the ones financing the uproar in the North right now????? LINK
2653,2,Hate,Northerners are just the problem of these country apart from stealing public place find the wouldn't be need for one Nigeria milking the country dry
2656,1,Neutral,Till a stupid guy/girl decides to lock it and break the key in the lock.
2657,1,Neutral,With the way things are going in this country Wickedness everywhere Dole mu shaaa wahala People are not godly again
2659,0,Not Hate,Small but mighty😂
2660,0,Not Hate,The guy ear 🤣🤣🤣 E be like say E DON SPOIL O 😆😆😆😆
2664,0,Not Hate,Yes
2665,2,Hate,"Shut your dirty mouth. You Fulani/Hausa want to me oppressed so bad, how many Igbo life’s have you taken and continue to take? All the Army people are Fulani/Hausa and kill igbos in the East as hobbies."
2666,0,Not Hate,"cool,my spiritual adviser happens to be God and nothing in the bible points to ur superstition"
2669,0,Not Hate,: Not or you're from Arewa Family ain't rich yet Never been in a sports car Came from the struggle But if you believe tha…
2670,1,Neutral,ewu
2673,0,Not Hate,: We look forward to focusing on our mission to champion equality for women and executing more women-focused projects in 202…
2676,2,Hate,"Lol "": 80% of Big breasted chicks in church have evil spirits."""
2677,0,Not Hate,"Wizkid said d 3 tins he first notices wen he sees a gurl is face,body nd body hehehehehehehe"
2686,2,Hate,": One of my girlfriends posted a picture of her Val today, it wasn’t me. Women are scum 🤦🏽♂️🤦🏽♂️🤦🏽♂️"
2687,0,Not Hate,It’s a very risky future for oil and gas logistic service firms
2690,2,Hate,The northerners are sycophants and divisive. Support the teaming youths for the reformation of the country but doing otherwise. Is it because it's a northern president we have?
2691,2,Hate,You people that have shallow thinking in South Africa You’re all feeling inferior in your damned country!! That’s why you can never be free from Slavery awon refugees oloshi
2692,2,Hate,Why Do These Hopeless Females Send Nudes To Married Men?
2693,1,Neutral,You are a fool !!!! Go deal with the bandit and herdsmen... Ode
2694,0,Not Hate,Why Do Russian Girls Dig Creepy Guys LINK Click to See the Photo
2695,2,Hate,: Amuna Success is a yorobber coward. He is not from coastal area of (Niger delta). Vanguard News Nigeria LINK
2696,2,Hate,I might kiss the baddest bitch if you dare me
2699,1,Neutral,is such a stupid man. He his a pretender and a religious bigot. Yeye man. His son threatened to rape women &amp; he didn't kill him or lock him up in jail.
2701,2,Hate,"Some of the northerners are comfortable with the abnormalities happening in the north. Some of them have Zero sense, just premium okotos! ✊✊"
2702,1,Neutral,I can’t believe people are still falling for this shit Isolation has really caused a lot of brains to malfunction
2705,2,Hate,"Fo all dose shawties dat says ""All Guys are d same"" who d f*ck told u to TRY dem All...hoe!"
2706,2,Hate,"You see the level of the foolishness &amp; wicked of the so called Biafools....thank God Buhari has Stopped fuel scarcity, Another way they used to wicked themselves. Wicked generation. Easter is approaching, &amp; the prices of everything will be increased again. Tribe of Judas."
2707,0,Not Hate,Y'all go cop this tune rn... It's real good Kudos LINK
2709,1,Neutral,Built up envy. Nothing more. U can’t tell me someone told them to destroy people’s goods cos it doesn’t make sense if it’s not personal. Discombobulated Imps.
2710,1,Neutral,He said he BrightO and guys will have a guys trip when they get their visas and he will take Erica too but wants the guys hang out...btw Brighto doesn't want to spend his money for woman 🤣stingy mofo
2711,0,Not Hate,"Nurses... expecially the general hospital nurses, chai very rude"
2712,1,Neutral,these media abi na amebo distribution corporations are really vultures. wow. looking for dead meat anywhere and everywhere. sorry oh but we the gays are more alive now than ever. you call lesbian like it’s shame. but it is you that has no honor.
2713,0,Not Hate,"PS: I'm a southerner. I have lived in the North and worked with Northerners. Enough to understand their problem with the stereotypical term. Which is why I chose to settle for ""Mallam"" or ""Alhaji"" or ""Hajiya"" as the case may be. Let's be sensitive abeg."
2715,2,Hate,"Meet woman who enjoys sleeping with animals, especially dogs (photo) LINK via"
2716,2,Hate,Ugly bitches everywere
2717,2,Hate,"When I heared it, I asked same question...this is to tell u how heartless, selfish &amp; greedy the so called south east leaders are."
2722,0,Not Hate,That drove home the point that Nigeria CANNOT move on with the current constitution of the country. It should break-up as a country.
2723,2,Hate,"But, you would allow the mindless, senseless &amp; godless Fulani herdsmen continue their wanton destruction of citizens lives!"
2724,1,Neutral,"My Yoruba brothers would now understand what IPOB members faced in the hands of these evil men in power. But the good news here is, you are not alone in this, Nigeria is not working for anybody."
2726,2,Hate,""": R.I.P. to the hoes dying for attention."""
2727,1,Neutral,Average Nigerian misuse and disdain his talent and yet find o others attractive
2728,0,Not Hate,: Jesus Loves: Sinners Liars Christians Non Christians Poor Rich Black White Republican Democrat Saved Not Yet Saved…
2729,2,Hate,""": Ode.. : Yoruba people or pigs?""”""Igbo people or cockroaches"
2730,1,Neutral,"Please don’t underrate witches abeg, they’re just nasty - chimamanda 2020 or 2021"
2731,0,Not Hate,Cats 🐈 .... they are extremely rude aiidy 😂
2732,1,Neutral,Dumb mofo🤦🏻
2733,1,Neutral,My first look at that nigger is death. I'm gonna kill you nigger you don't deserve the penitentiary.
2734,0,Not Hate,"Lol Yoruba say "" won ja ni ile keji ko kan mi 😂😂😂. The way some u think is irritating. So Lagos is not part of Nigeria? This same people that are always on 's neck all the time"
2735,0,Not Hate,if u ga wat i dont ga....i am coming for u gurl...
2736,1,Neutral,": ...If you eventually win such woman over (even if you're a better prospect), you're still a dishonourable person &amp; you're…"
2737,1,Neutral,Bad wife...that case is hopeless
2738,0,Not Hate,gurus guys wat kikik
2739,1,Neutral,The evil mindset of President Buhari &amp; leader is one &amp; the same. They are bloodthirsty Wahhabi savages that have as a global agenda. Buhari using &amp; to massacre Shiites on behalf of BokoHaram LINK
2741,0,Not Hate,""": KNOCK! KNOCK!! WHO IS DIA? DEZIANI...DEZIANI WHO? I DOUBT IF DEZIANI RESPECT FOR D COMMON MAN IN NIGERIA!*cc"
2743,1,Neutral,"Some bastards from his Okeogun region don't wish Sunday Igboho well. This man, in company of the conventional security agents flushed the invading Fulani herdsmen out of Kisi, Igbeti and Igboho forests last year and we still have ingrates from our region who see his efforts"
2744,0,Not Hate,"Sincerely, I sees you as RUTH . let sex doll assist you ladies abit nau. We all know that u alone can't finish it."
2745,1,Neutral,"If you've ever been a stakeholder manager before, this shit show going on in Nigeria will put you to shame. A stitch in time could have saved everyone all this trouble."
2746,0,Not Hate,Yes I will but I will have a special chain in case the person misbehaves
2747,1,Neutral,This is really an issue Oooo. Only a Nigerian girl will be this evil. This story is a very serious something ooo. Post penetration rape kwa LINK
2748,2,Hate,Thank God for you. Avoid late nights if you don't have a car. Better still use taxi or bolt when returning late. These hausa okada boys are beasts. They can kill for no reason
2750,0,Not Hate,To Be At GOLGOTHA Is NOT To Appear In GALILEE; It Was JESUS Experience.
2751,1,Neutral,He (Mr. President) is a Cheat and a Tyrant that exploited us.
2752,1,Neutral,"Girls who stick to broke guys are tolerant...Rly how many guys do you see sticking to ugly girls saying ""she might be beautiful in future"""
2755,2,Hate,Very ridiculous. Women didn't worth the energy and attention
2757,0,Not Hate,"Your inability to see beyond religion has blinded your ability to be coherent. Since you Christians or better put, religious fanatics seem to feel like saint that's why I termed you holy one. You're the one acting indiscreetly Mr. I'm being moved by reasoning and not sentiment."
2758,0,Not Hate,How can a minister of the Gospel be waiting for some Vaccine as a source of hope for some virus?? Where was/is your faith?? - Pastor Chris Oyakhilome
2760,2,Hate,"If other Nigerians... Muslims, Xtains are fools I am NOT... I see, I'm not blind.. I feel I'm not heartless.. And I hear I am not deaf!!"
2761,1,Neutral,: Keep saying nonsense about Hausa man las las Na Hausa man you will end up marrying.
2764,0,Not Hate,I'm not gonna like IDK. LINK
2765,1,Neutral,Just same question I have been asking for over 20year now... there has been nothing to be happy about Nigeria especially when the thoughts of the system of government springs up... the Govt has no conscience and the reason they are the way they are I can’t even phantom
2766,0,Not Hate,Women are not wicked🌚
2768,2,Hate,"Then I think u should meet d hausas"": Have u met d ebiras"": Yoruba people too Like noise tah"""""
2769,2,Hate,you irritate me... I wish I can express that in hausa language you slut
2770,1,Neutral,"I don't understand this hidden jealousy of urs for Ronaldo.wawu,well if only u were in Ronaldo's shoes.oh i get it u're never in it ,it doesn't fit.envy at its peak.made the team worse nonsense."
2771,0,Not Hate,@ go get your own girlfriend
2772,2,Hate,"Seeing comments from the northerns just shows the average norther man is a murderer , psychopath, blood thirsty control freaks."
2774,2,Hate,I think our Institutions are now breeding graduate prostitutes whom we dignify with the name - 'corpers'. Asewo lawon agunbaniro wonyi...
2775,0,Not Hate,: Nope! Arewa will no longer be a parasite and hold Southern Nigeria back. …
2776,1,Neutral,You the scam am abi??😂😂😂
2778,1,Neutral,I know I should respect your opinion but I find that difficult because you're a fucking idiot.
2779,2,Hate,is this tweet an encrypted message or some sort of recue code you're trying to pass across? You sound like you're held hostage by deadly Fulani herdsmen in a secret place because this your English needs decoding. What the hell are you saying? 😫
2780,0,Not Hate,yes sist
2781,0,Not Hate,"That is a good development cos the regime is vulture "": Islamic States Set to Suspend Syria from OIC LINK"
2783,1,Neutral,"You guys should go and reconcile with your disgruntled members, people like George before they start decamping to the APC oh. Lol..."
2784,2,Hate,"When your mum finally accepts you're a hoe, she will be like Jennifer bring sharwama and barbecue while coming back ooo LINK"
2785,2,Hate,"Hehe!"": Bitch...dey wuld soon catch u wif d fake tag"": Lmao n lazy children!"""""
2786,0,Not Hate,Why u put carrot for inside trouser. U Shaa want den babes to salivate for ur prick🤣🤣🤣
2787,1,Neutral,Fuck my ex cus I won't miss you 🖕🏿 LINK
2788,0,Not Hate,Yorubas are absolutely unserious about protecting Yorubaland. I guess they are still taking fulanisation for a joke.
2789,0,Not Hate,"Meet India's largest solar park with a total of 2.5m panels, 576 inverters with a robot drycleaner to keep panels dust free LINK"
2791,1,Neutral,: Though Da World May Act 2 Our Quest 4 FREEDOM Quest 4Self Determination is-NEGOTIABLE BIAFR…
2792,0,Not Hate,For many years now he has consistently called out the clear and present danger of rampaging fulani so-called herdsmen leaving death and destruction in their wake. If only more people took him seriously early enough. He has been a voice for the voiceless. That's how.
2794,1,Neutral,These people are crazy tbh.
2795,1,Neutral,"Guyz r just wicked n bloody liarz,hot babez,be Warnd"
2796,2,Hate,I v never for once see what ESN is doing as wrong... The little fear Bastard Fulani still have is bcoz of ESN
2797,2,Hate,Na so e easy abi na only south get Nigeria and the northerners be mumu now
2798,1,Neutral,U expect soothing words from an activist that has been pushed to the wall. U're actually the moron and a coward. With which law will u judge the Igbos wrong for wanting to walk away from a forceful amalgamation that has not helped the region?
2799,1,Neutral,Nna igbo girls love money 💵😂😂😂
2800,0,Not Hate,Download Christian Krissy O – Bum Short.mp3 | Naija Music @ LINK
2802,1,Neutral,Amin but some olosho's rich fa
2804,0,Not Hate,"Today is my Grandfather's 4th-year remembrance. He was fair: in temperament and complexion. He bore a cockroach scar on his left arm, from where the pellets of a local shotgun kissed his skin. A gift bestowed on him by an Ijebu man who thought his skin resembled Ibo"
2805,2,Hate,"We have so much housa's / Fulani polishing our shoes , minding our gates and doing meruwa all around south east , starvation and hunger will first kill them .. Igbo's are not and will never be lazy . we have the real food aside your tomatoes/ onions , nonsense."
2806,2,Hate,You wanna know what went wrong in northern Nigeria! The motherfucking value system we have of “yi nayi bari na bari” silly maza having superiority complex and we the women accepting every bullshit of theirs in the name of “meye duniya zai ce” BIIIITTTTCCCHHH
2807,0,Not Hate,Kawae kice Aure kike so
2809,1,Neutral,Simple. He wants Nigeria to be offered to him as compensation for installing the worst government ever. Ko le work
2810,1,Neutral,: If Ʊ r a muslim and Ʊ won't fast Ʊ r a fool
2812,0,Not Hate,Years gone without you my dear friend... May jannah be your home Insha-Allah. Till we meet again 😣 LINK
2814,2,Hate,Snakes are like bitches they share same hoe😚 Niggas please don't get infected😂😂😂 LINK
2815,0,Not Hate,I am a BABYGIRL😍 LINK
2818,0,Not Hate,Baby Factory: Nine Pregnant Women In Police Net LINK LINK
2819,0,Not Hate,": ""Bombs do not discriminate; they kill Muslims, Christians, and Atheists; they don’t separate northerners from southerners;…"
2820,2,Hate,Go to Sambisa forest. You northern Queen's should consider marrying your Fulani Terrorists in the forest so they will stop raping innocent under age girls
2822,0,Not Hate,"""We've all lost a good bro to a girl... R.I.P Old Best Friend"""
2824,2,Hate,How does that get you fund at the bank. Senseless Fulani Cow
2826,1,Neutral,"The place where men behave like lil amateur bitches learning the trade, arewa Twitter is nothing but a shade room for hopeless men trying to gain attention."
2827,2,Hate,"Iwo ati awon ebi e ni olodo. When there massive outcry from victims of this wicked fulani herdsmen,killings in several states by these herdsmen.Bcos you want to play politics you're generalising it. Until they kidnap you or your family that is when you realise how stupid you are."
2833,2,Hate,"These Bitches think they too Fly, Buh Don't get your Hair Cut in a Propellas*"
2834,1,Neutral,Yes they can. I've got discretion. I can't say the same for other Christians and they give 'stupid' reason y. It doesn't cut it
2835,1,Neutral,"You're just a fool, using the name in getting popularity in Nigeria. What is ur problem? U better comport urself. We Nigerian are bigger than u idiot LINK"
2837,0,Not Hate,God in me the hope of glory LINK
2838,1,Neutral,Y'all that believed ka3na lies about Ozoemena are delusional and foolish 😏. Stupid girl that would do anything for clout.
2839,0,Not Hate,": Okay, apparently Aisha was trolling her husband. The song and caption was in Hausa, Mandem Dey provoke 😭😭🤣."
2841,1,Neutral,Music and looking at girls with big bum bum😭😭😭😭
2843,0,Not Hate,You want make Dem kill Demselves 😂😂😂
2844,0,Not Hate,Arrested Igbo Trader Explains Why He Named His Dog ‘Buhari’ LINK
2847,0,Not Hate,Let not act like your country ain’t full of xenophobic act since 2015 and nothing being done
2848,1,Neutral,"Imagine make boy tell girl,do u knw u have ""cockroach nutrients?"""
2850,1,Neutral,"As if una ₪☺ G̶̲̥̅̊☺ insult us kill sef : If All Men Cheat, All Women Should Too and lets have peace abeg!!"
2851,0,Not Hate,And FRSC produce it .
2852,0,Not Hate,"Samsung galaxy s21 is now available in store with affordable price, D.M for more info. With wristwatch @ Computer Village LINK"
2853,2,Hate,Hoe-ly ghost fire 🔥🥰😍
2857,1,Neutral,Goat unfollowed me and said he wasn’t following me 🤣🤣🤣
2858,0,Not Hate,: OMG this is heavenly. I'm proud of you girl 💞💞. Orgasmic LINK
2860,2,Hate,"Nigeria Fulani government wants to move more of their Fulani foot soldiers down the east. They don't want their clandestine terrorist activities to be hindered. Why declaring another lockdown? This is never for Covid19, this Fulani terror government can go any far to do evil."
2861,0,Not Hate,: I am a great admirer of the “live and let live” philosophy of the Yorubas. And I think “Religious Tolerance: A Case Study of…
2863,1,Neutral,Meaning pe you can't shame the shameless 🥴 LINK
2865,2,Hate,"This is what your people do to others DAILY - even on others’ lands. When yours kill, rape &amp; destroy, U go dumb; but when they marchet an Igbo, watching him to die in pain, disallowing Igbos to take him to the hospital, but warriors come in to resist the murderers, U play victim."
2866,1,Neutral,Lol 😂 😂 😂 😂..... You are a clown 🤡
2867,2,Hate,"That's because they are trying to safe their people. While Northern governors behaving like bandits, boko haram and killer Fulani herdsmen killing their people with no decision to stop the killers."
2868,2,Hate,"U sabi "": these demons are calling my soul, i say fuck all you hoes!"""
2869,2,Hate,All everybody be Ashewo for Industry abeg... Slut shaming no be new thing!
2870,0,Not Hate,And why bringing yoruba into it.. are they the only ones into fraud? We are hoping for a better Nigeria and you are trying to shade the other tribe...
2871,0,Not Hate,"Chai poor women,they don’t even know what is written dere"
2876,1,Neutral,"""No Hope""? So we can both agree that you are simply a hopeless person."
2877,2,Hate,"When Ochereome Nnanna, the chairman of the Vanguard Editorial board was spewing his hatred for Hausa/Fulani nobody cares to caution him, not even the people he now calls ""Sophisticated Morons"", which were mostly his audience."
2878,1,Neutral,She knows ur planning to steal your sisy husband
2879,2,Hate,You cannot turn a hoe into a housewife...
2880,2,Hate,White men with their nonsense... LINK
2882,2,Hate,You killed my brothers and my race for years. We haven’t settled that. You just wait till the end and see. Greedy fellas who cannot survive alone. Stop using people it is wrong. Northerners are bunch of enslave mofos with no idea of what the world is turning into😂
2883,0,Not Hate,♥️
2885,2,Hate,"*Girl to girl*: ""You look pretty!"" ""Awwh thanks, so do you!"" *Guy to guy*: ""You look handsome."" ""Oloshi! God Go punish you! Gay idiot"
2886,0,Not Hate,"Is DAT why ur clueless government should now sit and allow bandits, killer herdsmen and B.H to keep killing people? But very quick in taking action against innocent citizens for requesting for good governance. All of u have rañ out of words to defend ur failed govt."
2887,1,Neutral,: Who are the morons saying Education in Islam is Haram? Are you trying to be funny or you’re just trying to air your stupidi…
2889,0,Not Hate,You chop ?
2891,1,Neutral,What is the labour union doing they just messing up disgracing Nigeria they have no feeling for Nigerian worker when many fake white companies come to settle them and allow this gake white 2treat Nigerian works as nobody why? they all see this on TV why can they end this act
2892,2,Hate,"Mumu, finish dealing with the ones raping you down north. Terrorist Islamic army"
2893,0,Not Hate,🤣😅😂
2895,2,Hate,I guess dem hoes have some kinda power on men that make them loose their senses at times
2896,0,Not Hate,"Buhari said Baboons and Monkeys will be soaked in blood if he does not win in 2011/2015. Who are the baboons &amp; moneys? Is it Fulanis, Hausa's, or Yorubas &amp; Biafrans? or, is it the entire Nigeria citizens? This is the worst of hate speech - we will all probe it to latter!"
2897,1,Neutral,Lol my dear even some Africans are crazy
2898,2,Hate,These are the type of northerners we are implying ........brainwashed baboon
2899,0,Not Hate,Malaria is spread when an infected Female Anopheles mosquito bites a person. This is the only type of mosquito that can spread malaria. The mosquito becomes infected by biting an infected person and drawing blood that contains the parasite.
2901,1,Neutral,"so he found out earlier and waited for her birthday to surprise her with such an ""amazing gift"" and the shameless and wicked woman is still giving stupid excuses.. the nice man still went ahead and gave her till month end to leave his house he is a real man but i think he behaved"
2903,1,Neutral,"u mad gan ni , back to sender. na money wey no go reach ur hand dey make u curse like this? u are a shameless person. Mumu."
2904,1,Neutral,Any Christian who doesn't vote but complains about governance is a wicked hypocrite! Go and get your voter's card NOW!
2905,2,Hate,Asians will boldly tell you they are not racists but they are the most dangerous racists I have seen.
2906,2,Hate,South Africans blacks are absolutely lazy idiots. Only few educated ones are sincere and hard working. Remember the hand of Carma will catch up with SA for killing and looting business in their country. LINK
2907,1,Neutral,You ar the biggest Liar... All your comments are baseless and couses of Chaos to our beloved nation.... It is clearly clear that those guys are fighting for their selfish interests not for Muslims and 99% BH victims ar Muslims but u like to creat hatred among us LINK
2908,0,Not Hate,"A country is an argument, and nationalism strengthens the argument. The shared misery under apartheid united non-white nationalities in SA. Ethio-nationalism held Ethio in place for centuries w/o which Adwa would've been a different story. Successful pluralistic societies all 1/2"
2909,2,Hate,"Go and support Sunday igboho and be free from fulani invading you please. Blind people, what's coming for you is amazing brace up for it. Fulani is not your friend ok! U will see and believe. Hypocrites!"
2910,2,Hate,The worst set of tribal bigots in Nigeria are the educated Yoruba’s. Argue with your phones.
2911,1,Neutral,They go just dey here dey deceive their ass with lies.
2912,0,Not Hate,1APP HITS 30K USERS. THANKS TO ALL OUR LOYAL AND PATIENCE CUSTOMERS. WE LOVE YOU ALL. LINK
2914,2,Hate,This Fulani herdsmen of a thing is an arraignment by the President Muhammadu BUHARI government backup by Elrufai. Here is my prove LINK Fulani The GOAT Obafemi Pastor Sam
2916,0,Not Hate,Big S/o To Caring babes Tho &amp; dose females Who Let a guy know real quick abt their feelings!My dear you'rnt a hoe! U're also an human being!
2919,1,Neutral,Dan iska ba
2923,2,Hate,"If we call MOHAMMAD now you guys will start your stupid riot and rampage, burning houses and going Gaga!"
2924,2,Hate,I doubt that. They don’t have the energy
2927,0,Not Hate,"Issorai☺"": Send mine via redtooth ρℓѕ :∂ "": Yam porridge*big smile*"""""
2928,0,Not Hate,Holy spirit
2930,2,Hate,"Kudos brother, God knows I don't have time to be arguing back and forth with brainless feminists. Once there is trouble in Paradise they will either come with "" he is a woman beater"" or ""he is a two seconds man"" and the best on their card is ""he raped me"". Farm tools"
2932,0,Not Hate,"BH have been troubling Northern Nigeria for God knows how long Fulani Herdsmen have been ransacking villages in the South for years, nobody threatens Hausa/Fulani people with war Because Ipob is from SE, gutless bigots start using memories of lost war to intimidate Igbo people LINK"
2934,0,Not Hate,I can't deal with pretty niggas
2936,0,Not Hate,Snobbish LINK
2937,0,Not Hate,Buhari has failed us yes! But our northern leaders failed us the most. They turned there backs on us. Am very sure if our northern leaders are putting pressure on the president just the way southerns do then things would have been different by now.
2939,2,Hate,"I agree with you on this, we need to find away of repatriating these abokis in the south back to their north. The ploy to take over Nigeria is so real."
2941,1,Neutral,""": I'm too nice."" Yh ryt!! "" Mumu, get lost."
2942,2,Hate,Mk dem arrest all the people when join hand to kill Deborah..they must all be killed insha allah..prophet Muhammad has never said you should kill anyone for not cherishing Islam..it’s a free world ...all this northern animals are just so devilish...kill all involved pls 😡😡😤🤬
2944,2,Hate,I hate cin ugly bitches forcing demselvz 2 b sexy! No pleasure 2 dt sight!
2946,1,Neutral,He has better player at his disposal but his stupid agenda will not allow him use them
2947,0,Not Hate,Amen LINK
2949,2,Hate,Idiot. Call them whatever name they are still ahead of you. Moron who only reason from his anus since his big head is empty. Attack me you moron and stop attacking the innocent ethnic group. Bloody illiterate that think every islamic name is a northern. Slave educated illiterate
2950,1,Neutral,Would you have tweeted this rubbish if she was an American? shame on you silly a** LINK
2951,0,Not Hate,Would You Rather Spend $90 on a Christian Louboutin Lipstick or $90 to Get a Bunch of Other Products Instead? LINK
2952,2,Hate,Yoruba guys are the worst in bed
2954,0,Not Hate,"Iffa tell you say I no dey bewildered and bemused at this Northern Culture, I be liar! Na this Sharia law application even in a Federal setting been won make me challenge Camp Commandant director for Kastina Orientation Camp! Abeg the divide between us and this people much! LINK"
2956,2,Hate,"Should support our own which is .. if given the chance, the northerners are ready to rule for life. The are very selfish and self centered.. this is the time we all should know what we really want. Yoruba ronu"
2958,1,Neutral,America should stop this hypocrisy. Because thousand of Rohingyan Muslims are killed daily in Mynmar and America has not said anything.
2960,2,Hate,: Women are so ungrateful 😡 priviledged Assholes 😂😂😂 LINK
2962,1,Neutral,Allah ya hada shi da dai dai shi. Dan tsiya LINK
2964,0,Not Hate,I'm nt the cause or reason for anything🤷🏼... Just one short n no makeup girl👌🏼 LINK
2965,0,Not Hate,"U can only trust the day and cause the night. zogies"""
2967,2,Hate,"We'll continue saying those people are bunch of idiots nd stupid... U Claim you're set of educated people, mean while you're comparing yourself with shekau..... Those southerner need to buy sense"
2969,1,Neutral,After all this talk you step down? You be mumu
2970,2,Hate,same Fulani terrorists who have been kidnapping &amp; killing innocents? I hope many killer herdsmen get killed by the security forces again ! Did you read the part that states Those killed are not cattle rearers but kidnappers terrorists?
2971,0,Not Hate,"If you have not been to a place, you won't understand them. My stay in the North changed a lot of things I think about the North. 2011 when Buhari's Baboon and dog statement led to the death of some corp members in Bauchi, I found favour in the hands of a Muslim &amp; am alive today."
2972,1,Neutral,How do fans do it? Really disgusting football .. shameful to all England.😕😕
2973,0,Not Hate,You are a patrotic Nigerian.
2974,0,Not Hate,Breaking: Kemi Adeosun Greets Nigeria Bye bye-LINK tundeednut … LINK
2976,1,Neutral,Thunder fire you and your generation.usel*ss old hag with no sense .
2977,0,Not Hate,"Trust our Nigerian Mums na, when I tried it ehn(even after I'd told her it was water resistant)she was like: And so what🤷♀️? So if they tell you to put your head inside fire you'll do it abi? Use your brain that's what God made it for!! Don't trust these oyibo people their tech😂 LINK"
2979,1,Neutral,Even after cartooning your picture your face still be like CRY 🤣🤣🤣🤣 Una matter don taya me... Ugly bozos
2980,1,Neutral,‘You Are A Liar’—Miyetti Allah Hits Back At Ortom Over Claim Herdsmen Attacked His Convoy LINK
2981,2,Hate,"Hypocritical life of PMB! His brethren, Fulani herdsmen are destroying lives of farmers, their properties &amp; farm products."
2982,0,Not Hate,Mario balotelli...u jst neva learn.
2983,1,Neutral,Islamic dog you are. Wait for him. He'll teach you guys a lesson you'll never forget
2985,2,Hate,"Innalillahi wa inna ilaihir rajiun, the IPOB are terrorist organisation, and they are sending signals now, security agencies should quickly tackle this terror group LINK"
2986,1,Neutral,Moron is someone who believed everything he/she read and hear.. same people calling for buhari's head when rumours of is dismissal were flying around? same people who claimed it was a ploy to replace him with a northerner..may God heal your unstable mind
2987,2,Hate,"He is very daft, they go to other states to kill innocent lives. People in turn defend themselves from the so called Fulani’s &amp; he comes out uttering sacrilege with his fish brain. People thinking like the cows they are fighting for. Dumb nation🤦🏼♀️ LINK"
2989,0,Not Hate,"First coup planned by Igbo's, really? Are you capable of such ignorance?"
2990,2,Hate,"Baba dats d spirit.... And d fool is a whore oo"": Premature cock suckin Hoe,u don't deserve to live,only ur daddy can be all up"
2991,2,Hate,"U sound so stupid calling igbos hypocrites. When an igbo person dislikes u they tell u straight to ur face, but you yorubas people are very slimy and you people backstab alot and that's why igbos dont like u people. The biggest hypocrites in Nigeria are yorubas"
2992,0,Not Hate,"this is a welcome development, the religious extremist in the north must be stopped by all means"
2994,2,Hate,"Anywhere it’s returns to fine but NOT THIS HEARTLESS NORTHERN SHA THAT ARE TOO SELFISH, SELF CENTRED. But we ne NEED SEPARATION AND NO MORE ONE NIGERIA. One Nigeria is a SCAM"
2996,1,Neutral,That yerri mina is arrogant
2998,0,Not Hate,Ko dai 1500 kike so kice?
2999,1,Neutral,"You people have stop hiding the fact that you hate buhari because of where he pick is VP, I thought those fool hated hausa/Fulani not know that is because of VP slot useless people"
3004,0,Not Hate,Lol.... You no go see me kill 🤣🤣
3005,0,Not Hate,": The Helicopter caught in a video yesterday supplying arms to Fulani terrorists, is an Agusta Westland 109 with registr…"
3008,1,Neutral,1 million pains for the senseless 1 million boys. Thanks for the good job. 🤝👏 LINK
3010,0,Not Hate,"Great move, how I wish others will learn LINK"
3011,0,Not Hate,"Lisa... She was expelled because they felt she dented their image and brand. Babcock is a business enterprise, forget that it's a christian school.They need to protect their image.I am sure if you buy a gala and see a cockroach in it, would you still wanna patronise that brand."
3012,2,Hate,"The north, fulani in particular is enslaving Nigeria. No investigations, no press release, no condolences. As long as their families are not affected they have no problem. Let’s see if Buhari will say a thing on this one 😞😡"
3013,1,Neutral,Na you e pain pass bro. Go and celebrate with your fake dullard 😂😂😂😂
3014,1,Neutral,: UWAZURUIKE WAS A LILLY LIVER AND COWARD SUCCESSOR WHO SOLD OUT BIAFRA RESTORATION MANTLE HANDED OVER TO HIM LINK
3015,1,Neutral,"Ur side chick is someone's main chick, therefore ur main chick wil probably be som1 elses' side chick"
3016,0,Not Hate,yaya kike zainab pls add me on ur bb ok 23427FD0
3018,1,Neutral,Who says we despise Muslim you be big fool quote me anywhere big fool na u be oloshi
3020,0,Not Hate,": Dressing modestly doesn’t mean you need to wear a granny dress! Be that hip, gorgeous, yes even sexy, Godly dressed woman…"
3021,1,Neutral,it's like something is wrong with you abi. Come to my house n come n see. Ode
3022,1,Neutral,"Muslims Preachers have taken the lead! ""Get your pVC and through this Administration full of bastards..."" WHAT IS THE NAME OF THIS MALAM? LINK"
3023,1,Neutral,"If I catch u "": hoelodo"""
3025,2,Hate,"If you’ve never received a wrong call from a Hausa person before, then you are not a Nigerian🤔"
3026,1,Neutral,"You didn't do anything in bad state of affairs in Anambra, you ran and came to live in Lagos😄 You have no capacity, you can't even speak against your ipob terrorists brothers, how.can you fight against bokoharam, Iswap in the North?"
3027,0,Not Hate,Yoruba: Omo ale lonfi owo osi juwe Ile baba e. Translation: Only a bastard points at his father's house with the left hand. Bon voyage!
3028,0,Not Hate,The a$$ behind the handle 😊. This was what Timaya meant when he sang 'Bum Bum'. * * Suarez Amy Cooper Karen African American. I follow back. LINK
3029,2,Hate,"You think bcuz you've allowed the fulani's to get away with the killings they're doing in the North, the southerners will allowed that too🤔 Lmao Bama kada hankali Instead of you to clamour for the situation to be tackled from the root. Su ba wawaye bane kamar ku"
3030,0,Not Hate,just dere
3033,2,Hate,"Fulanis are the bandits, terrorists and kidnappers. You guys keep contradicting yourselves. Elrufai, Gumi, Buhari and now you. Tomorrow, they want vengeance. Today, they are foreigners. Another day, they want RUGA. Who are they if not ur brothers?Liars! Hiding under Islam to kill"
3035,0,Not Hate,Acrobat Christian Stoinev &amp; dog Percy leave the Judges in a spin| Britain’s Got More Talent 2017 LINK
3036,2,Hate,: Women are scum 😒 LINK
3038,1,Neutral,So who shot at the Awkuzu protesters? Answer that . Who shot at protesters who marched from Awka to Awkuzu? Who killed the man in Benin? Who has been firing life ammunition at protesters? This is why the protests will not stop. Despicable lot! LINK
3039,1,Neutral,Should we start counting number of coaches ronaldo has sacked? Ole? Benitez? Mourinho? 😂😂at least Messi has won trophies for various types of mediocre coaches like Koeman and Valverde. Not ronaldo and his fans claiming birthright cups like Copa Italia. 😂😂
3041,1,Neutral,: Muhammadu Buhari is the sponsor of Boko Haram &amp; killer . Arrest him now
3042,0,Not Hate,Funmi my best friend. Trust this meets you well?
3043,2,Hate,Saying that you don't support the act by mere words is laughable. I just went through the thread over again and not a single tweet did I see where you outrightly condemn the act All of Muslims are bloody hypocrites. Y'all support evil when it favors and cry foul when it reverses
3046,1,Neutral,"To all of you saying men are the scum, well the middle finger to u all."
3048,2,Hate,All This northern cows be talk shit
3050,2,Hate,"..yet foolish Governors &amp; Elites of the north won't lrlearn! their sinister motive has ravaged their brains! cuz they intended to use those bandit &amp; bokoharam repentants for their Fulanization agenda! thank God,. it's all falling back on them! &gt;&gt;"
3051,0,Not Hate,: ve freed another BH terrorist to recruit them into securities forces to kill https:/…
3052,1,Neutral,Now you just confirm it that you are ode 💯.....see the way he quickly come out to threaten bcuz it is southern but he is very lenien with is brothers( bandit and herdsmen) paying them ransom...I will say it again ode ode ode ode ode ode ode now oponu 30k bmc LINK
3053,1,Neutral,"oneal is a basterd,just hope he leaves soon,he is such a stupid person"
3054,1,Neutral,🥴🤣🤣 you are such a fucked up clown
3055,1,Neutral,"If they can do their politicial campaigns in Igbo, Hausa and Yoruba etc then what's stopping us. Let's show them what this coconut head generation is capable of doing ✊ LINK"
3056,0,Not Hate,This Almeria are a very stubborn team.
3057,0,Not Hate,Titans follow make I follow you asharp
3058,2,Hate,"U're high!"": Cc *picksrace* : Cockroaches are attracted to yoruba girls"""""
3059,1,Neutral,: Southern Cameroun is always facing the wrath of an old wicked dictator. Paul Biya must go LINK
3060,0,Not Hate,"Lagos born, Abuja brought up, Adamawa blood, Fulani tongue!!!"
3061,0,Not Hate,Is there a reason why omatseye is not dead?
3062,2,Hate,: Wen U see 2 or 3 yoruba women sitting QUIETLY. 2 thins ar involved. It's either they ar deaf and dumb; OR shit dey catch th…
3063,1,Neutral,"Look at them....useless leaders😏,they are protesting because thier kids are affected as well....they are doing it for themselves not for Nigeria😏"
3064,1,Neutral,"This is,should, ought to be, fake news, except only if men who were 'considered' noble are now dogs eating their vomits"
3065,2,Hate,Na man you be you are just in your state and be expecting position in some one State that you are not making impact I fear some Yoruba illiterate that don want to learn
3066,1,Neutral,"So the Igbos are the parasites of Nigeria; Why are you threatening WAR if they attempt to leave? That thing in your head, is it brain or mash? Anyway, you are just a troll/bot; no need engaging you"
3067,0,Not Hate,Brother if u study music u wont type what you typed trust me
3068,0,Not Hate,Even some Nigerians in Lagos/Abuja hardly go back to their ancestral home because of *village people* witchcraft. There are challenges everywhere we just have to overcome. LINK
3069,0,Not Hate,": I don’t do this on a norm , but this is so heavy on me, Fulani burnt down my pineapple farm , I put all my all on this proje…"
3070,0,Not Hate,Oya na 😂
3072,0,Not Hate,30's
3073,2,Hate,"For what I knw from d history of Nigeria , Igbo r well knw with 5 things. Robbery Nd hired killer ,kidnapping,raping of women, 419,prostitution. But we neva pple from d north neva complain about it.they only blive dt in all bad there most be good they blive in one Nigeria bt we"
3074,1,Neutral,Lol. You're a thieving. Barawo LINK
3076,0,Not Hate,Guardiola's first Manchester City signing is Ilkay Gundogan LINK
3078,1,Neutral,You could also not be an ignorant fool but here we are
3080,1,Neutral,My twitter is such a bitch
3081,1,Neutral,r u minding d idiot
3082,0,Not Hate,You know..
3085,0,Not Hate,And this is what people are supposed to treat with kids glove. These are the people who should be given space to share their opinion without any push back. Someone that thinks advocating for the rights of trans people is dividing the LGBT community. Really? Which LGBT community?
3086,2,Hate,R.I.P to the hoes dying for attention!!!
3087,0,Not Hate,"This is just sad as the ethnic profiling of Nigerians has taken on a regular and almost acceptable tone on social media. Tags like ""abokis, yorobbers, fulani herdsmen, parasites,"" even religious insults are made with no restraint."
3089,1,Neutral,I swear...what kind of cake is this. It looks evil!!
3091,0,Not Hate,Be greatful for once. Where was Chelsea when he came.
3092,2,Hate,Why speaking hausa? Evil blood.
3093,1,Neutral,Useless Fulani presidency.
3094,2,Hate,"Asked by a man who is supposed to be tending to the failure of his parental responsibilities. Right in your life, your child became a gay and that doesn't bother u? Moron!"
3095,0,Not Hate,"Sorry, I'm referring to"
3096,0,Not Hate,"the last caller pls if u don't knw wat 2 say pls be quite stop insulting hausa pls,"
3097,2,Hate,Issa hoe
3098,2,Hate,"Lol yeah..she's back abi? :|"": dat hoe..."""
3102,0,Not Hate,"Christian Pastor, wife of a Muslim LINK"
3103,1,Neutral,Arsenal r a useless club I wonder y I even care
3104,1,Neutral,You will just come and be typing nonsense cus you want engagement oponu
3105,0,Not Hate,": Gowon is still alive and well. 86 years old, and chilling after killing over 3million igbos from 1967 to 1970. Starved…"
3108,0,Not Hate,good luck to me
3109,0,Not Hate,"Ronaldo deserves all,...if they don't give it to him then football should be scrabbed out of sports,..."
3114,1,Neutral,Attention seeker (aure kikeso)
3115,1,Neutral,"i dont know the problems of some ladies now, after now breast cancer go follow and you will start blaming God instead of your stupidity."
3116,2,Hate,"Because Nigeria is British ShopRite, using Hausa Fulani nonentity as THE MANAGING DIRECTOR while educated YORUBAS are the beneficiary of one Nigeria."
3117,1,Neutral,": If you think mbappe at 19 was anywhere near to Messi at 19, just indicate so I can block your dumb ass."
3118,1,Neutral,You are even more pathetic because majority of victims of Book Haram are Muslims and it did not just start today. LINK
3119,1,Neutral,Beast! Better increase the money you give these ladies. Wicked man😂
3121,0,Not Hate,Akoi ciwo kai...'do You have headache? Me suna ka ? ' what is your name? Menene damu nka/nki? 'what is wrong with you?. Etc... Hausa language is the most easiest language among the three major Nigeria language.
3122,0,Not Hate,Do you know the owner of the image he claimed was from Nigeria can sue him? No one hate northerners.
3123,1,Neutral,"his is a confused man for nw , do to d name BIAFRA"
3126,2,Hate,Is anything happening to Fulani herds men? Or you mean all the atrocities fulani herdsmen have been dishing to their host communities? You all really thought you had the monopoly of crime.
3128,1,Neutral,"Men, we dey fuck up o. Well.... She fit dey lie sha. LINK"
3129,0,Not Hate,": from right: Head of Islamic Development Bank's Regional Hub, Istanbul Mr Jelassi, Head of ISDB PPP Division Mr Nouman Siddiq…"
3130,1,Neutral,"As usual, these foolish set of people will blame Dorathy. Big fool!!! LINK"
3132,1,Neutral,Fraudulent bald headed human!
3133,0,Not Hate,🙄🙄
3134,0,Not Hate,""": Let's talk about the level of Witchcraft and Prostitution in the country, Wer in Nigeria have U Benin. if U get"". Lol"
3135,0,Not Hate,"Lol, do you like iron hoody ? 😃"
3137,1,Neutral,Cheeky boy😂😂😭
3138,0,Not Hate,So who are our 1st choice CBs please?
3139,1,Neutral,Open space for Michael Jackson Adeleke. You guys are Jokers. I hardly see anyone campaign for Adeleke on this App. But now you all of a sudden realize Adeleke is a Christian just to justify Una useless desperate grandpa
3140,1,Neutral,"Anytime I eat semo, the first thing that comes to my mind is those people calling it trash. Whoever calls semo trash is stupid, olohun!"
3142,0,Not Hate,Agidi people ginger! 🤸
3143,0,Not Hate,Damn Assyrians LINK
3145,2,Hate,Ceec - Tacha - Erica Fear women Their evils are Twice as Tall Run 🏃🏾♂️🏃🏾♂️🏃🏾♂️🏃🏾♂️
3147,1,Neutral,"A cage where Igbo, yoruba and a cow is!😂 😂 And an hausa/fulani man is dragging them! 😂 🤣 😅 together"
3148,1,Neutral,This shit is so f*cking relatable 😭😂😭💔 Buhari || Hausa || || Tunde Bakara || NNPC || || Owerri || Nigeria || || Biafra LINK
3151,1,Neutral,"You don't want to see Fulani herdsmen or any resemblance of cow in your vicinities but you are the first to shout ""mama Nkechi, nyem ikwobi"" whenever you get to your famous joint. Mumu."
3153,2,Hate,Women are scum😂😂😂😂😂😂😂😂😂😂😂😂😂😂😂 LINK
3154,2,Hate,"4 heavn sake, hw cn u c dat ur brodas (Fulani) wasted people in a church in ondo state n u ar hosting political banquet 4 APC primaries. Ds z absolute inhuman, no wrd of sympathy, no wrd of anger against d bloodshed of 2dy As if nothing happnd. are ruled by terrorist#"
3156,1,Neutral,hahahahahah NIGERIANS AND THERE LIES
3158,0,Not Hate,Na Girls con they gain this thing pass.. Wetin I do. Ah no kill person ooo . bros reason me na
3160,0,Not Hate,Not sure I understand what you wrote. Check the mistakes and rewrite it. Then I can reply you. No offence
3161,0,Not Hate,"Igbo men will never do thiz for their female children, all in the name of they're girls and will be getting married so no need. Nah why land issues remain the utmost priority after a man dies having only female children. God no go shame us. LINK"
3162,2,Hate,My kind has gone outta d market thanks to the bleaching fadafucking bitches
3164,0,Not Hate,I just finished day 14 of the Plan Ending Your Day Right. Check it out here: LINK LINK
3165,1,Neutral,"Muhammadu Buhari is an Incompetent Leader whose actions destroys camaraderie, instill gossip, encourages dishonesty, fraudulence, corruption, military brutality and hatred for ones nation. His officious regime has stolen our right to freedom and Liberty. LINK"
3168,1,Neutral,Nothing is worse than a party filled with ugly girls 🤦🏽♂️
3173,2,Hate,"Your so called useless government should first deal with the deliberate falsehood that brought a Fulani herdsman into power as president. Buhari, a garbage, was packaged as useful by those specialist in ""mischievously twisting information"". Shame unto cows."
3177,1,Neutral,: NLC better graduate from issuing condemnation to keeping the streets busy via protests. Sociopaths only understand the…
3178,1,Neutral,"Yes U are! Verrrrrrry weird indeed. Snakes of all tnz? Remind me not to hug U, when we see each other!!!!"
3179,1,Neutral,"Dumbest tweet I’ve ever seen from a stupid dull head..why the rest of the videos of the album didn’t go miles like Brown skin girl…All because he’s is Nigeria you Dey hate him lol,you can never stop his shine tho."
3181,2,Hate,"Be asking stupid questions there,..the truth is that I view you igbos same way I view the bloody Jihadists up north. Y'all are one and the same"
3182,2,Hate,I won’t ever forget what you did to my friend in 100l Yoruba bastard ! — may we all heal IJN LINK
3184,0,Not Hate,"A little digression, whoever has the number of that Hollandia yogurt advert model should send it asap. 😐😐😐"
3186,1,Neutral,: Yoruba Have Adeyinka Grandson Igbo Have Nnamdi Kanu Hausa Have Adamu Garba Those 3 Have Mental Problem
3189,1,Neutral,Are you a lesbo ni?
3190,2,Hate,"AKA.... You are a fool and a gay artist, we will get you and roast you like a bush meat, henceforth stay clear from Nigeria today, Useless artist that doesn't have a hit song since 5yrs."
3192,2,Hate,Ilero of life... Yoruba demon 😂
3194,1,Neutral,Yoruba demon ✨🙌🏾🙌🏾🙌🏾
3198,0,Not Hate,Fulani herdsmen kidnapped her..... accidentally her bulb head boom!!!! Agbaya
3200,0,Not Hate,It's all security forthewomen Islam understandsthatwomen are fragile and weaker instrength than men by nature.
3201,1,Neutral,Yoruba demon
3202,0,Not Hate,She's getting thick. Nice
3203,2,Hate,"To men, any single woman above 30 is lonely, bitter and desperately begging men for marriage. Pathetic lots! LINK"
3204,0,Not Hate,"Looolll"": Lolzz "": ""Bull Shit"" is ""Igbe Malu"" in Yoruba!"""""
3205,1,Neutral,I love the fact that even the certified morons &amp; devils in this country are weary of messing with the might of the Yoruba media prowess in Nigeria. All these crazy people that throw stupidity hate and mischief disguised in tha name of opinion and politics know when to be stupid
3209,2,Hate,Awon wizard of hoes ✌🏽
3210,0,Not Hate,Of lay lay
3212,0,Not Hate,😍🥰🥰🥰 LINK
3213,0,Not Hate,"Yesterday was unforgotten inccidents dat took away peoples live in Akungba-Akoko. Oh lord, We seek your define intervention in Ondo state nd also thank u for sparing the lives of our comrades as they were attacked by Fulani herdsmen few minutes ago along Owo Ogbese Akure road 2da"
3216,1,Neutral,"Unfortunately, chief, he still got over 3k retweets. This Gen Z people are in sane!"
3218,0,Not Hate,😂 😂 Off me
3221,2,Hate,Is not by force to be a Nigerian We don't want Nigeria All we want and dream is Biafra VP slut is not freedom
3222,1,Neutral,"My Christian borders(gospel artist) buzzd me up saying am a worldly singer.But..Him dy smoke igbo,dy drink shayo pass me,e dy lash choir gals,e dy carry olosho,e dy do gee,e get sugar mummy.Abeg na who ur gospel song done help.bro u must b a mad idiot.sense dey pain u. Werey oshi"
3223,0,Not Hate,Be like the Berean Christians! LINK
3225,1,Neutral,Na you fuck up.... From the cuddle part you for Don send am commot
3226,1,Neutral,"Bros, Abeg na man and woman dey cheat, both genders are manipulative and toxic. Everybody Na thief... Na who them catch be BARAWO! Shi ke na!"
3228,0,Not Hate,": Henceforth, Arewa Twitter will push &amp; promote those celebrities, artists/actors who lend their voice to the voiceless, to s…"
3230,0,Not Hate,are u a bad girl
3231,1,Neutral,"Nice girls everywhere "": Rude girls everywhere"""
3233,1,Neutral,"I can never imagine that i will be blocking and muting tweet from Alex fans. Ola ,they are even worse than Cc fans"
3234,0,Not Hate,Momee ya kike
3236,1,Neutral,This girl can lie for Africa enn
3238,1,Neutral,"He was with Buhari and lai mohammed and became a clueless liar. Now he's with market women, what did you expect.. LINK"
3239,0,Not Hate,Poverty will limit your right.
3241,2,Hate,"Olam grains , those Indians are fucking slave masters, 8hrs shift plus 4 hrs overtime, seriously those Indian engineers they send as expatriates are fucking college grads with no experience, they had to be learning from us everyday"
3242,2,Hate,"Eat me😒😂 , you timid South Africans can never come close .You sound too pained to be human. Seems your mother left you helpless as a child and went about fucking good Nigerian Dicks. Btw: I heard South African men are weak 😂😂"
3243,1,Neutral,"Hian!"": Bitches should quit calling Nelson mandela dere fathers""""because he raised no hoes"""""""""""
3244,2,Hate,"How do you educate illiterate Northerners who are so poor that they can't even afford western education? Las, Las, power remains in the North as your PDP prefers Atiku to Wike. Good bye."
3245,0,Not Hate,Oppor
3246,0,Not Hate,"Couple of weeks ago, Five Star Music general, Kcee announced his upcoming project “Eastern Conference”. Following the announcement, Kcee comes through with a new single ‘Doh Doh Doh‘, produced by Blaq Jerzee. The song... LINK"
3247,1,Neutral,"You idiot, the only problem you have with Erica is because she’s Igbo, Onye ara"
3249,2,Hate,Truth be told this fulani’s are animals I swear to God… they are born terrorist for real 😭😭😭😭
3252,0,Not Hate,crowd and fraud LINK
3255,2,Hate,The greatest slut ever produced in north.. How i wish she ain't northerner
3256,0,Not Hate,"I had to cancel and request another one, omo I was over pissed oo, i was just insulting him and still sent him an abusive text message 😂😂😂😂"
3257,0,Not Hate,🤣🤣🤣
3260,0,Not Hate,Maybe in 2120.
3263,1,Neutral,": Dear-women-that-stick-to-men-that-beat-them, there's no nicer way to say this; but u r Very stupid sha"
3264,0,Not Hate,Ilefo Illuminati.
3265,1,Neutral,"10mins turning 1hr. Aside the general madness of african time, I think INEC also has its own time different from african time."
3266,1,Neutral,But we will not sit back and watch our people killed for sport again by blood thirsty Nigerian Police and Military. Even if you are enabled by stupid Governors of South Eastern States. This is not 1967. We will document everything.
3267,2,Hate,Go and read Numbers 25 and see how Phinehas defended God and was blessed for it cos he couldn't stand inequities of the Isrealites......see coward Christian...You could have said let them find out the truth not encouraging people to fold arms.
3269,2,Hate,And the rest non-muslim parts of Nigeria will become a Southern Kaduna... We are not fools Malam LINK
3271,2,Hate,Yoruba/Igbo relocating to where? Do you how your people are spreading all over the States like cancerous disease? Your people would mold themselves in a long trailer. You people have no shame with your dirty almajiris doing their business everywhere. Even come to Abuja.
3273,0,Not Hate,Germany's New Africa Policy – In Need of a Departure | GIGA LINK
3274,0,Not Hate,What breaks my heart is that evolutionary minds like yours don't feel like making up for the zeal that gets you into the rulership positions. We need you guys there sir.
3277,0,Not Hate,Allah yasa da gaske kike to...
3278,0,Not Hate,Hmmm when I said southerners should start growing their own food &amp; livestock on a commercial scale they said my mouth was smelling. Now we’ll be forced to
3279,2,Hate,Most Hausa people on this app are so disgusting. You be number for the list🤮. Pig
3280,0,Not Hate,"An ideal man dosen't drink, dosen't smoke, dosen't chase after girls... &amp; DOSEN'T EXIST"
3281,1,Neutral,The same men that gives sex to the leeches.
3282,2,Hate,"But you are too quick to talk about DSS, fulani &amp; SE govs &amp; you dont want anyone to talk about your overrated criminals known as ESN aka UGM huh? You guys want to turn SE to NE with your criminal militia esn aka UGM? u all fail. Igbos no be hausa that are zombie.we will resist u"
3283,0,Not Hate,“Light travels faster than sound. This is why some people appear bright until you hear them speak.” for more funny quote follow me Tacha . Fulani
3285,1,Neutral,Till date. Foolish girls LINK
3286,0,Not Hate,yan da kike
3287,1,Neutral,"stupid boiz😟"": "": Foolish bois!!!!: True"": GIRLS WITHOUT BOOBS WEAR BRA THE MOST....."
3288,1,Neutral,"You’re absolutely stupid and senseless in that useless words of yours, there is no Biafra without Igbo, Igbo is Biafra and when we conclude everything, we will leave you with your animals Kingson"
3289,2,Hate,""": STOP BEING LIL PUNK BITCHES &amp;&amp; FOLLOW FOR ME!!! (Pleeeeease ? )"
3290,1,Neutral,Girls with big breasts are the most arrogant. They equate themselves carrying the whole universe on their chest effortlessly so sees any other weight as feather weighted.
3291,2,Hate,Those from Southerners that following northern in term of election .. absolutely they are bastard and their mother is whore according to his words
3293,2,Hate,"Islamic terrorists would have overrun Igbo land if not the presence of ESN and the so called IPOB. Those animals are afraid of these two - IPOB and ESN. Don't ever attribute evil deed to these two, but the government mercenaries who are bent on destabilizing the states"
3294,1,Neutral,nigerian girls are so naive
3298,1,Neutral,You dey craze
3299,2,Hate,"All his gays and atheists with unnecessary victim complex. Every tom, dick and Harry will drag Christians, now Christians are killing atheist 🤣, LINK"
3300,1,Neutral,Northern Nigeria Govt- Will integrate 'Repentant' Terrorists Bandits.. back to society in the north? Ment
3301,2,Hate,"These arewa leaders/thieves are so evil that they have hijacked NDDC, all states in the south that they intentionally steal the ""oyel 💰"" meant for developments and stash them abroad. Evil Hausa people kawai!!! 🙊"
3302,1,Neutral,Stupid admin. Fuvk you man!!!!
3305,2,Hate,"Vice versa"": Yoruba Girls Are Generally Dirty...."""
3307,0,Not Hate,"LINK Nigeria: Fani-Kayode Denies Tribe, Says He's Not Yoruba ... Of course Yoruba is an accused name from Fulani ""Yariba""."
3309,2,Hate,The northern oligarchy has been supressing news like years ago thru their censorship machine
3310,1,Neutral,"I de trip one girl.... She gives me all indications to approoach ...but dis dumbass is buttscared....sayin"" he lacks pick-line"" mtcheewww"
3311,2,Hate,Then may be Nigerians are also hypocrites
3312,0,Not Hate,"And apparently IPOB boys have taken over, burning and looting everywhere. I’m tired of this country . Tired of shouting daily,and worrying about everybody I love."
3313,2,Hate,I tell you... Nigerians 🤝 hypocrisy
3314,2,Hate,Northern cabals are too backward&amp;lazy 2b on their own..All they know is2loot &amp;embezzle public funds made out of Biafra land..Baboons&amp;Monkeys LINK
3315,0,Not Hate,"Cardi B’s fiance, Offset draws criticism over anti-gay lyrics LINK"
3322,0,Not Hate,Pathophysiology is always boring to read
3323,1,Neutral,""": NIGERIAN POLITICIANS...faithfully embezzling public funds since 1960* "" fucking true"
3325,0,Not Hate,"She is a shovel "": Is Kim a Hoe____? ”"""
3326,2,Hate,Hausa guys ar lik talking pigs...u av to see thm in warri n if u do u won't even lik to say u r 1 of thm or wat ever ur name is
3327,1,Neutral,This is the stupid structure so idiots are saying they have.. Some fools supporting this man will never know peace🙏 LINK
3328,2,Hate,"We keep talking about racism, meanwhile blacks are the bigger racists. Have u ever heard about white-on-white violence? Only blacks!"
3330,2,Hate,"That is why nigeria can't move forward with this backward tribe.boko haram re set free,24yrs for what?did he kill?northerners are not supposed to be separated from humans"
3332,1,Neutral,...liverpool suck mehn
3334,0,Not Hate,Vampires
3335,0,Not Hate,It pays to stay without a girl friend
3336,0,Not Hate,. how A̶̲̥̅̊я̲̣̥ε̲̣̣̣̥ u
3337,2,Hate,Bitches cant run for 5 mins buh want 2 hrs long sex.. mtchew
3339,1,Neutral,"Perez Hilton, I presume... Dude is a bully, he can throw punch but when it gets to receiving, he hides behind LGBT skirt... hes a big jerk"
3340,0,Not Hate,They are just bunch of opportunist.
3341,1,Neutral,You must be very stupid... Infact you're the disgusting one....are u the bright that cooked the food...did she come to u for anything... Nonsense and radarada...who said it's a taboo for an Igbo girl not to know how to cook...stupid fool.
3342,2,Hate,They are trying to induce you people against your northern brethren. Fools
3343,2,Hate,: Hausa/Fulani D hunting dogs for Britain D'Shameless Slave Masters killers of Africans https:…
3344,2,Hate,fair enough but I hope girls upgrade their act coz brodas are tired of fake ass and numbskull bi***es
3345,1,Neutral,"When u marry illiterate man and poverty mentality family together in a room, gosh a grave mistake ever...."
3346,0,Not Hate,Fulani herdsmen are vindicated... just look at the gun flag...IPOB are terrorist..
3348,1,Neutral,"Mr Fuck up, actually Islam didn't start with prophet Muhammad, and that's what we are saying, it's matters you don't have a knowledge about, how about keeping shut or try to learn first."
3349,2,Hate,Nigeria is the worst shithole on earth led by a bigot &amp; a jihadst Buhari. Proudly Biafran!
3350,2,Hate,Women are evil! All of them nah witch 😒
3351,2,Hate,"Chaii too many hausa mumu,but honestly I grew up with hausas in Lagos and the ones I know are very much intelligent and woke,shocking to see people act so dumb and foolish just because of religion mumu areas"
3353,1,Neutral,How long am i supposed to stick around for dis fuckin abuse
3357,1,Neutral,Dis 🤡🤡🤡is nt an exploras ...don't fall for dis shit...go through is page..be wise ooi Dorathy is nt leading ooo
3361,2,Hate,Then I will give a million reasons why the Ibo are less than monkeys and baboons
3365,0,Not Hate,": FULANI claimed responsibility for the attack on Ortom, police said they lied. BH said they shot down airforce Jet, Air fo…"
3368,1,Neutral,🤣🤣🤣 Yoruba demon bawo
3370,1,Neutral,Na u add value to our economy abi mumu 4 Ur mind
3372,2,Hate,: ACF should go and tell their Miyetti Allah and Fulani Herdsmen that are killing and raping our women in the farm to leave o…
3373,1,Neutral,His real name is Ode and not Use. He's a very bid idiot.
3374,1,Neutral,"Don't mind them, they are even worse than the girl. Hypocrites"
3375,0,Not Hate,you wen be like kote fish 🐠
3376,0,Not Hate,Politics is no done on social media nor do we have a polling both on social media after all the names Igbo have called we northerner now Igbo want our support for president I don't think the north are stupid
3377,1,Neutral,You suppose don delete this tweet if not that you are a coconut head
3378,0,Not Hate,By datwarrigirl Some people just have to learn the hard way 😒😑😁 Good Morning loves! 😚😚 Have a wonderful weekend 💙 LINK
3379,0,Not Hate,You got what you deserve this cool evening😂😂😂 I was able to chew my chicken bones till the end cos of your tweet replies.😂😂😂😂Come yarn rubbish again.15 century region Northern Nigeria vs (2021 vision region Southerner region of Nigeria) Olodo rabata ori eja lomonje.😂😂
3380,2,Hate,":Shoot me 4 saying dis bt I tink Hausas especially d muslim ones shld b exterminated""Le strugle to trend.Bitch have a seat on thorns"
3382,1,Neutral,Or the two both of them are mad
3383,0,Not Hate,This is a cool kizz daniel versus zlatan: check out photos of singers' expensive cars from Boomplay. LINK
3384,0,Not Hate,DONATES CAR TO CHARITY... READ STORY HERE: LINK
3385,1,Neutral,"Oga, if stupid people does not exist, stupid wouldn't have been in the dictionary. They do exist and try not to explain yourself to them. just like ignored your comment. Thank you!"
3386,2,Hate,:o how dear u! Ohh u mean SHE is a hoe:)....I agree:D
3387,2,Hate,"How do people say Buharideen have integrity sleep at night knowing fully well that he fine and wine with criminals.Aboki barawo, barawo ni"
3388,1,Neutral,In zazu tone…king of street p*ssy
3390,2,Hate,God has blessed the Igbo race and not u nor the Fulani bastards you lick their anus can reverse that. Onye nzuzu! Dr ndi iberiberism 😎 LINK
3392,2,Hate,"They wine and dine with satanic politicians,collected money without knowing it was meant to buy their integrity and soul.up till this moment father mbaka has not spoken against the killing of Christians and the them slaughering of people by fulani herdsmen .hmmmmm icabod indeed"
3394,1,Neutral,: You think you’re shit to northerners clown 😂
3395,2,Hate,"Lol 😂 😂 northerners are murdering and killing their follow northerners also been sponsored by northerners and I'm the Infidel....into the mirror ...the problem of the north is the northerners... 😁😀😂😆😀😀 if u see Transformer hug it, it's very good ur 4 dead brains"
3396,2,Hate,Northern Nigeria and their lies. They formed BH and they are Reaping the result. My heart bleeds for the innocent ppl loosing their lives.
3397,2,Hate,The Federal Govt of Nigeria refuses to stop Fulani herdsmen terrorizing Southern and Middle Belt zones of the country. They are accusing a nebulous &amp; undefined “religious leaders”. Scapegoating innocent people will not reduce insecurity and will not help the country.
3398,0,Not Hate,Glory days ahead bro LINK
3399,0,Not Hate,Popular Pastor Who Spanked N*ked Female Church Members on their Bare Bum Jailed for 6 Years LINK LINK
3400,0,Not Hate,"Infact, But u know wat I did I went to my pastor &amp;said since it d yourba believe ,&amp; it primitive can't we jst follow the grace giving to us cause we are not concern about the primitive culture,so therefore a christian dead should be bought home irrespective of the place of death"
3401,0,Not Hate,Tell them abeg
3402,0,Not Hate,": The omo oluwaibi culture of the Yorubas help them denounce notoriety. The Hausas HATE the sound of BARAWO,☝️ reason Atiku…"
3403,0,Not Hate,Who is watching Lucifer on African Magic Yoruba?
3404,1,Neutral,"You are the bigger idiot Mr and I have nothing to prove to a glorified fool. I have always spoken out against killings of any kind, I have nothing to gain from any party coz I am neither hausa nor yoruba.Continue basking in ur foolery, I have engaged u enough"
3405,0,Not Hate,"BREAKING NEWS: Ex-Borno Gov. Sheriff, Accused Of Sponsoring Boko Haram, Emerges PDP Chairman LINK"
3406,1,Neutral,"""If you fight like a married couple, talk like best friends, and flirt like first loves, you're asses are fuckin meant to be."""
3408,0,Not Hate,"Afam mu bu Amaka Onye Amesi,Aguata. Anambra State LINK"
3409,2,Hate,"See the idiot calling someone Zombie😂😂😂If you were gay,your partner wouldn't need your anus,your nose alone will fit his whole penis no matter how big it is. Oloshi LINK"
3410,2,Hate,And you still came to comment. Bloody cock sucking homosexual homophobe like you.
3411,1,Neutral,Sterling is playing nonsense 😡
3412,2,Hate,"Until you denounce your religion ... You can be ashawo and be Christian... No body can unchristian you. If you have not said I denounce Allah...then you are Muslim no matter your crime. If you kill people because of your religion, you are a religious terrorist."
3413,2,Hate,May Allah amputee d hands of dose dat ill vote 4 PDP dey ar all bunch of thieves heartles homsexuals LINK
3416,1,Neutral,"Yakubu Gowon that sold his people to their killers because of transient power. Tomorrow, you will tell us how Muslim northerners did Igbos a favour by installing Hope Uzodinma. Mor."
3418,1,Neutral,": Buhari squanders public funds on tribalistic fanatics and murders calling them self repentant herdsmen, bandits, ISWAP and B…"
3419,2,Hate,Bitches the most foolish species on this planet man..you blame Chris for hitting Rihanna but clown Jay z for not hittin Solange?? I'm sleep
3420,2,Hate,She kill your mama ? Highest she thief or she spoil you for your guy place. Oloriburuku omo ale jati jati.....imagine Wetin person Dey talk. Damn some girls are just too wicked 😤🤦🏽♀️ LINK
3421,0,Not Hate,"When we say Nyamiri in North we simply mean Igbo, nothing bad attach to that"
3423,1,Neutral,Let Rooney come back when he's won the World Cup and Euros!
3424,2,Hate,"Ok dats nu... M proud "": get Ur gay ass outa here retarded wanking bitch"""
3426,2,Hate,"3. must hv right of way else blood will flow but as a pig farmer, I dare not allow my pigs stray."
3427,2,Hate,Why didn’t your parents get you married off at her age? They don’t wanna practice sunnah? Stop manipulating islam to your wills ! Illiterates Muslims are disgusting wlh
3428,0,Not Hate,: Please how do I say Soro Soke in Hausa and Igbo? Thank you
3429,2,Hate,"lolz,I shud b tellin u dat hoe!"
3430,0,Not Hate,Arsenal just triggered the release clause of diego costa-sabin kike
3431,1,Neutral,"""Money is a defense to a lot of bullshits"" This statement hits hard👌"
3432,1,Neutral,One of the dumbest economic decisions in Nigeria under this administration is the introduction of e-Naira. How can one invest in something that's completely valueless? Isn't that clueless?
3433,1,Neutral,"Dear you have a big fan base here in Nigeria, but there’s a terrorist gang called Sars using the influence of government to kill us here please we need your support to"
3434,0,Not Hate,"Dear , thank you for following . We love you and God bless you! 💜"
3435,0,Not Hate,"Yes"": Do you sleep naked? """
3438,0,Not Hate,How do you become a northerner?
3439,1,Neutral,": Exactly, I get now why men cheat on the dumb girls repeatedly because they blame everybody else e…"
3440,0,Not Hate,"Mr oponu afofun gbemu!!! What is the interest of buhari in the East when bokoharram, bandits, ISWAP and herdsmen continue to turn your North to dust? Why didn't he attack them? Is because they're Muslims and the Igbo people are Christians! Next time receive sense before you talk"
3443,2,Hate,": At this juncture, we can now all agree that their hatred and bigotry is not for Northerners, Almajiri or Aboki but for ISLA…"
3444,1,Neutral,Some gurls just stubborn pass goat for this life....
3445,2,Hate,"What are you searching Wikipedia that is being updated almost everyday is that were you want to see Tinubu age, don’t you know the reason he refuse to attach any of his School certificate is because of age related, since this Tinubu thing most Yoruba’s are f**king up"
3446,2,Hate,Hahahahahahahaha.... Bloody Lesbian.
3447,0,Not Hate,": Fulani herdsmen allegedly killed over 15 people, burnt down several vehicles, as well as the palace of a Traditional ruler…"
3448,0,Not Hate,the same goes for a woman. What the other person does or how they treat you badly is on them and they will reimburse the consequences both in this world and hereafter.
3449,1,Neutral,"this man is a fool, and political fool.he should go and learn.idiot for insulting igbo and supporting evils"
3451,2,Hate,": Lols"": Beggars "": IGBO Girls re mostly(ashawo) YORUBA Girls re mostly(witches) HAUSA Girls re mostly…"
3452,0,Not Hate,"""Our Lord, pour upon us patience and let us die as Muslims [in submission to You]. (7:126) Ameen. One of my fav duas for patience."""
3453,2,Hate,Boko Haram everywhere... pls trash these northerners Twitter accounts... They are terrorists
3454,1,Neutral,"MTN, DSTV, StanbicIBTC Bank, PEP etc are businesses managed by the whites in south Africa and the blacks only good for robbery and nudity. Yet they blames other Africans residing within them and making a living while they continue to loot their businesses."
3455,2,Hate,But when Fulani terrorist herders were butchering our people you never alter any word now ESN are here to protect us you're talking like a dead man
3457,1,Neutral,"Gov. Oyetola lost to civil servants during d last election. Though he paid full salaries and as at when due, civil servants wanted him to pay pension arrears which runs into billion of naira forgetting Osun state is one of the poorest states in terms of Fed allocation. Awon ode!"
3459,2,Hate,"Haha"": Bitches fuck the same dude but call each other hoes. No bitch, you're teammates."""
3460,2,Hate,"Toothless CAN. Toothless Christians. Soon muslims jihad will behead you all soon, keep waiting on God to come help fight jihad. Weak fools, learn from Israel fools."
3462,1,Neutral,Nomadic clown 🤡
3463,2,Hate,"The program should be scrapped! It's skewed in nature, as children of d elites are favoured in terms of postings. And, since, Fulani pple are always looking 4 human 2 kill, as Pantami have made us 2 know,NYSC should be scrapped. Also,corps members have become cheap labour 4 them!"
3464,1,Neutral,: I’m a Christian. So I can tell you these hard things because many of you coconut heads love to believe in a lie than fa…
3467,1,Neutral,"I think you are an illiterate too. You are the evil person. Stop sleeping on duty, small boy"
3468,2,Hate,Wats up wit u naaRT : Yoruba boys are just sluts! You can't change them!☺
3470,1,Neutral,Yoruba demon 😂😂😂😂😂
3471,0,Not Hate,: This happen to a friend of my friend along Akure owo road today they were shot at by Fulani herdsmen thank Go…
3473,2,Hate,"If this is what Islam teaches, then, Mohammad and Allah are scum and shit"
3475,0,Not Hate,"The man from Kano regard himself as bakane. The man from Zaria was bazazzage. The man from Katsina was bakatsine. The kingdoms were at war with each other. They were Hausas, they were Muslims, they were killing each other. The Yoruba were Ijebu, Owo, Ijesha, Akoko, Egba."
3476,1,Neutral,"What is it with the sex doll... Guys, if asking and spending for a girl is a big deal, then go and buy a sex doll of 800k... Is it my pocket... Mtcheeeeew"
3477,1,Neutral,The most backward tribe in world history. The building that is yet to commit the so-called crime
3478,0,Not Hate,": When started ,the government took the issue with levity and it backfired. The Fulani herdsmen are killing our peopl…"
3480,2,Hate,I totally agree. Just as some pretty looking pussies are just smelly ... better to see &amp; feel both physically 😆
3482,0,Not Hate,"Low turn out in our Ward ""Mazugal Ward"" Dala LGA"
3483,0,Not Hate,LINK LINK LINK
3484,2,Hate,"You want to but everytime you go back home to the East, all that you say about Yorubas cannot be said in their presence. Every Hausa is an aboki illiterate."
3486,1,Neutral,Someone just explained to you the reality behind this madness but your deep level of insanity won’t allow you to comprehend. You think whatever happened to you didn’t happen to most guys growing up?
3487,0,Not Hate,Fulani herdsmen rape newly wed in Ogun LINK
3488,2,Hate,""": Hoes Come And Go 👯💃 But If You Got A Good Girl, Keep Her ❤️✊, Love Her 💏👫, &amp; Spoil Her 👰💍💆💅👠👜💎"""
3490,1,Neutral,"Just shut the fuck up before you get smacked the fuck up, you motherfuckers can't be us or see us."
3492,2,Hate,Mad stupid Fulani mofo! We're the South not Southern Kaduna! I pray God delivers them from you and your murderous kinsmen who you pay for killing the poor Southern Kaduna people like God is delivering us. We promise you more Sunday Igbohos and Nnamdi Kanus. Wèrè aláso! Onye oshi!
3493,1,Neutral,"No but Nigeria feminism come with bitterness,anger e.t.c"
3494,0,Not Hate,This shows how inept &amp; out of tune wt happenings in ur home country you're. How many Hausas/Yorubas &amp; others were arrested 4 cybercrimes? The fact that some are more into shouldn't be a reason to label others from same region as cybercriminals. We've now notice u as one of them.
3495,1,Neutral,I just hate it when he sits and crosses those stupid legs.
3496,1,Neutral,Your analogy is quite stupid. What is wrong with a reference point? What has that got to do with students cheating in an examination?
3497,2,Hate,"Tahh shut up"": *rolling* "": 90% of Igbo girls Fart during Sex. """""
3498,1,Neutral,....i have said it.....you are very very mean! LINK
3499,1,Neutral,"If you believe being a Muslim makes me a terrorist, seeing a dumb skull makes you one."
3500,1,Neutral,The truth in this reply will keep that guy abi girl thinking till the end of 2019. Someone that his family members will not even come for his wedding. They don't even know he is on Twitter self.
3501,0,Not Hate,"For those who are dead,there is no safer place for them than in God's memory. LINK"
3502,2,Hate,"Perfect bod, if I was you I'd be a hoe too 🥰"
3503,0,Not Hate,Dis world is gonna be ended by men/women..... U re free to argue... !!!
3506,1,Neutral,"Lmao but e get dick🤣🤣🤣,so na boxer e go use enter the house that day"
3507,2,Hate,I’ve put you on and now another man is singing along with you on the TL. Oma shey ooo. 🤦🏿♂️ Women are scum. 😒… — Alright. Send a dm LINK
3509,1,Neutral,Black SAns are slaves till date ... And are bloody xenophobic bastards .
3511,2,Hate,Not on us! Shame on the Fulanis! A barbaric nation.
3512,1,Neutral,"Yi Hakuri , Lecturers here are even worse cz they can't even speak good English"
3513,1,Neutral,you look me in the eyes and say sh*t where were u when men were boys
3514,2,Hate,Women r scum LINK
3515,1,Neutral,That may be a better option cus this oga is sounding like a broken record
3517,0,Not Hate,": Biafra: We Will Never Trade Biafra For ""Igbo Presidency"": IPOB Tells Okorocha And Iwuanyanwu, The Vultures In… LINK"
3518,2,Hate,And another CAN chairman was in Maiduguri endorsing a terrorist ticket for presidency. Muslim extremists thrive on christian wickedness and hatred for fellow christians.
3521,2,Hate,Wow are you truly a northerner for saying this?the last time i checked all Hausa fulani are moron's and don't care if a cow rule's them so far it's from North
3522,1,Neutral,All this politicians can lie. Dude is not moved at all. He dey disguise. Can they kill the governor's wife without him taking action?? Ask urself . Stop deceiving us. We are not fools.
3523,2,Hate,"Sebi the girl na fulani abi? Fools, destroy ur own home and people."
3524,1,Neutral,I think you get coconut head she speak in Hausa and he replied in hausa that's all. Shut up
3525,0,Not Hate,: 💪Wadanda suka ci zaben gwamna...🤛👏 LINK
3526,1,Neutral,"If u don't have sense other people has sense, u are a big fool becox u family member or your child has not been killed fool like u"
3527,1,Neutral,Sentence these idiots
3528,0,Not Hate,"ARE YOU IN NEED OF A RICH WEALTHY SUGAR MUMMY/SUGAR DADDY/GAY AND LESBIAN PARTNER ANYWHERE IN NIGERIA,WHATSAPP ME, +2348138108077.."
3530,0,Not Hate,"Wondering exactly what constitutes shaming a child? Here are some examples: . . . Taking what should be a private conversation about behaviour and consequences and making it public by sharing it with friends,… LINK"
3531,1,Neutral,"A senior brother that is confused and without strength, will tell the junior brother that he is the offender. Is time for this so called Ohaneze Ndigbo and their South East governors tell themselves that their mumu don do. , . LINK"
3532,2,Hate,"I laugh in anger!!!!! Your killing them was a retaliation of the uncountable murder your brothers have committed here, Igbo and Yoruba will come to your place do business and go but you guys will come here take your cows destroy our farm rape our women kill our men and move. LINK"
3533,0,Not Hate,So so fk broken...
3534,2,Hate,"If you don't like someone, stay the fuck away from them! Pretentious Yoruba people."
3535,0,Not Hate,": looks and sounds cosmopolitan. But he is a fanatic with extreme prejudice against Muslims, Hausas and Fulanis https…"
3536,2,Hate,it is igbos that brought all those irregularities in Nigeria. Baby factory to drug trafficking. Guns runners.
3537,1,Neutral,"The child who does the parent's bidding no matter what. The toxic parents use the flying monkey child to manipulate others into compliance. sadly, the flying monkey never knows that he or she is being used by the parents for their selfish desires."
3539,0,Not Hate,😭😭😭
3542,1,Neutral,"You no go shut up your stupid mouth, na your sis you go tell me!. Na u suppose rest self."
3546,2,Hate,"When a Northern Muslim commits crime. Southern BIGOTs: Islam is barbaric, Northerners are blood tasty demon even Lugard would be cursed. When a Southern Christian commits crime. Southern BIGOTs: Buhari govt has failed to secure Nig or don't bring religion into this. IDIOTs."
3547,0,Not Hate,2days ya kike
3548,0,Not Hate,"Kaduna people don't have courage to fight their government, if not they wa do something.🤏"
3549,0,Not Hate,not just an ordinary star beta dan walcott nd oxlade...those lame southampton misfits...smhw thyv nt lvd up2 d hype!
3550,0,Not Hate,dats my line thr.. &amp;Ingredients.. 😂😂😂👌👌💯💯💯 . Ur Club yaf fall for gutter o. Sowii mam..
3552,0,Not Hate,"Have you heard about cervical cancer screening? It helps detect changes in your cervix before it becomes a full blown cancer. If you are a woman and you are sexually active, get screened as soon as possible."
3553,2,Hate,The hypocrisy of the north though 😔
3554,0,Not Hate,"I'm Sorry did you say military overpowered the fulani men?? Please how genuine is this info. Military and some youths are at war, and the youths were out tonight? I'm confused, did they now join forces to chase the fulani men? LINK"
3555,0,Not Hate,"Yoruba films,,,,,smh"
3556,0,Not Hate,Nigerian Fake Pastors Got Exposed By A Truth-Telling African Man LINK via
3557,1,Neutral,"For the girl to have confirmed that he blackmailed her says it all. Until he gets to court. He will explain the judge how video he recorded got out of his phone to public, even after using it to blackmail the poor girl. Useless man."
3559,2,Hate,Ladies be talking abt inner beauty...........bitch pls show me xray proof or fuck off
3560,0,Not Hate,"Lol, you must hate Lagos so much. He isn’t even a Lagosian but your hatred must be exhibited"
3561,1,Neutral,crazy dude..ki loh shele
3562,2,Hate,"These niccas are like a system with 500gig, 128Mb ram and 0.01Ghertz processor. Ya'll on some chameleon swagg bitches"
3563,0,Not Hate,I talk am say this last minute followers go block road for us o😭😭
3564,1,Neutral,"Roll up ur prblms,Lick ur solutions,burn ur past,inhale d gud shit nd exhale d bull shit. Mrnin ol!!!"
3565,2,Hate,Bitches be playing niggas like video games
3566,2,Hate,Igbo lesbians eat bushy pussy and then use toothpick after because their's is also bushy.
3567,1,Neutral,"and one stupid old fool, would open his mouth waw and say their fighting against insurances LINK"
3568,2,Hate,A weak man can't shag a weed woman ❤️🩹
3570,1,Neutral,I wonder if femi falana is a real SAN.. the man is do daft
3571,0,Not Hate,My dearrrrrrrrrrrrrrrrrrr *sigh*
3572,1,Neutral,That's why you have to fuck with cats that take Marijuana. the high won't let them go low to listen to any Mrs Joanna who feels she's a tiger. 🤕
3573,1,Neutral,"yes! My bf is a Muslim , fuck up leleyi ooo"
3574,2,Hate,"So Buhari is fighting corruption? What of the many others in his Executive arm? Again you're an Aboki and as a Muslim you're daft from get go, you will never see right!"
3575,1,Neutral,South Eastern governors and leaders might be the most useless things since the first slice of sliced bread.
3577,1,Neutral,From what you just wrote you have fucked up. You can't say an Hausa. The H there is not silent. Just STFU 💀
3578,1,Neutral,ur obviously ignorant of d facts history holds. Do u even knw what a genocide is?? Can u even read?? Faggot.
3579,0,Not Hate,Came in like Yo! Excuse me
3581,1,Neutral,Not easy especially when you have a stubborn and jobless girlfriend that will video call at intervals.
3583,1,Neutral,Argentina Model Says Lionel Messi is like a 'Dead Body' in Bed: Oh no! She didn't just spill that :) In an ex... LINK
3584,0,Not Hate,Why are you men like this😭😭🤣🤣😂😂😂
3585,0,Not Hate,"Narrated Anas bin Malik: Allah's Messenger (ﷺ) said, ""There is none amongst the Muslims who plants a tree or sows seeds, and then a bird, or a person or an animal eats from it, but is regarded as a charitable gift for him."" Sahih al-Bukhari 2320 In-book : Book 41,"
3587,1,Neutral,"Definitely, PMB is doing it indeed. 40% of PMB's cabinet are indeed youths, and 30% are women right?? Moron. PMB is taking Jobs from our youths, you're there talking like a fool that you are. If you truly loves Buhari, go and start packing his Luggage for him. DAURA IS CALLING!!!"
3589,2,Hate,Just lost my appetite...... How cruelsome can hausa muslims get????? God this is really disgusting
3592,1,Neutral,These herdsmen get coconut head
3595,1,Neutral,Clown in a circus 🎪
3598,1,Neutral,"@ Stay loyal. Stay faithful. Stay true. Simple shit ."""
3599,2,Hate,A boyfriend and girlfriend are supposed to laugh at these hoes together. A guy should never have these hoes laughing at his girl.
3600,1,Neutral,What a stupid audacity
3601,0,Not Hate,"Yoruba actress, Tonia Okoro says she stripped before actors to prove her bum is natural: Yoruba actress, Ton... LINK"
3602,0,Not Hate,: Igbo men are Handsome Igbo women are Beautiful Igbo people are Industrious Igbo people are Pacesetters Igbo people are…
3604,0,Not Hate,"God, Homelander is so intrusive.😂😂"
3605,0,Not Hate,"You do not have to be a tyrant to assert yourself. When Buhari made statements in BBC Hausa about dipping dog and baboon in blood before the 2011 General Elections, GEJ should have arrested and had him prosecuted for sedition. There were several examples."
3608,1,Neutral,Stage ur own kidnap just to travel for dick Girl now are just stupid
3609,0,Not Hate,"Why did Yoruba stand against the Igbos in the fight against subjugation by the fulani cattle herdsmen? The sequence will certainly follow through, when they finish with one part, they will move to another until their stupid vision to take over all the land in Nig is achieved."
3610,2,Hate,"Make he ask ""the source"" news paper na, Hausa people always acting dumb, illiteracy is at its peak with them"
3611,0,Not Hate,"Oil companies are the most essential rn sef. Without them, all others won’t function"
3614,0,Not Hate,35k LINK
3615,2,Hate,": While you are protesting against Xenophobia, Fulani Herdmen are on rampage killing their fellow Nigerians... I hail the…"
3617,0,Not Hate,They is ghetto 4 true thugs
3619,2,Hate,"Ass licker, i am waiting for you. I am Tiv and we eat rats while you igbo/biafraud/fake jews and you eat dogs. Let's see how we will end it. Whoever told you the Tivs eat rats would have also told you that we don't take shit from ass licking imbeciles like you."
3620,0,Not Hate,Look at this broke ass single pringle.
3621,1,Neutral,"u didn’t ask, homo lol"
3622,0,Not Hate,": ,Massacre of unarmed by Nigerian military, Amnesty Intl releases report LINK #…"
3623,2,Hate,See this one again.....i pray for you to help ur husband and argue straight..... From Gay shit u turned to economy! GERARAHIA MY FREN
3624,0,Not Hate,": Until now, the Nigeria military hasn't done anything about this clip that shows Miyetti Allah Killer Fulani Herdsmen With…"
3626,2,Hate,"The greatest evil to black man is black man. Warri, Delta State Anakani Godswill Odatuwa ©2017"
3627,0,Not Hate,"Dem b lyk fanta"": Cc abeg"": These somalian chics are scattering my TL at the moment LINK"
3628,0,Not Hate,"Yoruba Muslims are the best in the whole wide world tbh, nothing like extremist and religion bigots only God can judge LINK"
3629,2,Hate,Senseless Islamic hypocrite.. calling themselves northern leaders .. mtchew
3630,2,Hate,"These hausa elites are wicked and self centered,you keep brainwashing your people while you all send your children to foreign countries where they learn alot of things apart from your arabic teachings. I wonder y their youths are so gullible."
3631,1,Neutral,""": =)) "": Oteh is mumu in yoruba ""Auunty: Oteh "": What is waist in hausa?""""""""Wusia."
3632,0,Not Hate,Ye!
3633,2,Hate,"Lol : No, buh RETARD day"": Is today STUPID QUESTION DAY???????? : babe are you a lesbian?"""""""
3634,1,Neutral,The only Adeleke living that has class is Deji Adeleke. The rest are urchins(uncivilised) even though they have money they are ragamuffins.
3635,1,Neutral,Obama is fucking overrated
3636,0,Not Hate,"They should go and kill those that killed them or distroyed their farm product, instead of killing innocent Fulani and burning their houses"
3637,2,Hate,A̶̲̥̅♏ a christian avin more fun dan a muslim! Evrytin anytin is goin on *shit
3638,0,Not Hate,"Join APC through ‘the front door’, Gov Abiodun tells Ogun politicians LINK"
3639,0,Not Hate,"Benue, Kogi, Taraba, Delta, Edo, Ondo, Plateau, Rivers, Enugu....Are these herdsmen GHOSTS or is it just total complacency on d part of FG?"
3640,0,Not Hate,&amp; will gladly save your money for you in peace with interests.
3641,1,Neutral,"U talk about condom only, that's the length u must have gone on immortality, at least I represent my root and they are proud of me, you are a dullard, a slave to Fulani grand master, how did they initiate u? Sodomy? Slut u are Bird of no nest, charlatan! Disgrace to the industry"
3643,0,Not Hate,: For an Igbo man to lock his shop and protest. Water don pass Garri.
3645,1,Neutral,: There are four major ethnic groups in Nigeria 🇳🇬 : 1- Hausa/Fulani 2- Yoruba’s 3- Pig’s 4- Igbo’s
3647,0,Not Hate,"The commander General himself. Tomorrow Tinubu and Osinbanjo, who kept quiet when their people were being slaughtered will be making mouth that they are the true leaders of Yorubas. Now is the time to show leadership, they are playing political correctness. Shm."
3648,0,Not Hate,: Growing up in a Muslim household I wasn't even allowed to kill a cockroach because it's a sin and you're telling me that Is…
3651,2,Hate,Damn Nigerians are so dumb. So how how is this a problem. BBP the agency who has this responsibility already gave clearance to the company. Secondly well maybe since you have the company with the track record you all could have submitted a proposal. One thing I know is this is
3652,2,Hate,Never call women bitches. Bitches are dogs and dogs are loyal LINK
3654,0,Not Hate,"Neither do i, i said generation ""IGBO"" and u too stop bn a racist"
3658,0,Not Hate,: * Referred to Southern Nigerian women as “whores” * Admitted paying killer herdsmen * Makes his critics disappear * Accus…
3664,0,Not Hate,Lmaoo
3665,0,Not Hate,Stay single until you find something Real.
3666,1,Neutral,: This is the height of hypocrisy &amp; cluelessness.Quick @ condemning terror assaults abroad but mute in attacks in S/KD &amp;…
3668,0,Not Hate,Eksu Student : Been a Fashionista doesn’t make me a whore – Funmilayo Grace Retweet if you agree. Buhari Marriage 2nd June Boko Haram Igbos Fulani South East Samklef Money Laycon LINK
3669,1,Neutral,You’re dumb brother!!! Your boss Gbaja 😂 😂😂 you done forget say we go the same university???
3670,0,Not Hate,: Wasu ma a gidan su sai ayi sati ko “okay” ba a fada ba! Amma sun zo twitter ba su hausa😅😆
3672,1,Neutral,Religion is a virus indeed...
3673,0,Not Hate,"It’s sad when people you know become people you knew &amp; how you used to be able to talk to them, and now you can barely look at them."
3675,0,Not Hate,The fact of God is necessary for the fact of man. Think God away and man has no ground of existence
3677,0,Not Hate,": Meet Coronavirus, a skilled Hausa traditional boxer. His real Name is Abdullahi Ali A.K.A Autan Dan Ali. He was named…"
3678,2,Hate,:( the hoes are winning :'( “: Wayward girls get married earlier.”
3679,2,Hate,"No. Stay there and depend on government for everything. Very lazy people. Banks, media houses, most companies and other private things are own by southerners. You all think dominance in government can develop your region. Lazy begging mentality!"
3680,2,Hate,Does that gives you biafra? Senseless Biafools.
3681,2,Hate,"Them dey claim feminist and I know them reach house. Simple point dem no fit make, them just dey argue bcos dem be female and the female must be right no matter what. Na their definition of feminism be dat. Olodo girls"
3683,1,Neutral,Why's iheanacho on set pieces when he's meant to be in the fvcking box
3685,1,Neutral,"A word to the wise ain't necessary - it's the stupid ones that need the advice."""
3686,1,Neutral,"Liar! Am not a Buharist, and also not foolish. Google and find out the places where insurgency/banditry are taking place, see if the victims are Christians. All you do is to spread hatred between us, you will not succeed. May God expose your identity to our Christian brothers."
3687,0,Not Hate,Kut aikau ruwa kike wlh
3690,1,Neutral,Because women are succumb...fs..why won't of you lie to your partner..😭😭💔💔 LINK
3692,1,Neutral,"Absolute idiot. Did you bother to read why he demolished it? Did he act based on Christian rules? Wasn’t it because of them flouting the NATIONAL rule? This Asha was demolished based on Sharia law. It’s not your fault. It is Nigeria’s fault, having two constitutions"
3693,2,Hate,A lot of Southerners are educated fools and idiots. LINK
3694,1,Neutral,which idiot will enjoy tweet 4m an insane human being.He will rot in hell 4 blasphemy nd hating so much on nigria.
3695,1,Neutral,: Imagine Lazy girl without Bsc and Msc begging for a guy with Masters in Dickery.. 👇 👇 LINK
3696,1,Neutral,Chelshit.
3697,0,Not Hate,: so sexy LINK
3699,0,Not Hate,Mehn I agree with u in every aspect bro... women should be seeing more than those.. Brezz sha... LINK
3701,0,Not Hate,I screamed!!!!!!
3703,0,Not Hate,: Kevin Hart said as a straight man he would not want his son to be gay and if his son played with a dollhouse he would bre…
3704,1,Neutral,"The real Yoruba demons,mekaa ooo"
3705,1,Neutral,Lemme see how patient you'll be. Can you believe in someone's dream like that. Lost everything for one nonsense man. Me I can't do that to a woman. There's nothing better than a woman that believes in your dreams and helps you achieve all your goals. That guy is a selfish prick
3706,2,Hate,"Islamic extremist here, and he is going to fly planes, he will crash it one day LINK LINK"
3707,0,Not Hate,Feb 25ft
3708,2,Hate,Lol you this these northerners are stupid? They will definitely collect whatever he bring but the north will not vote a Yoruba man whatever what it is .. lol
3709,2,Hate,Very big fool.. I've lost my regard for the feminist coalition by this singular reason.. A woman will always be under a man. Nothing can change that.
3710,1,Neutral,"Lool ode u jrh!"": :O u mean u? Blaster queen"": Lool ikr rme*pupu grl"": lmao!!!U r soo Dramatic!!"""""""
3711,0,Not Hate,True
3712,1,Neutral,Your sugar daddy no get money?? 😂😂😂😂😂 Nonsense
3713,0,Not Hate,": If you noticed my silence, I’ve been in Twitter jail. Somebody called me a greedy bitch for asking Christians to send me money…"
3714,1,Neutral,This Dave Umahi is a local fool......Fulani servant........efulefu LINK
3715,2,Hate,"na only God go save us from all this girls hand, they are all blood suckers(bed bug)"
3716,1,Neutral,This guy use aboniki fuck me 😒 LINK
3717,0,Not Hate,"I think this stereotypes flowed down from the travails of the civil war, in a period when leaders from all regions sought to demonize other regions, to their people. Same applies to the way Hausas use Nyamiri and Beereebe. Racism and hate are built on such foundations."
3718,1,Neutral,Mtswww stupid
3720,1,Neutral,"NGOS &amp; Journalist are used to push propaganda and destroy nations, NGOs are pushing abortion, Gays rights journalists push false social policies to cripple other non western nations"
3721,0,Not Hate,"NPFL: Crunchy Southern, Northern Derbies as League enters Week 3 - LINK via"
3722,2,Hate,"The problem is not even Northerner, the problem is the Northern Muslims who prioritize religion before humanity. This politics is just a game, and it's so sad that the northern cabals play smarter than the western cabals and the rest. But we know only can help Us all."
3725,0,Not Hate,MaestroNews: Hausas And Fulanis In Enugu Taking Refuge In Army Barracks - Ekweremmadu LINK LINK
3726,2,Hate,Who killed ur people during Endsars? Mention location please? ESN are killing Northerners in the east? You're not ashamed of this lie?🤣. U've been massacring Igbos in ur region and burning their properties every now and then since 1945. Should we count if it's not uncountable.
3728,0,Not Hate,"Just be yourself, life it too short to be someone else"
3730,0,Not Hate,Black people are powerful 🙌 👏
3732,1,Neutral,Ola&amp;Chris r no longer in &amp; these Borites get a chance to show themselves&amp; exhibit total stupidity..MUMU people.
3734,1,Neutral,are yhu from vampire planet? Dis ur avi look so devilish man. Lol
3735,1,Neutral,"Who is a liar between these people and OBJ? for daring to call a 90year Yoruba man, a liar. You are big foolish opportunist. Feb. 16 is around."
3736,2,Hate,"Nigerian feminist are one of the most bitter souls on earth, barbaric, empty, sadist, lonely and most unfortunate being. More dangerous than the Buhari government"
3738,2,Hate,This can't be true... Enugu pple whr are does foolish senseless ignorant Igbo gangs we got job for u here... LINK
3739,2,Hate,Muslim waooo. Surprise surprise. Why not tell your Boko Haram Muslim brothers to do what you do best. Terrorist. Christianity is not Islam. There's sanity here.
3741,0,Not Hate,Idan nazama (mr) akwai babbar bariki wallahi Mijina zai Zama Dan gatan duniya In masa wanka naimasa aski nasa masa Kaya ho ho ho wani abun baifaduwa Sai ya dawo Yana ah ah sinina kece hurul ein na duniya Wayyo🤦😍😍😍💃
3742,0,Not Hate,: I love how the Nigerian northern style is drifting into comfort-wear. The boubous and the Kaftans. I stopped wearing fitted cl…
3743,2,Hate,How wil d northerners av d hope of ruling 4evr?Who are they?Barbaric n Archaic species of human breeds.They shud knw al nigerians ar nt cow
3744,1,Neutral,“: CU babes... ” Bu babes ho*s
3746,0,Not Hate,You dey quote scripture now . Praise the lord
3747,2,Hate,"Buhari won't eat for days, cos he lost appetite knowing his terrorist fulani brothers have been fucked really badly. LINK"
3749,1,Neutral,"No wonder u have a bent face...is it all the Yoruba's that have received as u have received, brother u r as useless as ur father is in this generation, go n hide ur face in sha1me."
3750,0,Not Hate,people still eat sardine?
3752,2,Hate,South Africans are disgusting racist piece of sh*t . Wtf is the tweet for ? Dehumanise others for their preferences ? Damn !!
3753,0,Not Hate,": ,tell to stop violating court orders free LINK"
3754,2,Hate,"Sure, Women are wicked Women can kill person. Don't Trust Them No doubt, Women must of done this Keke napep man sakamanje. LINK"
3755,2,Hate,The stupid and barbaric norther elders
3757,2,Hate,I believe in nation building only with sound education.most of the fulani s are illiterate
3758,1,Neutral,"Continue to dwell with your abysmal ignorant. You are smiling while the game you post makes other to cry to bed with the hope the had in you. Shame on you, your generations and the one unborn. LINK"
3759,0,Not Hate,"With the support of colleagues from and Human Rights who facilitated, the training was a huge success. LINK"
3760,0,Not Hate,Toh tsoron me kike?
3761,2,Hate,Those igbo guys are terrorists but fulani bandits are freedom fighter which deserves pardon!
3762,0,Not Hate,"Its the wig, the boobs, the skin, the face, infact everything about u girllllll is too much💯❤️❤️"
3763,2,Hate,All these northerners with brains like a cow..if you are not senile why wreck brymo's career and sign the Kenya skunk called Victoria kimani
3764,1,Neutral,Those hypocrites talking about the slap should go to hell 🔥. Nonsense people everywhere
3767,0,Not Hate,They dn dey creep out from their holes gradually
3769,0,Not Hate,What a thread!.... Tears fell down when I read this thread. Ali and his friend would never say Igbo's are wicked tribes and okafor &amp; his family didn't say Hausa's should be killed. Did you see how God did a very wonderful work here. I never knew Almajiri(s) begs for mallam😭😭 LINK
3770,1,Neutral,That nengi babe be feeling like lambo
3771,2,Hate,"pls come and help Nigeria fight this terrorist called herdsmen, they are killing Nigerians,causing detriment, pain, in every corner of the nation, and nothing is been done about it absolutely, trust me they are even worse than Bolo haram,"
3772,1,Neutral,Europe will pay nothing for the selfish ignoranceof the ARABIAN KINFS AND PPL. they will pay and will continue to.. LINK
3773,2,Hate,I hope it does. Nigerians be the most stubborn people on this Earth though.
3775,2,Hate,"Yorubas are not flexible, they're mostly hypocrites wuth their religion especially the Muslims, Yoruba Christians are devoted but see their Muslim are Muslims for identification purposes. Though not in all cases..."
3776,1,Neutral,Truly African Black Pu**zy LINK
3777,0,Not Hate,"Wai karasa abinda zaka sa a addu'a se qarin followers... Abokinne ma Dan iska, 😂 😂 😂"
3778,1,Neutral,Teal idiots in govt. The country is going to shit real fast but somehow their attention is on the money
3780,2,Hate,So you think the bandits are almajiri turned? No! They're jobless miscreants with evil minds
3781,1,Neutral,"Some of us will keep speaking against bad governance no matter who the President is - GEJ, Buhari and those after him. People like this Tolu Ogunlesi are hypocrites who are only after their pockets. Lions under GEJ but sheeps under Buhari...Tueh LINK"
3783,0,Not Hate,Pastor Wears Female Panties In Church To Lecture Married Women (Photos) LINK
3785,2,Hate,Yeah... Those Northern part are just hypocrites. The elites among them are doing worst in Abuja but they will not see them. Always enforcing stupid law on the masses among them. I'm a Muslim too and I will never ever support the stupidity they indulge in.
3786,2,Hate,Am rockin hoes u rockin fellas
3788,2,Hate,"“When it comes to relationships, Yoruba boys are too lousy, Igbo boys are coded and cool to date” – Ex beauty queen, Ronke Tiamiyu Reveals. LINK LINK"
3789,0,Not Hate,: The Muslim-Christian violence reflects Nigeria’s regional and religious divisions and long-standing expectation of sha…
3790,2,Hate,UN are hypocritical organizations controlled by Arab Muslims.
3791,2,Hate,"You are a big liar. Igbo, Hausa and Yoruba are parasites and has never achieve anything without the other."
3793,1,Neutral,"You're a big fool, very foolish individual oponu, apoda, you are very shallow minded. How dare you talk about a tribe or and treating others. You must be stupid to incite violence. Who gave you the audacity and voice. Oma stupid o. What as an average igbo man or woman done to you"
3795,1,Neutral,And slippery mad thing
3797,2,Hate,Still a hoe....
3798,1,Neutral,U are mad are sick 🙄 big fool like u
3799,0,Not Hate,You fit shenk me make I laugh
3800,0,Not Hate,"Sorry bro, ur next match is a no no, u can't win U will be facing 200plus angry Nigerians Who will b at d world cup"
3801,0,Not Hate,"All females aint hoes, u average dudes jst neva came across a decent female...................."
3802,0,Not Hate,HOW MUCH DO YOU CONTRIBUTE TO NIGERIA'S GDP? Wearing uniform or not wearing uniform.That should be the question... LINK
3803,1,Neutral,"She was carried away by affluence and the power it generated, little did she knew that the youths had gone beyond servitude mentality. What an Audacity of a stupid woman"
3804,1,Neutral,"Yes GMP is a Muslim from North. But believe me He has betrayed the northerners and his acused of favouring the south. Those u mentioned has all their investments and home in lagos Abuja and port/ h. We are left with almajiris, out of sch children. They are the notherners we d"
3806,0,Not Hate,": Show off your girl , She no be palliative."
3807,0,Not Hate,I won come sleep 4 ur haus? Way u dey yarn bar nobonly
3808,0,Not Hate,See pot calling Kettle black o😂😂😂. Orisirisi
3809,2,Hate,"If you dance naked in a night club you are a prostitute, if you are a woman married or not and you go to a night club to watch other women dance naked, you are a lesbian &amp; prostitution inclined and or a semi prostitute! Make una come slap me. Enough of the moral decay wawaye"
3810,1,Neutral,"You obviously haven't meet Indian Ogas.. Those poverty striken morafuckers, awon weyrey😒🚶"
3812,2,Hate,"I keep asking why God allowed amalgamation of terrorist minded and religious fanatics Hausa/Fulani north with the South, they've been a reproach and wedge to d development of the South."
3814,0,Not Hate,Which yeye restructuring u c PMB pack all northern Muslims full all the govt institutions in Nigeria n u expect claim for were e no go wok LINK
3815,1,Neutral,shut da fuq up u are not bringing shit back. u political assholes jes held it till election period mtcheeeeew
3816,0,Not Hate,: I think it's highly disrespectful for a guy that you get close flirts with other women in front of you not respecting your ...
3819,0,Not Hate,WOW!!!!! MUST SEE AFRICAN LARGEST N**KED PU**Y GIRLS…MOUTH WATERING GOT L*AK*D ONLINE LINK
3820,1,Neutral,You are nothing but an ineffectual buffoon. Typical cow
3821,1,Neutral,"Bible way talk say take away the rod and spoil the child no be mumu.. Flog them when due but don't Abuse/Dehumanise them, and bring them close again.. Correct in love."
3822,0,Not Hate,": Buy her the World, you can only get her attention but never her Love. If a Woman Loves you, what u give her won’t matter.…"
3823,1,Neutral,The YNaija morning cover. NORTHERN PRINCE OF NEPOTISM Buhari asked the World Bank to focus on… LINK
3824,1,Neutral,Copy on one fella has been CONSISTENTLY stupid on here for years
3825,2,Hate,": Lmao"": Gbagaun sha "": if any girl calls a boy a liar she must be mad Cuz girls liar every se ..."
3826,1,Neutral,Man dis gurls are crazy
3827,2,Hate,So he should buy it for flatheaded ipob pigs too? Onye beribe LINK
3828,2,Hate,GAYs are disgusting..:
3830,1,Neutral,Orisirisi rubbish!😂
3831,0,Not Hate,me kike yi?
3832,1,Neutral,I said wud u go 4 d nxt 1...mumuuuuuu..
3833,2,Hate,Have you ever seen Muslims being killed in any southern states for religious intolerant?.. Northerners are just religious extremist
3835,1,Neutral,Girls who talk in a stupid baby voice when they're around guys... Just STFU ✋... It's not cute..
3836,0,Not Hate,: Mo Salah has made it a yearly holiday tradition to get dragged by Muslims for celebrating Christmas and he doesn't care. Lo…
3838,1,Neutral,""": ...i pray you get your testicles dipped in candlewax.😒😒😒...2""Ha!"
3839,1,Neutral,Hypocrisy at its peak..😂😂 u see urself and ur canal mind.......perfect Muslim 😹
3840,2,Hate,"Laurreta is evil for supporting evil, killer herdsmen. I hope she is visited by the activities of these herders one day..."
3841,0,Not Hate,: Southern Governors should allow Ortom attend their meeting as Ortomadike and Northern Governors should allow Uzodinma attend…
3845,0,Not Hate,"Bishops, u are creating trouble in Nigeria, is there any enforcement on u to deposite in Islamic Banks? It is for muslims & we like it 100%."
3846,1,Neutral,"Indeed, any Yoruba person speaking against Chief Sunday Igboho is OMO ALE and a coward. I even think God IS AGAINST anyone in Nigeria who's not happy with what this Yoruba leader and true son is doing to emancipate Yoruba people from the herdsmen. LINK"
3847,1,Neutral,Wait! She twitpicd her ex's nudes one time and it got the girl expelled? Naah! Your karma hasn't started.. Bitch!
3848,1,Neutral,I hate it when the news says 'Fulani herdsmen'. That's so dumb! Plateau assailants were heavily armed with... LINK
3851,0,Not Hate,: The Nigerian Senate has said that Boko Haram are operating under the guise of being Fulani herdsmen.They are finally opening t…
3854,1,Neutral,Idiots like you always downplay the killings by Armed Fulani Herdsmen happening everyday in someone's state Oloriburuku Ashawo LINK
3855,0,Not Hate,Arsenal and Chelsea dead teams.
3856,0,Not Hate,"No, he's Yoruba-Igbo."
3857,2,Hate,the fulani's are highly irresponsible and wicked unlike the hausa's. Dey need 2b exposed intoto
3858,0,Not Hate,": If Romney wins, Europe will be unhappy, as his social attitudes re: women/gays are seen as primitive, &amp; he insulted ..."
3859,2,Hate,All Fulani herdsmen are the same They believe one thing and does one thing They are evil and should be seperated among others.. Because they value malo than humans..😡
3862,1,Neutral,"U no get sense at all!!! 😠, rubbish next!!"
3863,2,Hate,This is hilarious. I keep saying these Northerners know what they are doing. Gumi is just looking for cheap popularity. These animals 🐄 have their secrete weapons. The most interesting thing is that the Southerners are waking up from their slumber. LINK
3864,0,Not Hate,"When this happens all believers will die, only kuffar will remain on earth, not a single Muslim will remain, they'll destroy the ka'abah and live like animals."
3865,2,Hate,Cash money ass money hoe'losho
3866,2,Hate,Shey you go marry? Abi na option bitter feminist 😂
3867,1,Neutral,Some people living under real poverty are hear defending the empire owners. Masochists.
3869,0,Not Hate,mee. LINK
3872,0,Not Hate,The scourge of the human race and not the exclusive preserve of an ethnic group in South Eastern Nigeria (14).
3873,0,Not Hate,Some ritualists dey oo
3874,2,Hate,The Yoruba's and the Igbo's has double standard. They are just hypocrites. Deborah was killed of blasphemy and u can condemn but pregnant Fatima and her 4 children was killed just for being Hausa/Fulani. 💔 and yet she is second class citizen abi? Let's just divide the country.
3875,1,Neutral,"It is purely IBERIBERISM for Miyetti Allah to threaten the Igbo's &amp; the southerners wit meat supplies. Igbo's are already venturing into cow rearing and ranching. Its just a matter of time, before we rebrand SUYA business too. Anagi eji amu eyi ashawo egwu. Nonsense in bracket. LINK"
3876,0,Not Hate,Just reading Babachir Lawal's response to the Bola Tinubu's vitriolics and you could immediately understand the thought process of the north and you would see where all these charade is heading. Yoruba ronu.
3877,1,Neutral,"All we are saying about Sen Cliff slapping a woman is a matter of moral justification here, but what about the immoral provocation. Law is an ass of an idiot, equity says he who need equity most do equity."
3878,1,Neutral,I will rain curse on you if you don’t take it off you CUNT
3879,0,Not Hate,These are times for high Praise!!!
3880,0,Not Hate,"Fulani no even reach 5 million by population, well Fulani is just like 3% of Nigerians"
3881,0,Not Hate,"The world is a good and lovely place, just a few selfish ones spoil it for others. 👍🏿"
3882,2,Hate,": Imo attack is an act of terrorism - Buhari. The setup is working, now they've gotten their lost voices. What Fulani killer…"
3884,2,Hate,Hate Fake Hollywood bitches
3885,2,Hate,"Ode, he meant real animal like pig, baboon, chimpanzee , etc fulani are most likely 80 percent animal , 10 percent cockroach and 10 percent human"
3886,2,Hate,: I don't have anything against the Fulanis &amp; the herdsmen among them. But let me state it expressly that Ekiti will not su…
3888,1,Neutral,I can spot your pretence and hypocracy from afar. Can you boldly say you have obeyed the sharia law to the letter? Laslas sun go show!
3889,2,Hate,May God bless and protect Sunday Igboho and every Yoruba people out there protecting our lives and property from the Fulani herdsmen terrorist LINK
3890,1,Neutral,Real Niggaz ain't faking shit... We alwayz rep ourselves. But most timez we gat to give space for hustle....... LINK
3891,2,Hate,",he who share boundary with mad men must not sleep with his 2 eyes closed,fulani herds men worst than book haram,dangerous"
3892,2,Hate,Islam na our problem because there is no other reason for this hate. When boko dey kill dem go dey quiet. Yeye double standards from their evil religion.
3898,0,Not Hate,"A fine book of Islamic stories to help children understand the ethics, value and tenets of the Islamic faith. LINK"
3899,2,Hate,Watch as one of the hungry bitches gets double penetrated by two hung guys in Abuja FuckFest Part 2. LINK
3900,1,Neutral,"Wicked generation of Politicians. They forget that someday their children will be affected, either directly or indirectly. Supernonsense and superhighway"
3902,0,Not Hate,"Mr. Trump, pls dont sit idle while entire Christian people of South Eastern Nigeria called Biafrans are masarcered again."
3903,0,Not Hate,Ti obidient ba mun yin sowo... Eje yin a gbe 😂😂
3905,1,Neutral,Just like me... very wicked
3906,1,Neutral,Those hausas have bastard money.
3907,1,Neutral,Yep. And hes still a dumb dumb for insulting M.I fans.
3908,0,Not Hate,"Being honest with good character gives confidence. Honesty with oneself purifies conscience and it gives a reassuring honor each time you look at the mirror to see what you made of. Be honest, be nice, be a blessing and not a burden. Agboism"
3909,2,Hate,"Una we dey unstable. One day the igbos we say you guys aren't real igbos, calling you Delta igbos, tomorrow dey want to claim you. Una just like slave for this country"
3911,1,Neutral,She's a hoe She's ugly She's a bitch She's this She's that But you dated her?
3913,0,Not Hate,VIDEO: Ajebo Hustlers - Caress LINK
3918,2,Hate,I see now. If to say its arewa people hate southerners as they keep hating us Since years back there will be no more southerners . No more. But we are just watching you Dogs Time will come.
3919,2,Hate,: Herdsmen are the 4th most deadly terrorists according to the . They have killed tens of thousands of Nigeria…
3920,2,Hate,They are Yoruba demons
3921,2,Hate,She got rid of her abuser. This northern culture is insane.
3925,1,Neutral,Chaiii omo SARS the funny part is that they will collect money after arresting boys they're the really criminals
3926,2,Hate,"Fulanis are sacred cows of the EFCC, so that's an empty boast"
3927,1,Neutral,"SARS harass women too Dear Sister and I remember ur Feminist coven tweeted that SARS should be left to operate that it's guys they are killing and guys deserve to die. Imagine talk, such toxic People."
3928,0,Not Hate,I bet I'm hot 😀🙂 LINK
3929,1,Neutral,Shame on her. Is that why you are in d house. Just d 1st night gosh
3930,0,Not Hate,a beautiful morning today coz d world is beautiful vs 2baba! BleSs baba
3931,0,Not Hate,Pregnant shawties &gt;
3932,0,Not Hate,TY Danjuma lacks the moral authority to speak on this matter because he was deeply involved in the 1960's killings of the Southerners... It's a Frankenstein affair!
3933,1,Neutral,"Dem Dey fry akara for her head , see her trying to push a ded and stupid agenda"
3934,0,Not Hate,: Muslim women have been ready for the since time 🤣 Niqab &gt; face mask Bum gun &gt; Don’t touch me…
3935,1,Neutral,The so called human right activist are suddenly quiet. Shite protesters are seemingly doing the right thing. Those individuals attacked by them have no human right. Hypocrisy is our surname.
3936,1,Neutral,"Who be ruger all dis him senseless song, hear buju n listen to words"
3937,0,Not Hate,Love is a bad thing
3938,2,Hate,Gay marriage is sodomy and their place is HELL FIRE.it is satanic and unAfrican.it is simply SATANIC.
3939,0,Not Hate,"To everyone who frustrated the reelection of Enjoy your next level! Giant of Africa,now poverty capital of the world,were illiterate rules Scholar's and genius."
3941,0,Not Hate,Lol Den pretend to be a girl
3942,2,Hate,The same Nigerians work there . Now u will have to fend or look for another job . Crazy Nigerians pipu. What do u now understand by
3943,0,Not Hate,Where will the rope end though? Igbo efon?
3944,2,Hate,"Be there worrying about mama IPOB, while Papa Boko Haram, Bandits, &amp; Herdsmen in Aso Rock is rolling out ransom to compensate his Fulani terrorist brothers for killing your brothers and raping your sisters. Moron!"
3945,2,Hate,: If britain continue to force us to be in this their satanic one Nigeria God will devide them. …
3946,2,Hate,I don’t like to waste my tweets on empty coconut head Buhari supporters.. the president breaks the law he is suppose to protect &amp; you are here sampling your smelling gay ass in support of his action Wait until one herdsman stick garri-turner in that stupid ass of yours. Cow 🐄😡 LINK
3947,0,Not Hate,Breakfast a mutunce 😂😂 S.A.W 🙏🏾🙏🏾 LINK
3948,0,Not Hate,""": : Anti-Islam film: US flag burnt as soldiers open fire to disperse protesters| oh my God!"""
3949,0,Not Hate,"Friends, interested all go to have a look! LINK"
3950,1,Neutral,"What u failed woefully to get in 2019 balloting, u are dubiously trying to get with d blood of innocent Niaja. No to Lybian type revoltn, we want revoltn thru d ballot, when u fail once, try again and again/again. Maybe, the 10th time, u might be successful. Take a cue from PMB"
3952,1,Neutral,You no get sense self!!
3953,2,Hate,"You have no knowledge about politics, we have one Nigeria and here you are AREWA fucking council speaking for 19states you must be sick"
3955,2,Hate,""": Nigeria is a zoo full of baboons (Hausa and ) N monkeys (Yoruba). Both r Boko Haram terrorists."" Monkey tinks odss r like him"
3956,1,Neutral,"Noooo her name is odion,,,, nonsense 🤣🤣🤣"
3957,2,Hate,"Do you think the SW are illiterate and poverty mentality like the Northern part. What is rail way? Walk way to farm. When we are talking about job creations and wealth creation. D Take a sit dear..,... LINK"
3959,2,Hate,"Hisbah/semi terrorists will not see this , hypocrisy will not kill arewa."
3960,2,Hate,: The criminal colonial spirit in the Werey made him disgrace his lineage on same ‘banned’ app🤡 LINK
3961,0,Not Hate,You’re welcome
3963,2,Hate,All women are bi It's your job to find out if it's sexual or polar 🕴🕴
3964,2,Hate,"useless fool say islamic terrorism, the world has to kill islam b4 islam kills the world. we know you added ojukwu to ur name to look an Igbo but u r just a pig. LINK"
3965,2,Hate,": Who are you selling him to? The illiterate Aboki, Boko Haram, Almajiri, or Yoruba Cameleon and slaves or the bastard Igbo…"
3968,2,Hate,Get lost! Blood thirsty killers the fulani people
3969,0,Not Hate,"Yea pessi and the coach, they probably got some secret Argentina gay thing going on"
3970,2,Hate,"show me a typical yoruba gurl,and i'll show you a professional whore. point made."
3971,2,Hate,": Hausa &amp; Fulani forever should be referred to as lazy, parasites, leeches until they become independent. https:…"
3972,1,Neutral,Channels news... Do you watch news at all. Basket mouth.
3973,2,Hate,Loud bitches with small ponytails
3974,1,Neutral,"I Just Got A Giant Toilet Paper Roll, Cos Some Girls Love Talking A Lot Of Shit!!!"
3975,0,Not Hate,Omg😂😂😂😂😭
3976,2,Hate,Na only terrorists islamic Hausa fulani d support their ISIS terrorist group
3979,0,Not Hate,"Yeah sis,same thing about this issue, when we say something like 'yarbawa or nyamiri,banufe(person of nupe origin) balarabe(Arab) we meant no insult,all are in Hausa language just like I was once called 'onye hausa' n was like y 'onye'?d wmn said na my lngug"
3981,2,Hate,Y'all Biafrans want to force Biafra on Niger Deltans just the same way Nigeria is being forced on You guys. How do they define hypocrites and hypocrisy again? This mata taya me o
3982,1,Neutral,I bi like say has lost his seat at the tribunals 🤣🤣🤣🤣🤣🤣🤣🤣 God is Great &amp; patient . Gragra no dey win election. Rigging no dey win in modern Nigeria when the corrupt Judges are nt there. All hail the progressive United Nigeria. We want Nass free of
3987,1,Neutral,"and others if u make a move and sowore also make a move what is bad in it when Sahara rp said yele and others, let we'll keep calm pride don pay bills. Let's unite like Biafra and Arewa youths yele not our problem ooooh u calling him agbaya so sad."
3990,0,Not Hate,omo baba bolaji.... Omo ibadan kini so re
3991,1,Neutral,"Who told u FG is silent?Liar Muhammed had made d stand of FG clear,he said Arewa Youth hd replied the Biafrans as if Biafra is about d North"
3992,1,Neutral,Fuck this agenda. It’s bad. That’s why y’all keep getting fucked over. If u weren’t that way the toxicity wouldn’t have the chance to get near you. Fixit LINK
3993,0,Not Hate,isee yu Serious Minded NiCCur.
3994,1,Neutral,"China has never experience book haram,herdsmen killings but we do.. You are daft."
3996,0,Not Hate,Hot Summer-Dj Durel X Migos [Video] LINK LINK
3997,1,Neutral,Iwo ati molebi re. Oloshi buruku
3999,1,Neutral,"it is quite unfortunate that we have a society of insecurity, bokoharam defeatd and herbs men taking killing of innocent citizen"
4001,1,Neutral,"God go punish you, Bashir Ahmad for calling buhari father of the nation and lover of Nigeria. The yeye man is only a patriot leader of Fulani herdsmen and boko haram. Nonsense"
4002,1,Neutral,jim pls try and go to all okada pack promise them about the lagos ideal...pls go to all the fustrated market women..
4003,0,Not Hate,I love fast cars
4004,2,Hate,: If you’re looking at Islam through Northern Nigeria you’d most probably dislike Islam.
4005,1,Neutral,"Africans looking for who to blame as usual. While those countries made the problem worse , the primary problem of africa are retarded africans. Cancel me if you like, that's the plain truth many of you are to weak to accept"
4006,1,Neutral,"This virus isn't slowing down at all, to Ya'll hailing/listening to the bullshit Trump has been spewing about Chloroquine, it's all lies and false hope. LINK"
4007,0,Not Hate,That girl hi
4008,1,Neutral,"Until now, I never knew that power and position could make an intelligent mind become this porous, unintelligent, shallow, and gullible. Femi Adeshina, people are ashamed of what you have turned yourself to."
4009,0,Not Hate,Doing this......makes this world a better place
4010,0,Not Hate,"So unfortunate that some Igbo's will never change. If Biafra stands today, corruption will eat it up in less than 10 yrs"
4013,0,Not Hate,"She so rude,she has offend most of the housemate and not a single apology from her to them....thank God she's not the winner"
4014,0,Not Hate,How far?
4015,2,Hate,"Why do females end up with guys who are assholes like their father?"""
4016,0,Not Hate,: hausa: albasa yoruba: alubosa hausa: ashana yoruba: ishana hausa: attaruhu yoruba: atarodo ...
4017,0,Not Hate,"You might desire to do as you please and follow your own path,... More for Capricorn LINK"
4018,0,Not Hate,"miraclez do happen, it wuld jst shock yhu dat FreshL wuld pity me n get me some..."
4019,0,Not Hate,"""What is Nala bringing to the table??"" LINK"
4020,2,Hate,"She's the biggest illiterate I've seen here, very backward and dumb woman living in the past, saying something negative towards a religion she knows nothing about. Am sure she's not even a true Christian. Non sense element kawai tufeyakwa, didirin."
4021,0,Not Hate,"Kar dai a old side kike, kikasa pic na New side"
4023,0,Not Hate,"You wan go back to ghana? Hoe far with you nao"": Feeling bored. Sick of nigeria."""
4024,0,Not Hate,"The problem here is,once you have a contrary opinion you are immediately label Fulani slave,you are called stupid,fool,idiot,empty brain and so LINK can't take on everybody."
4025,0,Not Hate,": This Davido issue,the takes I’ve been seeing makes me wonder how humans thinks, they’re so funny😭😂😂"
4026,0,Not Hate,Can't happen in Nigeria LINK
4028,1,Neutral,I hate this mad man LINK
4029,2,Hate,"Has the Idiot Arewa Youths, Daura, Osinbajo, Adeboye, Buratai, Lai Muhammed and all other Morons in APC &amp; Northern Nigeria seen this video? Biafrans are HUMANS, Hausa/Fulani's are Animals with the heart of Lucifer. watch and withdraw your hate bill. We need Boko bill LINK"
4030,0,Not Hate,Saudi no one sight moon abi na the 5 nil trauma they cause am?
4031,2,Hate,Let the stupid unwavering dogs continue to dance naked in the market square. They've made us understand that summation of the nation's problem now is terrorism+banditry+kidnapping+ +Fulani herdmen+Boko Haram+police brutality+inflation=Islam Buhari. Awon Ode
4032,1,Neutral,"Mark you, is reputable to Allah, if you have no respect for that name, you're a lost cause. He's by far beyond your stupidity and arrogance. Don't make fond of the name, go to an Islamic school and get to know who's Adamu, As."
4036,0,Not Hate,Thank God we no look like it LINK
4037,0,Not Hate,Dan Allah a taimaka a tinantar da masu mulki munsan kayi a baya yanxu ma a kokarta LINK
4038,1,Neutral,"It is absolutely clear that you have no good explanations for the evil Trump does so you resort to whataboutism. I don't think Obama would've done that but if he did, that's a yardstick for Trump to worse right? I thought he campaigned on doing better? You are supporting a fool."
4039,0,Not Hate,": First hand Reports getting to us from the Hausa refugees in Oyo, states that those under the care of the seriki home are f…"
4040,1,Neutral,"7 idiots liked so far, 4 fools retweeted and 2 brainless goat just agreed to your lack of comprehension. Please read well to understand and comprehend, the man saying he worked with woman was to highlight his point and the headline was not about what you wrote."
4041,0,Not Hate,“: Think like a man!”act like a girl
4042,2,Hate,"igbo's dont need yoruba idiots as companion, you morons were silent when over 5million igbo women and children were massacred in 1967-1970, such cant happen to igbo's again but it is coming to yoruba soon and we will also watch in silence"
4043,2,Hate,"Did you confirm if she cheated?"": Wiz was faithful tho. But hoes will be hoes 😪"""
4044,2,Hate,"All i’ve learned the many years i’ve been alive is never trust a bitch because bitch spelled backwards is “hctib” and that shit don’t make sense, just like these bitches"
4045,0,Not Hate,": For the sake of peace, allow Biafra - Northern Coalition tells Buhari LINK"
4046,1,Neutral,very ugly
4048,2,Hate,They gatduated from the yoruba demon university with 1st class
4049,0,Not Hate,"The REALEST people, don't have a lot of friends."
4050,2,Hate,": "": Aboki! "": True"": Most gay men in Nigeria are Igbo. """" ""very true!"
4051,0,Not Hate,Happy LINK kareem to all muslims brothers
4052,1,Neutral,See the warped thinking! Northerner 1st Foriegner 2nd Then any other Nigerian Somebody somewhere will tell me nigeria is one. LINK
4053,0,Not Hate,: : I am looking to interview queer people living in Nigeria who have had any experience with gay conversi…
4054,2,Hate,": Under , Nigeria is a Killing field for defenceless Christians. Fulani jihadist (Killer Fulani Herdsmen) have slau…"
4056,1,Neutral,No wenger ur lyf will scatter...so u know u dis 3 are our best starters.....stupid man!...ote!
4057,2,Hate,"Sadly, what we really have now are not churches but shrines and occultic temples in plain disguise..that is why this babalawo's can do evil and still not feel remorse...Ask God to lead you to that best place of worship..above all be spirit sensitive..Test all spirits"
4058,2,Hate,: NIGERIA HAS TURN TO FULANI HERDSMEN ANIMAL KINGDOM SINCE BUHARI TOOK OVER POWER LINK
4059,1,Neutral,Blow is 100k and counting..wizkid is king! I don't know the nonsense you are saying.
4060,2,Hate,"GAY OLOSHO DIARY ENTRY 001 Dear Bottoms; Don’t stress your tops, except Oga tells U he likes taking off your clothes and looking forward to it, don’t be wearing jeans to hook ups, invest in bum shorts and sweat pants. They are very easy to take off or pull down 😌"
4062,2,Hate,Northern people will exhibit their entitlement thing everywhere. Awon werey. Look at the guy's horse face.
4063,2,Hate,I will never fuck a non man ass Nigga I will never lie even if that Nigga flew me and my bitches all the way out to Dubai
4064,0,Not Hate,dagwi
4065,1,Neutral,"It’s in their DNA deceive and deceive, back stabbers and enablers of evil -"
4066,0,Not Hate,: Hey Siri show me old money families with gay sons
4067,2,Hate,I don't blame South Africans.. some Igbo brothers always giving nigeria bad names.
4068,0,Not Hate,akuna ma tata f d haters
4070,2,Hate,Zambia prostitutes are in trouble!!
4072,0,Not Hate,Are you for real???
4073,1,Neutral,I dint upgrade my sim on time you people block me from making calls What rubbish is this one? Ehn? My number is 08065015378 you people should send me my 1k or take your sim and Goan fry yam 🤬🤬🤬🤬
4074,0,Not Hate,TESTIMONY OF A 15 YEAR OLD GIRL WHO CAME BACK FROM HELL LINK
4075,1,Neutral,Fool
4081,1,Neutral,I am Igbo too. And you are very stupid calling onye ara. She's right and you have to deal with what she said. Fool.
4082,1,Neutral,""": "": How long could you go without talking? ""12hrs""u are a bore"
4083,2,Hate,Chics tokin bout they ηєє∂ a nigga ωi̶̲̥̅̊†̥ђ a big dick and loads O̶̷̩̥̊͡Ƒ cash...naaah bitch you ηєє∂ a smaller pussy and a Job..damn#
4084,2,Hate,"White South African are fucking them in the ass and they are here looting and destroying properties own by Nigerians, saying shut and justifying their actions."
4086,0,Not Hate,Nigeria will be key driver of West African broadband future. Every growth in Africa is largely measured by how Nigeria fares.
4090,1,Neutral,"I am Igbo, by blood and by being Nigerian. Every Nigerian is no more Nigerian than any other. Shame on your war threat"
4091,1,Neutral,"He doesn't mean it. He wants girls to feel what men are feeling when they say ""ALL men are scum!"" Thats the taste of how it feels"
4092,1,Neutral,"☑"": !!! "": Well "": Where is the fun on Twitter without retarded tweeps...."""""""
4095,2,Hate,"Like in Plateau state or Benue or Taraba, abi? All of which have Christian Governors &amp; deputies.Well, perhaps you didn't go to school to know the States and Capitals rhyme sef. People like you (in the north or south) are disgusting. Don't know shit but argue on sentiments."
4096,2,Hate,Most nigerian men are pervs..just common...they behave like they have never seen a naked woman before
4097,0,Not Hate,": Hmmm...my oyinbo friend wants to know if 'Mumu' is an Ibo, Hausa or Yoruba word."
4098,1,Neutral,Confused puppets
4099,2,Hate,", i hate lesbos, i ma lyk d big wet asses lol"
4100,1,Neutral,I know gurls are supposed to enjoy the attention. But you guys can not be just fuckin staring like Dopeys. Its annoying. Thirsty ass niggahs
4103,2,Hate,This bastard called yoruba sophisticated moron. Can the stupid igbo man tell us if yoruba and igbo are in the same category LINK
4106,1,Neutral,Because the accounts are owned by two-faced people. The cowards will create an account and use it to tweet what they couldn't tweet on their main account.
4108,2,Hate,"Gays .....always trying to force thier abominations opon the rest of the world, i pity your end"
4109,1,Neutral,Lies but you believed your chronic liar Chinua Achebe..He literally plunged the southern part of Nigeria into chaos because of his rubbish propaganda.
4110,2,Hate,"Aboki Monsters ,Cruel Animals forcing little girls into marriage. Barbaric animals"
4111,2,Hate,Nigeria a total fcking disgrace We don’t gat our backs...irrelevant things and bad behavior gets more attention on social media. And this South Mofuckers no get half of our Crase o. Don’t know if the fcking government is even addressing the issue
4112,0,Not Hate,Hmm banda abinki ai mu kanawa a wayenmu aka samemu so munpi karfin arainamu wallahi PROUDLY KANO STATE INDIGEN
4115,2,Hate,All this rich Biafran Igbo efulefus won't heed to ur advise since you have been shouting and chorusing it to arm our youths against dis impending doom steering us in d face from the Fulani janjaweed terrorist but they will all be pretending. Mad Zoo efulefus everywhere
4116,2,Hate,These white people are so weird at times. LINK
4117,2,Hate,"CUTLASS (˘̯˘ ) "": HOE"""
4118,1,Neutral,"Imagine this mkpi,its IPOB that is ur problem,IPOB who are just simply defending themselves anyway they can.Your own region has being outrun by bokoharam,bandits,fulani herdsmen,ISWAP,instead of you to focus your energy to call them out everyday you are busy hating IPOB. Mumu😡"
4119,2,Hate,"Tribalism is bad. Most myopic Yorubas and Igbos think only Yorubas and Igbos are on social media. Once you disagree with a typical Igbo man, he tags you Yoruba. Once you disagree with Yoruba Man you are tag Igbo or IPOB. Very low mentality. I bet you haven't travel outside SW"
4120,2,Hate,Mumu Shey na southerners be the beggars of the country or who ?? Go your village take some couple of pictures for us we want to see something
4121,0,Not Hate,That was how this guy asked for a girls number at shoprite She gave him and he walked into a range Rover n drove... LINK
4123,2,Hate,"These are the faces of those Igbos stoking insecurity through IPOB from faraway Canada. Know something today, u and ur mother would be disappointed with d outcome of d elections and u will go back to ur IPOB campaign and hatred for Nigeria Obi has no track record of performance"
4124,0,Not Hate,Well..not to clear but homey ..its Reekado nani😆. LINK
4125,2,Hate,You'll that have problem with him been a gay literally are your own problems sigh.. ye homophobic bitches should learn how to drink water and mind your sexualities :-x
4127,1,Neutral,"Are we ready for anything? "": Nigerian not ready to fight cyber crime – NCC LINK"
4132,2,Hate,Very stupid of you. I pray these heartless fulani herders lay hands on your beloved sister or kidnap you in person.
4134,1,Neutral,"Kaz is everything and more, you can fuck offf LINK"
4135,0,Not Hate,: I hope Manchester united lose today and LVG gets the boot by tomorrow morning
4136,1,Neutral,That silly dude even said he was on his own before they came to ask him to come. He is a big idiot for coming.
4137,1,Neutral,Wow. This is the most messed up bullshit I've seen all day🥺 LINK
4138,2,Hate,Should worry his southern Christian morons.
4140,2,Hate,Omo boobs self na scam 😂😂
4141,1,Neutral,"Yu b guy,yu de fuck gurls anyhow yu wan com marry virgin! #"
4143,1,Neutral,"Most senseless tweet and most gullible tweets ......amd before you all open big mouths, I stayed in the North East and I am a Christian. Again, this is the most stupid stweet I have seen ever"
4144,2,Hate,"Nigeria government is good in attacking anybody that said truth with DSS but they are not good in killing terrorist and Fulani herdsmen that are killing innocent citizens in Nigeria,that name Nigeria is fraud"
4145,0,Not Hate,: The Christian Cops; Stolen dog LINK
4146,1,Neutral,Lady take your ugly tribalistic dumb ass out of my way and stop making igbo people look bad. Oponu omo
4147,2,Hate,They are mostly yoruba pigs
4149,0,Not Hate,"Typical of those mythical beings, never getting old as they age. Vampire of life for real!"
4150,1,Neutral,You just can't stay off my tweet can you? Dumbass
4151,2,Hate,Na sanwo olu take the photo album to the president and he’s just laughing like you never see anything so make your governor do the same no cheating like Hausa will say banbashi.until you people swallow the North must rule ideology you will continue to suffer brainwashed almajiri
4153,1,Neutral,😂😂😂mad people full dis world o
4154,2,Hate,nigeria house of reps are toothless bulldog.the killings that started 2015 till date.let them wait &amp; be arguing about the killings untill southern kaduna will the land of the fulani caliphate &amp; in biafra land killer herdsmen are in biafra communities killing.
4155,1,Neutral,"Leave them ignorance asses the fuck alone. They're not exposed to know that panadol can be designed pharmaceutically as a tablet(solid), suspension(liquid) or syrup(liquid)"
4156,2,Hate,"No they shouldn't insist, they should cower to whatever their almighty bosses up north says. Bunch of iberibe people"
4158,2,Hate,"They fear a fair contest, that's why they need anointing, and endorsement, plus Tinubu structure. Such a bloody religious country. LINK"
4159,1,Neutral,"Most ladies are attracted to toxicity, they will refute this fact but watch &amp; learn."
4160,1,Neutral,Ka saida abu zakaxo ka rainawa mutane hankali catfish.
4162,1,Neutral,F***k ur fake friends where your real friends at
4163,2,Hate,Igbos are indeed their own worst enemies. Look at the comments and tweets against .. this is appalling
4164,0,Not Hate,"An Igbo lady, sat together wif †̥ό̲ men in Golden Tulip Bar in Lagos αnð waiting †̥ό̲ be served.... Ð barman came... LINK"
4165,2,Hate,"Who made it so? No one but Yoruba bastards who are stray dogs used by other tribes. It is how you portray your family that people will carry them. There are more Yoruba bastards that approve this ,in 2yrs time,it’ll be a crime to be pro Yoruba on social media. 😊😊😊 LINK"
4166,2,Hate,": ""You Proscribe IPOB Who Didn't Kill Anyone, But Refuse To Declare Fulani Herdsmen Slaughtering People, Terrorist. FG Is…"
4167,1,Neutral,Shift away from here abeg. Nonsense 😡 LINK
4168,1,Neutral,"He’s a fcking snake,and he’s next!😂📌📌📌📌"
4169,2,Hate,: Fulani herdsmen shouldn’t cause war in Nigeria LINK
4172,2,Hate,Love is sweet but Nigerian ladies are wicked 😩
4174,2,Hate,": Majority of hausa ladies are nothing but leeches, waiting to vulture on someone's moil, that's why they are ending up in a…"
4177,0,Not Hate,Lol HARP...
4180,0,Not Hate,"Adije sipo Gomina ni ipinle Eko ninu idibo ojo kesan-an osu keta, odun yi, Jimi Agbaje ti so wi pe, iro pata ni awon eniyan n pa o, pe oun fi egbe oselu PDP sile. Agbaje se ileri pe, ko si enikeni ti o le le oun kuro ninu egbe naa. LINK"
4181,1,Neutral,"Can't you see how stupid you are, so just because she is from your tribe she should be supported?.And you will be talking about Biafra but this same STUPID act that you are canvassing for brought us to where we are now. Ethnic bigotry is what has brought us to our KNEES"
4182,2,Hate,very reprehensible uncommon in my part of the world. I feel bad about this naked dance of shame from these subhumans- gay gooners
4184,0,Not Hate,"Matured Christians never make a fool of themselves, they only do what God accredit&amp;give directives for.... LINK"
4185,1,Neutral,If you don’t verify whatever Kemi says and you go public wirh her lies then you are a maggot. This Otunba died of Ulcer and not Coro as this mad woman want people to believe. He was buried this week in Abuja and so many Tipsters who reside in Abuja attended the burial.
4186,0,Not Hate,: WORK IN PROGRESS fifth day on this LINK
4188,0,Not Hate,Follow me i follow back instant 👌
4189,0,Not Hate,"Whether caused by armed conflict, natural disaster, women, girls are hurt the most - Irina Bokova, Dir-Gen"
4191,1,Neutral,: Yes! Buhari is a Sunni Islam Fundamentalist; now using some Nigerian Army Vultures &amp; Vampires t…
4192,0,Not Hate,"Thanks Tamilore Abraham, my Yoruba tribe from western Nigeria. O she gan ni o."
4196,0,Not Hate,: to Sorosoke Generation. |Unilag|Arewa Twitter|Ahmed Musa| Lampard|Chelsea|Havertz|Ancelotti| #…
4198,1,Neutral,"The boys at d obas palace were actually speaking Yoruba fluently... So d agenda is dead already,useless govt😡"
4199,2,Hate,Ortom have never shied away from fulani menace...... right now the killer herdsmen have a choice of going to Bauchi where they can roam around with Ak-47. Bala Mohammed is a terrorist.
4200,1,Neutral,What’s up with giving credits to Hausa men on twitter today. I thought we all agreed that men are scum.
4202,1,Neutral,"There’s always that one teacher who puts shit on a test that you never learned and you’re just there like… uh what the f^ck."""
4203,0,Not Hate,"...becauseof Christianity and I'm from igboland. And I also heard a story about some kind of a Yoruba queen that has female companions, and also in Egypt some ascent kings are known to have same sex encounter with their partners. And in some culture a feminine guy or..."
4204,1,Neutral,A lot of atheists are unbelievably *DENSE*
4205,0,Not Hate,"Morning dearie..."": When God is behind U, U can not b behind...! Mornin Tweeps☺"""
4206,0,Not Hate,Must listen: – Koba ft Lil Kesh LINK
4207,1,Neutral,He is a simpleton or maybe wants to get laid easily..
4208,1,Neutral,Fresh Prince of Bel-Air be real shit
4209,1,Neutral,"My problem is just the arrogance and 'you can't touch me' attitude of these Miyetti peeps. They know they have an Abraham at Asorock and that is what is giving them the alacrity, boldness, temerity to act anyhow and utter such nonsense."
4210,2,Hate,The should rise up and defend the helpless Nigerians from the hands of Fulani herdsmen.
4211,2,Hate,Leave Port Harcourt alone and focus on your Igbo states . Lowkey land grabbers
4212,0,Not Hate,": if una like turn this thing to SegaFc vs LGBT United, I am fighting for my freedom. The bullet didn't ask Jimoh if he was in…"
4213,1,Neutral,You’re not serious. Check!
4214,0,Not Hate,You might be harboring unresolved concerns today about the bou... More for Leo LINK
4215,2,Hate,"APC government of the Fulani herdsmen, bandits&amp; bokoharam terrorist rehabilitation"
4219,0,Not Hate,Nigerian photographers... They will take 700 shots and ask you to choose 10. LINK
4222,0,Not Hate,Aisha 2dayz ya kike
4225,2,Hate,""": They thought it was over! Well you hoes aint right nd loyal!!! LINK loyalty in a hoe? Far fetched"
4228,1,Neutral,You are a total disgrace to humanity. You are disgusting to say the least. Your genocide against southern Kaduna will not succeed.
4229,0,Not Hate,🔥
4231,0,Not Hate,": Like let's use statement like our arewa women are not slut, our arewa women are educative..... Like let's show support to…"
4234,0,Not Hate,: Benue's passage of its bold &amp; quite progressive Anti-grazing law was sure to make it a target for Fulani Herdsmen. Si…
4235,2,Hate,"Oh Jesus! The Sun will rise where again??? Like you want to feed them again by 2021? If this is not coconut head'edness then it's iron head. Sorry for this huge loss brother. There are lots of land in the South, Fulani can never have dominion over Yoruba and Igbo land. Sorry nnaa"
4237,0,Not Hate,He's gay too🌚
4239,1,Neutral,u guyz r so wicked.... U knw am nt around nd yet u wanna av fun widaut me... Nt kul gurlz...
4245,1,Neutral,Buhari did not pay anybody shit.. He announced it like a bait. Biafra should are not fools Oga. Show me proof that one person was paid. We have been quiet too long enduring so it can’t be our fault now crying out. Go talk to Buhari to secure the country he promised you to. Not me
4246,2,Hate,"This is happening now abuja, along buwari road... This government is a shit, Fulani thugs killing peaceful protesters... LINK"
4248,2,Hate,We Yoruba and indeed Lagosians are too Naive... We need to go back to History Lane there lies our Redemption from doom....
4249,0,Not Hate,"My father told me about the Kano riot of 1953, it broke out in the ancient city of Kano, in May 1953. It was a clash between Northerners who were opposed to Nigeria's Independence and Southerners made up of mainly the Yorubas and the Igbos who were for independence. No b today na LINK"
4251,1,Neutral,Wallahi GEJ is drunk or high on Dame's shit! Wawa akuyan dajin dabbobi kawai.
4253,2,Hate,: Sanusi is a bloody mad idiot. Would he have done to his fellow hausa muslim fanatic? Fool like him. Boko haram sponsr
4254,1,Neutral,"You are a stupid man, thunder fire u dia, idiot"
4256,0,Not Hate,"She must be a Yoruba girl, them too like party and occasions."
4257,0,Not Hate,No...you know some religion fanatic believe that women must give birth through vaginal delivery as that is the only ORDAINED TYPE OF DELIVERY.
4260,2,Hate,"Plus if he's a Yoruba guy. Ibo guys can cry without being manipulative, they're cry babies.... Those Yorubas ehn, Very Subtle and cunning🔇"
4262,1,Neutral,"Stupid fool, you call it a lie. Show me where Buhari has threatened war on Fulani herdsmen."
4263,0,Not Hate,😾😾 LINK
4264,1,Neutral,"Akuya, ai kune fulani herdsmen. Wawaye kawai! LINK"
4265,2,Hate,like seriously?hate them bitches
4267,0,Not Hate,"All dis moshood girls go dey form wetin dem ₪☺ be,№ω dem don dey show der agbero talent for third mainland bridge"
4268,1,Neutral,In the variation where Ben is a complete idiot 😂. I have a better chance raping Ben drunk than Ejiro. Yes your ugly ass has a better chance than that swine☺
4269,2,Hate,"...Hoes/Skis.. : be like... (2016) New year., New Me.. ... STUPID ... Does your P have a Reset button? '"
4270,0,Not Hate,"Yoruba Is Derived From ‘Yariba’ And It Means ‘Shady, Unreliable’: Fani-Kayode LINK LINK"
4271,0,Not Hate,- 2019: How I’ll treat gay Nigerians if elected President – Donald Duke - Read here &gt;&gt;&gt; LINK LINK
4272,1,Neutral,"U APC guys should be ashame of yourself, u look for exceptions to justify killings and forceful taking of people lands and properties by your Fulani killer herdsmen to post to people to accept. U guys are just taking Nigeria backward in life when other countries are making progre"
4273,2,Hate,Thank u mama Jamal. May God almighty bless u and u and u. Those bastard south African 🇿🇦 deserves to be bombed 💣 alive. 😢 😭 😭 😢
4274,2,Hate,Yoruba people twitter defense association (YPTDA). Are full of savages. Fear them I repeat Fear them!!!!!!
4276,0,Not Hate,Meet 26-Year-Old Lady Who Married 74-Year-Old Nigerian Billionaire | PHOTOS LINK
4277,2,Hate,"Edo men are fetish, Urhobo men are cheats, Yoruba men are polygamous and wicked, ibo men are devilish... Then go and marry yam. Rubbish!"
4279,0,Not Hate,""": hmm ko?""Ya kike?"
4280,0,Not Hate,Wallahi oooo
4282,2,Hate,"I agree"": Facts: 50% of Whores in Nigeria are Igbo's."""""
4283,1,Neutral,"Nothing will happen in Enugu , what exactly are you protesting for in June 12 with the Yorubas? Did they observe sit at home for our Biafra fallen heros with us on 30/31 may? We want Biafra not nonsense June 12 protest shit"
4284,0,Not Hate,Police arrest woman for attempting to break her own head with a crowbar LINK
4285,0,Not Hate,23. Goals can be terrifying but they are not to be perceived as terrors to the attainment of new heights.
4289,2,Hate,"You just portray how dumb you are! The south never advocated for the ban to be lifted, rather it's still the toothless Bulldogs from the North that ve teeth to bark and not to bite, that suspend the blockade! Simply put the highest looser is the Northern Almajiris"
4290,0,Not Hate,A friendship founded on business is better than a business founded on friendship...
4292,1,Neutral,🤣🤣🤣🤣🤣 is this not the clown that did one fake thread about Northern students in one school in the South South sometimes ago that Sheikh took to the cleaners? I am coming let me check something
4293,2,Hate,"Haha God forbid bad thing ehh north is a parasite to the whole south sucking our blood, in my next life i never want to meet a people like fulani again. Blood suckers"
4294,1,Neutral,"If PMB wins 2019 elections, Nigeria will exists, and if PMB losses the 2019 elections, Nigeria will continue to exist. Shameless people LINK"
4295,2,Hate,Chunky ass hoes&lt;&lt;&lt;&lt;&lt;&lt;
4296,1,Neutral,What are you doing on twitter mr man? Did your President not ban it? You must be an idiot to not follow the simple instruction of your President. Bastard
4297,2,Hate,""": Hian! All these dirty,bush,local yoruba boys. Mscheeeeeeeeew. Na new year be dis abeg."" Lmao! Wetin happen nw? HNY bydaway!"
4298,2,Hate,"Just imagine students who were sent to the University with their parents money, were abducted and brutally murdered by fulani herdsmen terrorists aka bandits.Yet, the likes of Pantami whose Islamic extremism teachings inspired these terrorists is still a Minister in PMB's Regime. LINK"
4299,1,Neutral,"What's the question, what are you saying?! Is Biafra a pack of sugar or a tin of milk? Biafra was born but dead. How long will you fool around before you face reality? FG and her family members only got the palliative none sense..."
4302,0,Not Hate,"Lie"": This! "": Ya'll can call a Hausa gurls malo or what ever but Hausa produce d most decent girls in Nigeria"
4303,1,Neutral,"Lolz my mind is out of me .... Sex is good : U're out of ur mind. Simpleton"": Try sex its ... LINK"
4304,0,Not Hate,"I need a Christian to answer me please. So, when God murdered everything on earth at the flood, did it include viruses, bacteria, and parasites? Or did Noah bring the viruses into the ark in twos?"
4305,2,Hate,Girlfriend bio: I love my baby follow him. Boyfriend bio: fuck bitches get money. *scratches head* you sure thats your boyfriend?
4306,1,Neutral,I can see you are blind and also deaf or is it still the grade A ignorant in you all that is disturbing you? Tell me which is your problem. Who have time too cook shit. About who? I don’t even see mercy in that house so why wil I cook up anything . U must be an illiterate
4307,1,Neutral,Seriously wats wrong wit pple? You waste all your tym daily tinkin wat u will write on fb or bbm or what to tweet.
4310,2,Hate,"Hmm! That is what you wrote on his pic. Even if it's true, it means the cow is ahead of you PIGS. Because any Southerners has brain of pig. So we're better than you."
4311,0,Not Hate,"God damnit! She even kept standing alone after Miracle was crowned the winner, probably hoping to drag cheque!lol ? Where is ur king's crown nah ? Respect , I thought south Africa n co controls our show!"
4312,2,Hate,"Thank you for reminding the people. Okada is banned but we see them running around and next they attack at lekki. It wasn't a fuzz but then they bring this shit up. Wait na only islamic fulani people get right to violence, yeye dey smell for this govt."
4314,0,Not Hate,80% happiness
4316,1,Neutral,"if nigerians fall for this con, evil, callous, occult, ritualist, blood sucking thief, then nigerians are doomed."
4318,1,Neutral,hope you know you're a failure. NOI is miles ahead of you. She is the reality you dream to become
4320,1,Neutral,Oh... Suddenly you're good with our fake doctors. Y'all south Africans are just pathetic. Very cowardly. Ain't surprised though.
4321,1,Neutral,"Oh boy, why can't you give OBJ and GEJ this advice. You must be evil-mindedness indeed !"
4323,0,Not Hate,Hey is just like Hi......abeg people too serious
4324,0,Not Hate,post ume finz shey
4325,2,Hate,"By the time some of you realize what Buhari is capable of, it might be too late. The Fulanization agenda is not a hoax. The Islamization agenda is not a hoax. Jihad has begun already. Buhari &amp; his animals came prepared, his southern slaves are just too stupid to see the signs."
4326,0,Not Hate,Activist Group Falsely Calls Ga. School Choice Program 'Anti-Gay' LINK
4327,2,Hate,"Nigerian ladies with this stupid mentality ish ehn, once you asked them out lasan you don dey owe them money."
4329,2,Hate,"wow, a female robbery slut stripped nacked in abuja, she is an igbo girl, LINK"
4330,2,Hate,Women are Scum LINK
4332,1,Neutral,"not just that bro....Africa has been ruled by stupid, selfish, power-drunk, illiterate, wasteful, inhumane, bloodthirsty demons in the name of presidents and governors..."
4333,0,Not Hate,CHARACTER DISPLAY WHAT IS INSIDE OF YOU Basic Text YOUR: 1Kings 3:16-28 Key Verse: A fool has no delight in... LINK
4334,0,Not Hate,: While the southern youth are speaking for themselves it is northern Governors that are speaking for northern youth to say…
4335,2,Hate,"I have got some free time today. I had fun with Abokis from the south, Biafra agitators and PO's puppets. It's good to use dimwitted morons to catch cruise."
4336,1,Neutral,Is that why you're milking the poor girl in captivity? You seriously need to repent. No nation can move forward with people like you. LINK
4337,0,Not Hate,Little Bro... A midfield maestro 💪💪💪 LINK
4338,0,Not Hate,Allah will grant him 'shifa' insha Allah.
4342,1,Neutral,Rubbish news from two dying countries created by the European colonialist Coming from from thier moronic Fulani rulers
4343,0,Not Hate,The elections that were held in Tigray in August 2020 are unconstitutional as per your constitution and hence null and void. And the TPLF is in power illegally.
4344,0,Not Hate,"Nigerian Police. The worst. One pointed to my breasts and said ""So nobody dey enjoy this thing for night"", and then told me to come to their nearby police station to hangout while they 'search' my car."
4345,1,Neutral,"""Herdsmen attack in Ebonyi today "" i did not want to say anything today, but your senseless comment dragged me, i hope you will shut that shit you call mouth up now LINK"
4346,0,Not Hate,Lol Thanks boss
4347,0,Not Hate,kindly
4348,0,Not Hate,: Militant fought Obj and they got Jonathan. B Haram fought Jonathan and they got Buhari. Biafra is fighting Buhari and ???…
4349,1,Neutral,"Sexy mama by wizkid.......ota lenu...WIZZY BABY I dey feel u,fuck hater."
4350,1,Neutral,you are lying sir. I know him since his days in Science Gombe to ATBU to when he left for Saudi after his sojourn frm Studies in UK to his Ministerial position. The man has been a big fraud hiding under Islam to feed lik any politician. He has been a boy of those in opposition
4351,2,Hate,"Liar.. So u wia xpectin ur gay hommie shey? 3-| in d pic sef : Guy!! I go snap shw u.. Mke I cum finish na lol """
4353,1,Neutral,Black Dawg!! white Sheep's the Choke. E CHOKE
4354,2,Hate,"The only group of Igbos who see Buhari as a failure, are the frustrated, and never do well like you and IPOB Terrorist. No successful Igboman hates Nigeria or Buhari Check records. Innoson, Coscharis and Allen Onyema will never agree with you."
4355,0,Not Hate,Ya kike kwala min kira a cikin mutane Haka😍
4356,2,Hate,: Biafrans can no longer live with Buhari Fulani tribe that can't obey laws &amp; terrorise people Biafra https:…
4357,2,Hate,"The person that wrote that speech is from North. Since Kano/Kaduna isn't burning, then let the Southwest n east kill themselves. That's what they want..."
4359,2,Hate,Hahahahahaha..... BIAFRA boys.. coconut heads...🤣🤣🤣🤣🤣 See how them don go slap President... Operation Python dance IV loading 😭😭😭😭😭😭
4360,1,Neutral,Women do all 10 nails. This one last nail is just weird and disgusting
4361,2,Hate,Foolish Nigerians if I may correct you. Any reasonable person will not involved him or her self in this nonsense to be use as Nnamdi Kanu did to the so called biafrans
4364,1,Neutral,asshole
4367,2,Hate,Omo na me they date this girl but she no Dey date me ah women are scum 😫😭
4368,1,Neutral,See this cretin o... If you are truly for one Nigeria you wouldn't be whipping up tribal sentiments by making very ambiguous statements like Igbos own most of the investments in Lagos and implying that Lagos is not a Yoruba state because it was once a federal capital... Oponu! LINK
4369,1,Neutral,"U are a furniture, ur kids are furniture, in fact ur entire generations will be disgraced publicly. Been a woman and ur this spiteful. Tueh... Motherfucking bitch."
4371,0,Not Hate,I heard a lady just discovered that her husband of three years is gay.... wtf
4372,2,Hate,What’s the difference between you and the Muslim extremist that don’t ever believe their religious leader are part of the problem??? Wo make all of una get out Hypocrites everywhere You are scared to say the truth because it your religion or pastor same way u expect Fulani to LINK
4373,0,Not Hate,Biggie ori yin ti yii..dey disturb kim and jeff there..HOH all d time
4374,1,Neutral,Blocked you first fool
4375,2,Hate,Many men out there deceiving themselves thinking they can own a woman with game or nonsense. The only language a hoe understand is money except you're some dope ass cute looking cassanova with banging masculine body. Then she can give you free sex and unlimited use of her body
4377,0,Not Hate,: BBC Hausa has just reported the kidnap and abduction of 300 school girls by bandits at GSS Government Secondary School…
4378,0,Not Hate,"Even Rats sef want to be among the richest animals, a rat entered my room, instead of going to where I kept my crayfish and dry fish, its was heading toward my 50 naira note.... Na kill I kill am ...."
4379,0,Not Hate,i have said it before the igbo woman know politics ..... lol
4380,2,Hate,No beef is worth loosin ur life and no hoe is worth loosin ur wife!
4382,0,Not Hate,"...desperate measures... "": Lol "": Someone K-ed ur tweet and ure retweeting it...nawah ooo"""""
4383,0,Not Hate,"Lemme guess, washing plate?"": Doing the Chore i hate☹"""
4385,2,Hate,I suppose these Northern guys are so brainwashed they can not see beyond their nose.
4386,0,Not Hate,Don't act like you graduated with first class in English... That statement is a ph thing and it's correct. Always let your people know your whereabout. Y'all just trying to be too over sensitive.
4387,1,Neutral,"Gtb are thieves in suit, gtb please explain why you will charge almost 2k for SMS charges for Jan. 22nd to 18th of Feb, you people are thieves and you don't have the fear of God but not to worry keep collecting from the poor masses to enrich yourselves soon God will visit you all"
4389,0,Not Hate,"I remember being an escort to Saraki at the Tribunal, hope you will not come and start following another traitor going further like Saraki."
4390,1,Neutral,What's the yoruba got to do with this. You obviously one of Nigeria's problem that should be solved. If you have nothing to say keep quiet!!!
4391,1,Neutral,"Like very useless channel We saw dead bodies, live bullet shells and saw someone die on DJ Switch's live 💔"
4392,0,Not Hate,": Looool"": PIG - Pretty Ibo Girl"""
4394,1,Neutral,The wicked know they are wicked baje...
4395,0,Not Hate,Bad belle LINK
4397,0,Not Hate,. U̶̲̥̅̊ crry fire wood
4398,1,Neutral,Utterly disrespectful. He will live to regret those nonsensical comments. LINK
4399,2,Hate,Wtf listen to I need boat and shy hoes on repeat?
4400,1,Neutral,Shut up. I go stone you bread. We have 3 proper CBs let's enjoy them Or do you want Mustafi and Sokratis back?
4401,2,Hate,His EXellency mazi Nnamdi Kanu is a prisoner of conscience and must be released unconditional from dss custody because are sponsoring terrorist that are killing innocent citizens in Nigeria LINK
4404,2,Hate,Hoe does that affect ur misfortune?
4405,1,Neutral,I swear na once her head correct ...stoopid girl
4407,2,Hate,"Only southerners analyse politics, the north just take decisions to remain in power. Southerners are fools.. una Mumu Neva do?"
4408,1,Neutral,You are a moron if you think an Indian who jailed black women will turn out black people
4411,0,Not Hate,",hater!!na wa 4 u oh!"
4412,0,Not Hate,babe u're looking so good nice pix
4413,0,Not Hate,"Very untrue, most Ibo's all over the country voted GEJ. Only few voted GMB"
4414,2,Hate,"Nigerian gehs with ""fucking"". Why una two no use Yoruba curse each other. Fucking skin, fucking bum. Na wa"
4415,2,Hate,pained for who? Dat cheap hoe u guys pimp kikiki
4416,1,Neutral,Hypocrisy
4417,0,Not Hate,You never see one Werey girl wey dey eat raw yam
4418,1,Neutral,": I cannot understand shit bcuz I am a Christian but My Love for these Citations is Loud, I have listened to it more than…"
4419,0,Not Hate,"Do you have the right tool to navigate this Covid-19 crisis? Connect with us for a business/e-commerce website, digital strategy to remain relevant and keep your customers and clients connected to you. Talk to us on 08117218122 or visit LINK LINK"
4421,0,Not Hate,Phony fellow
4422,1,Neutral,"Please show us the one your mumu has done if not lie and propaganda, herdsmen killings, inflation, deregulation, hunger etc. Yeye"
4424,2,Hate,": Herdsmen poison 6 lions, 74 vultures to save cows - As Nigeria tries to work out a way to solve the herdsmen-farmers c…"
4425,0,Not Hate,: Buhari was not not elected to ban Twitter. He was elected to ban: Hunger Killer Herdsmen Insecurity Terrorism Illiteracy…
4429,2,Hate,"""Bitches won't post a picture on IG cus they've posted a pic with the same cloth b4. Lmao! Y'all are mentally BROKE!"""
4430,0,Not Hate,hApPi easter sunday all
4431,2,Hate,"Shame on southern slaves who give these bastards the guts to keep on doing reaping from where they did not sow. It's time we leave these parasites and face the enemies among us. Their ignorance, selfishness and greed are threats to the survival of the south."
4433,2,Hate,"They all fucking deserve the worst. I mean the worst . All of them. Fucking losers and morons. From the head to the toe. You threaten my tribe and serve coffee to your fucking northerners who rape,kill and destroy lives and properties. Give same fucking energy to all na. Idiot."
4434,2,Hate,"We love you too "": All these dirty Yorubas will be spitting on EDO people now. oh Pls shut ur mouth"""
4435,1,Neutral,😂😂😂😂 remembered when he couldn’t bring himself to believe he was gay. Nigga buried that shit in his deep subconscious
4436,2,Hate,Yoruba demons from OGUN state
4437,2,Hate,Watch Fulani terrorist group preparing for operation. Nigeria is a failed union. Please support LINK
4438,2,Hate,Never waste a hoe's time ☝🆗
4439,1,Neutral,Bodied the clown
4440,0,Not Hate,"Crying, moaning, just can't wait til morning Waiting too long Finally yuh come a long Baby love Explain yuhself, baby girl Lead out! Lead out, lead out, lead out"
4441,1,Neutral,Hisbah are what again ¿¿¿ Una just de confuse Nigeria asswers
4443,0,Not Hate,"AZA to the world 0107685693 people, Gtbank sef go fear OBO, na Okenla Oluwafemi talk am."
4444,1,Neutral,"This is the work of federal government,but since those people that are there are mumu’s we better pray to go God to save us"
4446,0,Not Hate,Hellenmelanin
4447,1,Neutral,Dis idiattt always on pink shirt wit dat regular dumb face. ..looool
4448,1,Neutral,"Abeg tell am, the idiot no Even know sey the amount of ibgo wey dey north and the freedom wey dem get even supersede that of the hausa's in the East..mumu b fooling yourself and endangering your brothers in the North"
4449,1,Neutral,U such a disgrace to human/woman entirely
4450,1,Neutral,May the Corrupt Police extort you. May Boko Haram set your family ablaze. May Herdsmen rape your wife and mother. You diseased buffoon. What Yeye development??
4451,0,Not Hate,"Is it only Christians that consume beer? Dickhead, most Christians don't drink beer, but they respect human rights. Even in Arab lands, they have moved forward. Wake-up guy."
4452,2,Hate,Like you slept at home the first day you got to LONDON you hoe
4454,2,Hate,"Don't ever be ashamed of who you are... Unless you a hoe, then be ashamed..."
4456,0,Not Hate,""": When are you more likely to tell a lie? According to research, it's right now. LINK"
4458,2,Hate,: as an opposition party is a disgrace because they control &amp; bankrolling by terrorist fulani born…
4459,1,Neutral,"Don't mind that fool, if it's a Southerner, he will be like forgotten firewood to come and write rubbish"
4460,0,Not Hate,u r in love. We knw. *
4461,0,Not Hate,See us dancing for you are inconsequential... LINK
4462,0,Not Hate,"""OLUWATISE, EDUMARE SOROMIDAYO, OLOWO ORIMI, ERUJEJE ALEWI LESE!"" Who is on THE LORD'S SIDE? We PROMOTE GOOD GOSPEL MUSIC to the earth's end"
4463,2,Hate,"I have never seen a party as useless as APC. Over 200 people were killed by fulani herdsmen in Plateau State , Buhari, Lalong and useless APC were busy dancing shaku, shaku on Saturday @ Eagles square, Abuja. This government is worse than communicable disease LINK"
4464,0,Not Hate,Northern politicians know what they are doing. They can't fool us any more
4466,1,Neutral,But it can sponsor your trips to the UK every 2 weeks. It can pay for the railway in Niger. Oh and let's not forget your homeboys; the terrorists you keep sending funds disguised as ransome. How would it even afford to revive education when all your kids are studying abroad? LINK
4467,1,Neutral,"3onions, one sachet of salt and oil....may your children and generation go thru this...it will never be well with you bastards LINK"
4468,1,Neutral,Boma is disgusting and needs to keep quite
4469,1,Neutral,U sure don't know her. Read her biography. She lies a lot and finds fault in everything dat is not in her way. She faulted even Arbery's killing on himself and then insinuated George should have died like a goat because he had past criminal life.
4471,2,Hate,"Life is so gay, always swinging back n front, up n down."
4472,1,Neutral,"Reno, u are such a wonderful fool. How many has herdsmen killed in SW? Stop fooling yourself."
4474,2,Hate,"The things these hoes do just to make money ain't just sacrilegious, it is scary. They've lost their humanity. When will they ever learn? Why are majority of Naija girls slaves to money? Tools to be used and discarded at the whims of a cash-stacked man? It's such a pity😔😪"
4475,0,Not Hate,: and Obasanjo sold Bakassi to Cameroon and check the so called Nigeria map …
4476,0,Not Hate,"FOOD STUFF FOR MY GRANNY MILK,MILO, BREAD AND BEAN FOR MY GRANNY THATS WHAT IS BEST FOR HER"
4477,0,Not Hate,: Ekene dili Chineke: n'ihi na ogoziri opupu na mbata anyi nile n'ubochi tata.
4478,2,Hate,"The Fulanis grew bolder under Buhari and I tell you this will continue under another fulani Presidency. The Ondo massacre is both gory and terrifying, how wicked can these people be? Justice need to be served sincerely."
4479,1,Neutral,: If na herdsmen now una go form deaf. Protest now una neck stand. Rubbish.
4480,2,Hate,Get this gay shit out of the beautiful game. Keep this up and you’ll lose pay per views from the Muslim world.
4481,0,Not Hate,Where's K1??? LINK
4483,2,Hate,"Sharrap fool"": The most lazy people in d world are christians..they just want miracle"""
4484,1,Neutral,"This guy is a fool, He's my friend on FB. Blocked the werey already."
4485,0,Not Hate,Falana da kokari
4486,0,Not Hate,"Say: ""In the Bounty of Allah, and in His Mercy (i.e. Islam and the Quran); -therein let them LINK 10:58"
4488,2,Hate,"But wait o...what brought Christians, evil doer, southerners, pig comment under an harmless relationship advice?"
4490,0,Not Hate,: I love my Northerners. There are bad eggs everywhere. Have a seat with a Northerner and you would know that not all of them s…
4491,0,Not Hate,Majority of guys have been praying for this opportunity... You know some guys are jealous of Maduka 😂
4492,2,Hate,""": Actually no, my status wasn't aimed at you, but hey, if the shoe fits, feel free to wear it. Hoe. """
4493,2,Hate,Enugu Wake Up And Fight The Terrorist Fulani Herdsmen LINK LINK
4494,1,Neutral,"Our government don't know how to listen to us but they want us to, They forgotten that our parent do so and finally got nothing, for now we've to END this fucking brutality."
4495,2,Hate,Because Hausa girls don't jump from one man to another that's why we aren't romantic. But u can go and grab those street whores that are more romantic than hausa girls.
4496,1,Neutral,"""altruistic because his writeups started wearing unrepentant ethnocentric and parochial garbs which gave him away as a divisive ethnic bigot and a man that lacks integrity"". You asked what the benefit of such inaccurate editorial? Answer is his Stomach Anywhere belle face."
4499,0,Not Hate,": Be Prepared To Welcome Oduduwa Republic Soon, Akintoye Tells Yoruba People LINK"
4500,0,Not Hate,With GOD 'ember season is gonna be great.
4502,0,Not Hate,"If You Wanna Be happy in Your Lifetime Pls Stay Away From LOVE, anani hina eh fulfulde."
4504,2,Hate,Those southerners christians or muslims or juju servicers leeches that makes up APCPDP at any levels are the real bandits giving zest to this tragically tyrannical weaklings calling themselves powerful politicians and leaders God will judge them soon
4505,1,Neutral,You are a bloody pig and a disgrace. You are evil and if I were the accused I will make sure you spends 72hours in panti
4507,1,Neutral,Both of you are mad nonsense
4508,0,Not Hate,Confirmed: alive LINK 885 days in prison for faith. Please via
4509,2,Hate,"The Pope said that GOD made them gay,well no problem,we are advising you to stop this madness,you call us haters.Very soon people will begin to find passion in raping,incest sex&amp;manners of sex&amp;they will say GOD made them so.But I know...GOD made them Male&amp;Female..Mark 10:6(Bible)"
4510,1,Neutral,NYANSHES 😄
4511,1,Neutral,How do you people consistently come up with these terrible ideas? It must require a lot of effort to be this consistent. What's the BVN for? Can we not integrate data from the bvn and NIN for whatever purpose this is for? Abi it's another rogue head of agency that sent this tweet LINK
4512,1,Neutral,Why should I be angry? Are terrorists killing my kinsmen in the south? Is the south ravaged by terror for 11years? Is more than 600 schools closed down in the south because of terrorist? Lol 😂 you’re just an ill educated fool. Y’all don’t know the fight is for U and ur pple?
4513,2,Hate,Love is not a scam bro. You are just dating a hoe. LINK
4514,2,Hate,"A group of people against anything good, don't want western education but enjoys everything produced by knowledge acquired through it, won't establish schools except koranic schools but come to impose their stupid beliefs in Christian schools, what a people."
4516,1,Neutral,The venom in u guys heart shows how shallow u re in ur stupidity. Just go hang urself
4520,2,Hate,"That draw was manipulated, this England rivalry has been happening NA LIE I no gree, every other team is playing against an opponent from another league except ENGLAND......PUTAS"
4522,1,Neutral,You're a fool for doing that to your self......odeh
4524,0,Not Hate,Delusional!
4525,1,Neutral,Fam I know but what can I do our fucking president doesn’t even know what’s going on in his own country 😔😔😔😔
4526,2,Hate,Crazy lots! The northerners are fucking crackhead
4528,1,Neutral,Why are uneducated ladies so lucky to get a husband faster than the educated ones?🤔
4529,0,Not Hate,"""Be careful who you trust, the devil was once an angel."""
4530,0,Not Hate,Miyetti Allah: Here are 9 things to know about the Group which says Yorubas are 'primitive' LINK LINK
4535,1,Neutral,u r liars .it does not make sense. both of them are Yoruba. ur fabrications this days don't make sense at all LINK
4536,0,Not Hate,I can't wait to hav d year started after 12 days of glory my cloud are so so loaded
4537,1,Neutral,"would rather get hit by a bus than take shit from you."""
4538,0,Not Hate,Na d loop holes be its uniqueness 😂
4539,2,Hate,GA WATA TA CE; Shame on Northern Politicians LINK
4542,2,Hate,smeg re around nd below d clitoris of bitches
4543,1,Neutral,"Especially in the northern part of Nigeria! I just pray northern elites allow young almajiri kids go to school down there. They are a group of highly selfish individuals, whose children attend the best schools. Child education should be a must!"
4545,1,Neutral,Eskimo are very very dirty. We clean shit every morning LINK
4546,2,Hate,You goat hausa fool..low mentality Muslim Frick they think the fight is about Muslim and Christian not knowing is for the betterment of the nation ..those are Muslim thugs sent by the government against protestors..
4548,1,Neutral,"You equally think emotionally rather than logical. Only insane think Atiku is better than Buhari, and Northerners are not!"
4549,1,Neutral,"Cheap political gimmicks served to mushroom follower who are in d dark and been fed with political debris for their edification. Though, its obvious southeast are not fools"
4550,1,Neutral,"Bruhh, I hope your business flourishes cause damn your adult dogs. The neapolitan mastiff and the female rottweiler look very depreciated, try and feed them well. ffuuuuuk this is sad to look at as a fellow dog owner"
4552,1,Neutral,Liar Hard girl hard girl you don open Toto 😂😂😂
4554,0,Not Hate,"Why you dey follow small pikin argue , Methuselah"
4555,2,Hate,All these hausa fools mtwww
4556,1,Neutral,“: acquitts Deji Abiola of N35.5million theft LINK they hang or jail d poor for mere N2000= theft
4559,0,Not Hate,": Yinka Odumakin, you were one of the bravest LIONS that guarded Southern Nigeria. I mourn you you. mourns. All tha…"
4560,1,Neutral,"A group of ""fulani herdsmen"" threatened to whole nation and gave 30 days ultimatum.. Neither did you or the president or the buhari dogs say anything or see any wrong in it.. But you have this bullshit to say?! Karma is a bitch!"
4561,0,Not Hate,Lol ohh they’re not? Lucky them o.
4562,2,Hate,"These northern savages have always been the problem of this dear country. I have muslim friends from the south, and I know how muslims and Christians live peacefully with one another in the south But not in the north I wonder if there are two forms of Islam or two Qurans"
4563,2,Hate,Just wait &amp; see how the bastard Yorubas will start regretting being born by their whore mothers. Useless barbarians.
4564,0,Not Hate,": A Girl Who's There For You Through Thick And Thin, From The Shine To The Struggle. &gt;&gt;&gt;"
4565,0,Not Hate,": Look at what we have here. Islam standing for peace, tolerance &amp; love. This verse gives Islamophobes real headaches. https:/…"
4566,1,Neutral,"But you are been careful with terrorist in the north"" we know your agenda!!! Failed on arrival"
4568,2,Hate,"LMAO 🤣.. ""left eye of a bisexual unicorn"". The Arewa's are hypocrite"
4570,0,Not Hate,"I'm envious of ds swaagggg,is sssmmoooookkkkkkkiiiiinnnng.more fire!"
4571,0,Not Hate,I can't add my BVN to enable me get my flex account number... It keeps telling me invalid verification code... Please I need another Code..
4572,1,Neutral,: Clapping the longest during the assembly because you're a fearless bastard.
4575,0,Not Hate,"Wow!,all hail womanhood becos of her,so her type still exist in this part of d world?? LINK"
4577,2,Hate,And someday I'll be listening to Jay Z ft Kid Cudi - Already Home and I'll be like I told you blady ass hating Hos and Bitch Niggas!
4578,0,Not Hate,Dnt blame guys dat cheat o sm girls fyness no b ordinary o
4581,0,Not Hate,Leave our team we dont like you..
4582,0,Not Hate,": Nigerian protests seeking an end to alleged police brutality were held nationwide on Tuesday, spreading to southern oil…"
4584,1,Neutral,"Imagine that an Hausa/Fulani man, boldly wrote on the body of his dog or ram, d name ""NNAMDI KANU and paraded same in d Onitsha Main market"
4585,2,Hate,""": Hoes Be Fucking Without A Condom...But Keep A Case To Protect They iPhone."""
4586,0,Not Hate,Maize harvesting today ✊✊we are thankful ✌️greater days are coming 🙏🏻 🎙 LINK
4587,2,Hate,"*Leader Of Mazi Nnamdi Kanu Wrote👇* I want to let the roundly primitive Fulani Janjaweed puppets of British Neo-colonialism in Nigeria to understand that oppression never pays &amp; it comes with consequences. In 1964, you oppressed the West &amp; got Operation Wetie.* LINK"
4588,0,Not Hate,Nollywood Yoruba is the actual ghetto. So many ugly happenings behind the camera
4589,2,Hate,"That's the problem with igbos ,they are too tribalistic. Even the educated ones are worse"
4590,2,Hate,So stupid for saying securing Nigeria as one of inept Buhari achievement whereas Buhari Fulani terrorists herdsmen brothers kill hundreds on daily basis thro out Nigeria but especially in Christians areas of Middle Belt Nigeria.
4591,1,Neutral,"NEWS, this is a stop before u'll be stoped. Nonsense!!!"
4592,0,Not Hate,They want to use Sharia to destabilize the Yorubas ....would Yoruba accept it. LINK
4593,1,Neutral,"And that's how these ""awon akoshibero"" would be spoiling women upandan... 80k hair that you can't afford 🙄. My dear, you are a gold digger take it or leave it! Oshi radarada."
4594,2,Hate,"Bruh after the response to lekki, could care less who Mods in the north. Their tribe is wicked Deuteronomy 5:9 Na wetin dey play for their side"
4595,2,Hate,Some people are dogs They are blaming northerners for the deed of SA people Northerners are innocent but southerners are looking for trouble look at how heartless southerners people are blaming us
4596,2,Hate,"Please Northerners, I am begging you in the name of God to keep your food and wait for southerners to beg for it. If you guys resume selling your rotten tomatoes and onions to the south, then you are bastards. 🤣🤣🤣🤣🤣🤣🤣🤣🤣 as if your have ever exported that your rubbish"
4597,1,Neutral,"Eyyah, sorry dude, not in the near future. The politicians are united at their levels. It's all about greed and selfish interest. They division is only among the common ordinary citizens bro"
4598,2,Hate,"she b hausa girl na, so wat do u expect, people that place religion over everytin else including they lives of their fellow human, btw who her matter epp, she done baff?"
4599,0,Not Hate,nt all are stingy n most of'em aren't as rich as ppu think.
4600,1,Neutral,Fighting every urge not to insult this stupid bone idiot.
4601,2,Hate,This coconut head is a bloody Fulani fanatic and will support their clan so anything that is meant to develop this country they don't want it.
4602,0,Not Hate,"See how technology and open take collect our BISCUIT from our bare hands kilode...bawo lase jasi ibi bayi now. At age 27, things never clear hold your government responsible abeg."
4603,0,Not Hate,: Catholic Church in Nigeria protest the unabated killings of Christians by Fulani herdsmen and Boko Haram Islamic Extremists.…
4604,1,Neutral,"You're disgusting,need to let d girl breathe"
4605,2,Hate,": Northern Alimanjiri beg for money on the streets,Southern Alimanjiri scramble for $5 from an Iranian scum.Imams in the n…"
4606,0,Not Hate,hw u doin.wer u @
4607,1,Neutral,What have you done to end hunger. Hypocrite
4610,1,Neutral,She’s mad LINK
4611,0,Not Hate,Bobs heart abishola
4613,2,Hate,"ALL I KNOW AND CAN SAY NOW IS THAT IF NIGERIA AND THE WORLD REFUSE TO LET WE BIAFRANS GO,LET THEM KNOW THAT BOKOHARAM WILL BE LIKE A CHILD'S PLAY,ISIS WILL BE LIKE A CHILD'S PLAY, FULANI JANJAWEED KILLERS WILL BE LIKE A CHILD'S PLAY WHEN WE PICK UP ARMS."
4614,0,Not Hate,Nigerian Army Kill More Than 20 Members Of Shite Muslims In Zaria LINK
4616,0,Not Hate,Ifbk
4617,1,Neutral,Nigerians go to NIS officials to give them bribes to facilitate the processing of their passports.Nigerians are the problem.
4622,1,Neutral,Don't sell your future to these old selfish politicians.
4623,1,Neutral,This is what they do. This is what they've always done. Bunch of thieving Britons.
4624,1,Neutral,After they come out to tell you arewa is their problem. Everyone is evil and criminal minded in the country. It's very obvious
4626,1,Neutral,TYRION IS THESE NIGGAS!!!!
4629,2,Hate,Nigerians are religious hypocritical pious people with Christians wey no de chop sallah meat but de chop Aboki suya and Muslims wey no de chop Christmas meat but de rear cow to sell during Christmas.
4630,1,Neutral,": MORON is chibuike amaechi a hausa fulani, abi is Ebele jonathan hausa? Abia,imo,anamb in nddc? I'm from d…"
4631,0,Not Hate,"chaii.. all this girls from uganda shaa: yea she is upcoming but bigger than all your outdated musicians including your president ode,aturu hausa,ewu"
4632,1,Neutral,Useless girls that can't stop communications with ex's Better gtfo
4633,0,Not Hate,Your hardwork and dedication will pay off.. Do not relent
4634,2,Hate,"Wetin almajiri wan use phone do 🤦♂️. There is a reason why they are impoverished, to serve the 5% elite that never wishes them well 😎"
4635,1,Neutral,Mama still hold her husband tight. Issorite. Why can’t you divorce your own husband and prioritize your own marriage. Hypocrite LINK LINK
4636,2,Hate,"Northerns are the main reason that makes Nigeria never better, those dude get sense of rat, think like a spoil egg and behave like a cow!!! Stupid Tribes!!! I dey my house, make una kill me join, all na vibes"
4637,0,Not Hate,Rape by her husband ? Nah! not under Nigerian law. It is believed that the woman has given implied general consent upon entering the marriage contract. But he can be sued for something else
4638,2,Hate,"Tiwa be giving every hoe, intending hoe reasons to hoe around when she’s not even hoeing. Everywhere steeeeeewwwww!!!!"
4639,2,Hate,Bros nawao...🤣🤣🤣 Coz of politics and because you know say those fools people are rating are all from Northern side(Hausa) you too con dey dress like aboki... Yeye No con goan face ya Adesua maybe that one too don dey kiss like soft chew gum.. LINK
4640,0,Not Hate,: Disowning will tell you how afraid they are about their masters caliphate. LINK
4641,1,Neutral,"This is as horrible as it is disgusting! You mean that woman does not have an industry, a trade or profession?"
4642,1,Neutral,The two of una no get sense 😂 this is very platonic doughnut something 😒
4643,1,Neutral,"Dotun wan bring sexiness, Yoruba demon don enter 😂😂😂😂😂😂"
4645,0,Not Hate,When we get their we will know wether is Hausa country or our country.
4646,2,Hate,"Hausa or Fulani, fulani conquered you,how many hausas are Governor's and Legislators, how many hausas are Emir'? Has an Hausa man Ruled Nigeria, it's a Shame Fulani used Religion to keep Hausa in Bondage, people can be stupid, but the stupidity of some Hausas is unbelievable"
4647,0,Not Hate,": Fulani Herdsmen Storm Forest Reserve, Destroy Multi-million Naira Maize Farm |Sahara Reporters Those h…"
4649,2,Hate,"Don’t o, igbo women are wicked."
4650,2,Hate,"This guy called Ishaq Akintola has never surprise me with his ineptitude behavior among the Yoruba's Muslim, is a disgrace to the Yoruba Muslim, clown seeking cheap publicity from the blood sucking psycophant Fulani."
4652,0,Not Hate,👌
4654,0,Not Hate,Another chibok girl set free. Commendable
4655,2,Hate,"Lord pls protect me 4rm brokeness n̶̲̥̅̊ bitch ass niggas,bitch ass bitches 2,keep dem away..."
4656,2,Hate,"STOP SPREADING HATE MSGS! By the way I am IGBO! Igbos re d scum of d Earth. Jeopardizing d future of Nigerians..kill them all"""
4657,2,Hate,anybody existing with Yorubas and Fulani in the same country is not making a small sacrifice. That's the worst combination anyone can deal with. Very devilish set of people. That's why Nigeria must scatter. Is a must
4659,0,Not Hate,Twale comrade 😂 😂 😂
4660,0,Not Hate,: BIAFRA: OHANEZE NDIGBO AND THEIR RESTRUCTURE IDEA IS FOR THE NORTHERNERS AND NOT NNAMDI KANU LINK http…
4661,2,Hate,“I follow God I no Dey follow Man” Werey don dey crush on God. Women are scum
4663,1,Neutral,😂😂😂😂😂 your the real problem of Islam hypocrite 😂
4664,1,Neutral,Shameless and clueless lawmakers
4665,1,Neutral,Stfu bro
4667,0,Not Hate,"International platforms will give a dig to our tech world. They'll attempt to put more dent to this twist. Anyways, a Nigerian splits the curtains first. We need to be accountable though."
4671,1,Neutral,Why are nigerian girls pests.
4673,0,Not Hate,"You're trying to maintain a balanced perspective on your life,... More for Scorpio LINK"
4674,1,Neutral,This is not true buba galadima is totally nonsense he don't know what he is doing at all.
4675,1,Neutral,And what are you dumb head???
4677,1,Neutral,"Walahi the are heartless, they bunch of blood sucking demons.. when you say shameless is understatement, no words to call them with. Numb pipul"
4679,1,Neutral,: Yoruba demons are lowkey Edo boys...
4681,2,Hate,: Herdsmen attack Ogun teachers on way to school LINK
4684,2,Hate,🤣🤣🤣 dts d number 1 illiteracy I’m talking about . Judging a book by it cover. 😂slut mama of southern
4685,1,Neutral,U r a stupid boi“: Feels good to b back in Akure city*****Yawwwww!!!”
4686,1,Neutral,U are so f***cking annoying
4687,1,Neutral,Why must I change my church cause I work for someone? It’s nonsense LINK
4688,2,Hate,"You might not be far from the truth from the look of things in Nigeria government today since buhari came into power those Fulani criminals are just doing anyhow like they owned the country, Isa pantami case is a clear example"
4689,1,Neutral,"That's is to say you grouse is with the person, his tribe and perhaps his religion. You really don't bloody care about what his previous qualifications are. You dimwitted bigot. LINK"
4690,1,Neutral,"Must be ready to attack the whole southern region!!!! This is not 50 years ago, let someone wake him up if he is too dumb. It’s a war again the south not Igbos. He is about to break Nigeria himself. Dumbass!!!"
4691,0,Not Hate,"Power came, I didn't watch Suits too, Mba Game of thrones? Nope I'm not even doing Crypto I did not do shedibalabala challange Now people are raving about Peaky blinders and I know I'll never watch it What am I doing with my life gannn?🙆🏽♀🤦🏽♀"
4693,2,Hate,This can only come out from the mouth of a Kafir/Mushrikeen/Munafiqeen. Yoruba Muslim probably.
4695,2,Hate,"Alert 🚨! Biafran Land Now Under Hausa/Fulani?/Yoruba Siege! Right Now, Hundreds Of Thousands Of Hausa/Fulani People 👨👨👦 Are Converging Into The Blessed Land Of Biafra Like Scavenging Vultures Ahead Of Biafra Referendum Coming Up On 16Th February Sat 2019 To Create Confusion LINK"
4699,1,Neutral,"General buhari calls a conference in less that two because his genocidal tweet which was aimed at the igbos,was deleted,but people are being slaughtered every day like animals and he says not a single word,The system of government in Nigeria is corrupt to the very core"
4701,2,Hate,Fulani janjaweed backwardness is a curse.
4703,2,Hate,"Men are PLAYERS, Women are LIARS...."
4704,2,Hate,": Fulanis are kuku nomads before, they can trek from Kaduna to Abuja, imagine when u now give them private jet …"
4705,1,Neutral,This is how you treat punk ass nigas
4706,0,Not Hate,Goldie maY uR sOul reSt iN Peace. God bless u
4709,2,Hate,Na only God will punish this almajiri and janjaweed idiot. Have you asked your parents why the north is the poverty capital of Nigeria? Have you asked your parents why you people are backward in everything.
4710,2,Hate,"Arnt u supposed to b watching Football "": I don't knw why Yoruba girls can like to do ashawo???"""
4711,1,Neutral,"Nigeria, some of ur people are truly acting like as if is a criminal gang. Fish them out before the youths face you."
4712,0,Not Hate,Humans do what they want to themselves as a species These animals have nothing to gain from war
4715,1,Neutral,"Trust me you're the most stupid person in this administration, I will like to see what you will do after 2023 because will be dissolved. It has serve its purpose of bringing to power"
4716,1,Neutral,"Yet under him southern Kaduna people were murdered like cockroaches. See ehn, if that man ever becomes president Buhari will be a saint compared to him"
4717,2,Hate,why won't des northerners accept defeat in good faith? Just killing innocent people for nothing. Mshewww
4719,1,Neutral,Inside life... If you wanna judge your woman by her body counts you may never get married bro. The hole no dey close n prick no get shoulder
4720,0,Not Hate,Today is 30th of May. We remember in a special a the lost of our Biafra Heroes of over 5 million. We have not forgotten LINK
4721,0,Not Hate,Lmaooo Like people didn't wake up and killed their non-muslim spouses in previous religious crisis. Abeggi! Those that survived would tell the horrid tales better LINK
4722,1,Neutral,Shut up
4724,2,Hate,Are the Fulani herdsmen untouchable in this country? They are rampantly killing the unharmed and law abiding citizens of this country and nothing is being done about it. This is pure Evil 🤦🏼♀️
4725,1,Neutral,And the sultans and emirs and MURIC and the President and other nitwit northern leaders can't decipher that this is a terrorist activity. This is how terrorism breeds! Nigeria constitution is never against beer. But idiotic lawan and weed smoking Bello wouldn't see this now
4727,1,Neutral,"Lmao who is crying? Now listen to me ""the king of igbo land"" You are a big hypocrite if you think that a career that took years to build will end because of your stupid mentality then you're very far off. He has apologized. Move on🙂"
4729,2,Hate,"If a girl sleeps with 10guys, she’s labeled a slut, well I put it to you that if a guy does the same, he is Gay, def Gay."
4731,2,Hate,Their is no Nigeria and expired country is not fit to be called a country the igbos are the one selling their own pple to this cow brained pple all in the name of cheap coins. Pls have u heard anything concerning Gumi calling for the tyrant resignation?
4735,0,Not Hate,"You people still believe that the Igbos will self sabotage in this manner, destroy their businesses and make themselves easy pray for Buhari a genocidal war lord? They are setting the east up to kill Igbos If we keep quiet, it will reach everywhere LINK"
4736,1,Neutral,"Animal like you, why can't she go to mile 12 and face the hausa people over there. The Iragbiji dynasty will soon be over"
4737,2,Hate,: Let the world know that buhari and his hooligans FuLani soldiers are blood sucking demons. Igbos will rise! We are the rising…
4738,1,Neutral,": Chai, how can a human being do this to an old woman?? These guys are animals."
4739,2,Hate,"Another Hausa again Lets face it, they are the problem of nigeria! Imagine this one reasoning like a cow"
4740,1,Neutral,Probably a different north that I grow up and spent my whole life....... All those aboki drug peddlers in open market without Ncdc or nafdac arresting dem because they are northerners This Yusuf needs to be flogged walahi
4744,2,Hate,I totally agree : Yoruba girls are plain evil.
4745,0,Not Hate,""": Having an orgasm at least 3 times per week helps prevent heart disease."""
4746,2,Hate,"Apt, they will soon unveil another incompetent buffoon and sell em to equally brainless almajiris LINK"
4749,1,Neutral,"If dembele is our solution that xavi has, sadly xavi is just a useless coach LINK"
4754,0,Not Hate,why?
4756,2,Hate,if women are to be powerful dan men.dey will beat men to death.wicked pple
4758,0,Not Hate,Ameen inda gaske kike
4759,0,Not Hate,The problem with closed minded people is that their mouths are always open
4761,0,Not Hate,Jackass penguins have a jackass language not so different from English LINK LINK
4763,1,Neutral,The singles ladies we have are always frustrated and psychologically unfit .
4769,0,Not Hate,"Same people from same fan base wishing Nkechi death, won't ever remove themselves from Mercy's matter. Her cars, her house... What's your problem? They just hate on the rich for simply owning things."
4770,2,Hate,unity beggers if Igbos are criminals why are fulanis begging them to stay in your useless Nigeria.
4773,2,Hate,Am patiently waiting for the implementation of this their politically induced anti grazing law. By then we ll know who are the real pay masters of this soo called fulani headers terrorising south West. Any cow you see in my community for example are are owned by indigenes.
4774,0,Not Hate,"Ha ha ha ha ha! Please, educate on the distinction between ""Igbo and igboid"". Before you start, let it not escape your mind that EVERY CLAN in Igbo Nation is just igboid, as they are just dialectal variations of one another. On aggregation (or summation), they are all as Igbo."
4776,2,Hate,i really need to suck that boob.I beg hook with the bitch.I'm yoruba too.
4777,2,Hate,"Village ke!,Dm!we relate better,All these hoes aint loyal!."": lol na u na. Alright. When u going to the village?"""
4778,1,Neutral,Like I said ALWAYS a stupid Nigerian and u stay proving me right. Reply when u have better comebacks but until then stay out of women's business entirely.
4779,0,Not Hate,Fulani and flour🤧 LINK
4780,1,Neutral,". Most especially the females, capture photos of themselves smoking all day long. Egregiously irresponsible..."
4781,2,Hate,"You people are disgusting!! Tired of what? Who are they fighting? Why? So, human lives are now a joke to you people.... Abi kini palapala ti awon ara ibi n so na!!! You supposed northern elite are a disgrace. LINK"
4783,2,Hate,Mehn these fulani herdsmen just misbehaving around the Country and Buhari can't even say or do shit about it...Well Fuck Buhari
4784,2,Hate,These dirty shits(gay) are they the problems of Nigeria ? Why not address the problems and proffer solutions ? Many wahala affecting the Nation.
4785,1,Neutral,🤣🤣🤣 what the fuck!!!
4786,2,Hate,"Lmao. I'll put this here, and idgaf. They've succeeded with the north, but they can't get to the rest of us. First, they make education shit, the north is full of illiterates, now, they wanna use poverty. Mf want us to farm, and alleviate poverty 5k?? Dumbfucks!!"
4788,0,Not Hate,: How many retweets can we get for Hausa rap to get noticed? Shoutout to LINK
4790,0,Not Hate,Such beauty wow he's indeed the messiah of Nigeria 😂
4793,1,Neutral,Let's give them the benefits of the doubt. The morons are no longer in power
4795,2,Hate,"Lol "": Ugly hoes favorite line: ""I'm far from ugly..."" I be like naw hoe, you closer than you think! """
4796,1,Neutral,Fuck both you and the valverde together..with that cunt in the name of bartomeu😡😡😡 LINK
4798,2,Hate,"He loves her, he is just a bitch."
4800,1,Neutral,"Ah u don pass my power =)) "": Mumu, we're 2geda. Its Soko/bankaura/wawa/shashasha"": hausa girl pls wats idiot"""""
4802,0,Not Hate,"Onyeama said he was in the league of the Oba of Benin or Ooni of Ife, the Yoruba monarch. This set the stage for a looming showdown between the kings of the northeast Igbo (called the Wawa) and southwest Igbo (called the Ijekeebé). 4/11"
4803,2,Hate,A lot of southerners in the north are returning home for fear of dogs and baboons that will be soaked in blood as Buhari promised.
4804,0,Not Hate,pray 4me oo
4805,1,Neutral,You're a mumu man. What level of incompetence. A total disgrace to the south-south and watch this people would play you because whatever made you decamp you ain't getting it.
4806,1,Neutral,shared the following link and had this to say about it: The Dumbest Facebook Posts LINK Click to See the Photo
4807,2,Hate,🤣🤣🤣🤣🤣 And northerners with the two deadliest terrorist groups in Africa are being peace?😂😂 Northerners are the reason why Nigeria is in the embarrassing position of most terrorised country in Africa and 3rd in the world. Smh. Stupidity
4808,2,Hate,We 🖕 the hoe we chase the doe. Moneymustbemade. LINK
4809,1,Neutral,You will wonder what I mean because you are not a Muslim. But you will insist on issues relating to Islam like you want to define it. You have been a complete waste of time dear.
4813,1,Neutral,You are high! Speak for yourself.. No visa for you still. Mumu.
4814,2,Hate,"...and say no to tribalism. The North was powerful with the help of the middlebelt Christians during the civil war. These scumbag Hausa/fulanis shouldn't cause division among you, my fellow Southerners. These abokis are opportunists and they can never be better than you."
4815,0,Not Hate,"This virus is getting out of hand.. Someone cannot go to Filling Station and just be yourself again, you now sha have to be suspecting someone... This is bad in our country Nigeria."
4817,2,Hate,Such a directive is nothing short of judicial illiteracy and/or mediocrity at its peak. Attorney Malami's SAN is nothing but a fulani quota system plaque. What a disgrace on global scene
4818,1,Neutral,Forbes as been wrong on many article countless of time and if you don't know this youre just a retarded zombie that has zero knowledge about making proper research. You and Eromo Egbejule can choke on this. I gave you some list of ijebu billionaires who can't override in the east
4819,2,Hate,"The last time I trusted hoe she betrayed me,the last time I trusted a nigga he played me,so excuse my attitude,its how U modafuckers made me"
4820,2,Hate,"With all due respect, this is stupid and irresponsible. All Yorubas are idiots because not all of us support a certain candidate? Because we demand better collectively as a people? Because we call out a tyrant, a pillager for what he clearly is? LINK"
4821,1,Neutral,Ugly gurlz r endowed
4822,0,Not Hate,Go to jail or stay a day without eating ona Idoma people👇 LINK
4823,2,Hate,In other words just put Yoruba youths are cowards. This things are not about disrespect about about saving their future. But y’all are ok like that
4824,0,Not Hate,": Innocent people are being massacred in Southern Kaduna, over 60 people dead in Sokoto The government responsible for ke…"
4825,2,Hate,Egbon America cant be trusted . They have role in all the moves of . Even Their leader elzakzaky was detain with the knowledge of US . They intructed it . They are double standard masters . All colonialist are hypocrites
4826,0,Not Hate,"Jibrin"": your paddy wey resemble asians."""
4827,1,Neutral,Sabah and Lamis r stupid girls. Hate soaps. Damn!
4829,0,Not Hate,My sch fees and welfare 🙏🏽
4830,1,Neutral,She's a confused soul 😂
4831,0,Not Hate,"American and politics of minority: how far, Mr mosque going obama? Trump is not happy seeing u mobilizing Muslims ahead ooooooo?"
4832,0,Not Hate,: Death toll from yesterday's massacre in Southern Kaduna hutd 30 as many persons are still missing. The Nigerian media are st…
4835,2,Hate,You're the hopeless idiot here because you are gay doesn't give you right to come under my comment to say rubbish..useless he goat carry that ur nonsense dick near me I will just cut it off from you mugu ewu hausa.
4836,2,Hate,"That moment when the love of ur life cums to seek advice from u on hw to settle wiv his present gurl, Die bitch DIE!"
4838,0,Not Hate,"So at the check-in counter at the airport after waiting my turn on the queue this lady(a staff of the airline) jumps the queue and asked the attendant to quickly attend to her client. I said ""hello, I've been on the queue"" she replied ""he's biz class passenger"" I dont tire😩😫"
4839,0,Not Hate,: Saudi Confirms Nigeria’s Membership of Islamic Coalition LINK LINK
4841,0,Not Hate,"see,its nt about north or southern way of sexuality,its all about human nature,our wants are insatiable,dat makes us a breading slefish parasite,this is about humanity in all,we should just try to save ourselves cuz this world is already beond saving,may ALLAH c us thru🤲"
4843,2,Hate,"There's no exception to this..Hausa girls are arrogant,deceitful &amp; full of pride. Dealing with a chameleon requires dexterity &amp; wisdom LINK"
4845,0,Not Hate,It’s so funny how most guys will make awful comments about open gay men but will secretly dm other gay men to meet up for sex. It’s ironic. Every life or person deserves love from whoever they find love with.
4846,1,Neutral,Ya so daft....
4847,0,Not Hate,"Happy New Year beautiful people. May 2019 bring you joy. May the doors of greatness be open to you. Wishing you good fortune, good health and blessings for the new year. 2019 will be good… LINK"
4848,0,Not Hate,"Ayama!!! : Warris dis bikonu ?!, Yoruba Girls can like to de fall person hand sha !!! LINK"
4849,2,Hate,It’s always them ugly hoes Lmaoo LINK
4850,1,Neutral,Uncle did I tell you am gay or attracted to women Please o I love dick okurrr Oloshi
4851,0,Not Hate,If Chelsea doesn't face Lille or Benfica I'll know this UEFA draw is Just corrupt cos......
4855,1,Neutral,Yeye people.
4857,2,Hate,And they made us believe Africans are barbaric..... These Asians are on a whole different level.... They are the true barbarians.
4859,1,Neutral,"FFK abuses Sayyadina Abubakar(AS), Danfodio, Sardauna, Inuwa Wada and many Muslims...because of his uselessness now referring a Hausa / Fulani as friend"
4861,1,Neutral,You f**cking bastard
4862,0,Not Hate,"I swear too, Katagumite are shyful both male and female of them."
4863,2,Hate,"I don't see it like that, I see it as the Southern side dragging the Northern side back to common sense. The political ideology of the North is plain stupid and demonic."
4864,1,Neutral,Shy woman are lowkey the biggest freaks nd savages 😉😉😉.
4865,1,Neutral,Lol 😂🤣 wicked people bum short bawo..
4866,0,Not Hate,Niggas are gay
4867,2,Hate,"Is it actually cbn or , when the Fulani muslim wants to commit an atrocity in the zoological republic of nizooria they find an Igbo scapegoat 🐐, an efulefu who doesn’t know himself to be used as a monkey’s 🐒 🐾 that will be seen as the culprit. We know ur gimmicks."
4869,0,Not Hate,Jorginho won with country and club yet they say he doesn’t deserve to win the ballon d’or.
4870,0,Not Hate,IMO RECORDZ PRESENTS EllyMan- O' AFRICA A banger |&gt;Download Now.. LINK
4871,1,Neutral,Lazy ass
4872,1,Neutral,You are a liar. All your effort to play the pro-chirstian card is just for 2023. You have lost it. Your hypocrisy is beyond imagination. You can fool your type not sensible Nigerians. When did FFK become the voice of the yorubas and christianity. Cover your face in shame.
4874,2,Hate,"The Europeans Are the most Vile Nation to ever work Africa. Enslaved and Killed millions, but you don't want to hear that, it's Arabs own you are more interested in. Double standard"
4875,0,Not Hate,Invariably Nigerians are intolerant 😢😢.
4876,0,Not Hate,: BREAKING ANOTHER SUSPECTED HERDSMEN THAT ATTACKED SOLUDO ARRESTED IN ANAMBRA... The suspects are: 1. Mbah Victor 2. John…
4877,0,Not Hate,"Anyone walking along a dark road heaves a sign of relief when light shines. But whoever has something to hid or planning evil shy away from light. is light to the Yorubas. Anyone disputing this basic truth about ""Yariba"" must be hidding something!"
4878,1,Neutral,You guys can still proceed to high court of heaven. Bad losers. Lol
4879,0,Not Hate,rodger should not be blame for there poor form this season...Liverpool owner should blame there players for dat.
4880,0,Not Hate,Niggaz ain't shit... 3D movie tinz... LMAO+
4881,2,Hate,": "": *Deep sigh* : Blasphemy ! : All Unilag girls are hoes"" ur sis hoe!"
4882,1,Neutral,"Para Mood"": Erm.. ?"": stupid insecure dead niggas using twitter to suck up to babes they dont know n wouldn'"
4883,0,Not Hate,"Lmao, jes passing o..no vex: Wats ur own? "": Sounds gay sha“: Yea pa! Mopol is vewi fine sha. She"
4885,2,Hate,Bloody yoruba demon 😂
4886,2,Hate,🤣🤣 wicked Ghanaian here already. We can't follow your path o.
4887,1,Neutral,Nigerian transgender Noni Salma Flaunts her bum in new photos LINK
4888,2,Hate,"Rano do u really have time to talk about Atiku Ur paid master? Why Christian are always sell out , selfish, and greedy...I have never in all my life see where Fulani man belittle their own . If u see any criticism from northern Muslim against Fulani man it an Hausa man .find out"
4889,1,Neutral,"Short people just wicked, na innate shii. LINK"
4892,2,Hate,I can't trust a Fulani man to restructure Nigeria. Ask El Rufia.
4893,1,Neutral,"As a Christian I pray that God have mercy on your soul. But as a Nigerian youth, na Ogun go kee u dia, u no go die beta bastard. That money they paid u will put in a difficult situation."
4896,0,Not Hate,"dayo,timi. N femi are just 3 yoruba names i like"
4898,0,Not Hate,dodo
4899,0,Not Hate,": ""I know this picture won't get plenty likes and RTs because this woman isn't half naked. We tend to focus on girls postin…"
4900,0,Not Hate,: Why are people afraid to mention the groups and people responsible for food inflation? Fulani herdsmen grazing on farms and ki…
4903,1,Neutral,"😂😂... Then (s)he goes ""... this is hard for me to say, but I'm gonna say it anyway..."" shut up, wicked one."
4904,2,Hate,"should withdraw those insults on and apologize, buhari isn't your enemy and problem, but those fool's, betrayals and charlatans in the south west you helped to become persons in life, reason I hardly trust the Yoruba's,many dey here too LINK"
4905,2,Hate,"Is a pity that Nigerians have decided to entrench a gov't with no vission, gov't of destruction of lives &amp; properties, gov't of ineptitude &amp; clueless, gov't that has voracious appetite for borrowing for onward stealing. Complete careless &amp; callous leleadership jihadists."
4906,1,Neutral,The point is she is a first lady. She should be sensitive to the plight of her fellow women. So shut the fuck up
4908,1,Neutral,: The most useless President is Emmanual Macron of France. Islam is a word with origin from Salam i.e .So its the…
4910,1,Neutral,wot strategy? With outdated firearms?d army mostly being headed by Northerners what kind of ammunition did they procure?
4912,2,Hate,": Most Muslims are scared of what Non Muslims think about us, thats cuz most of you are little bitches."
4913,0,Not Hate,: NO GOAL! Christian Pulisic thought he had levelled things up but VAR shows a clear offside. Still Chelsea 0-1 Arsenal. #…
4914,0,Not Hate,Dr. Strange Multiverse is pretty boring
4915,0,Not Hate,wot woman would even want to marry u wen u can't speak simple english? SMH @ some guys!!
4916,2,Hate,"The guy is a bastard compromised sell out he only thinks in a way that favours those leaders oppressing us , imaging a young person like him still claim DJ switch video is fake just to satisfy his thief old Fulani demigods, he's a slave and he must be rejected"
4919,2,Hate,Women are more than just scums but worse
4920,1,Neutral,"Wedding plans Asoebi colour Yoruba people: Cockroach brown,sunny yellow, onion purple,royal blue,dove white,tomato red, skyblue,teal green, Gonbordi wine, Their own colours av names lol"
4921,0,Not Hate,Fallacy!
4922,0,Not Hate,: Those attempting to drive a wedge between the Igbo &amp; Yoruba by suggesting that it is the Igbos that are burning propeties &amp; ki…
4923,2,Hate,"It’s biafran women and fathers praying for you and supporting you, not Nigeria animals zoo, Nigeria want you to fall so that they can carry out they evil plan against Christians, Islamic terrorist government, Don’t love you"
4925,1,Neutral,Dey mumu ur self dan gidan weed
4927,2,Hate,"The hatred for Buhari made the wailers to eat their vomit. Shebi fulani people are evil, why are they now in support of the man, is it becos of dollars or Kai ne babban wawa"
4928,1,Neutral,"It's the sub-educated but less informed blacks who are crucifying Russia in their weak minds i pity, we all know it's different strokes for different folks. People who racially abuse humans were shouting animal rights of a cat becos a black man was involved. Bunch of hypocrites"
4929,2,Hate,: If you are a black Christian or a black Muslim in this 21 century with full of information you're a big moron. You can g…
4930,2,Hate,"You get coconut head aswear.😂 You have bandits, Boko Haram and killer herdsmen terrorising your region but you want to cause disunity over here. LINK"
4931,2,Hate,Sunnis Muslim are peaceful. Shittes are terror group from Iran. To dominate Muslim world is not by force.
4934,1,Neutral,fuck fuck fuck fuck!!!!! team
4936,2,Hate,"Mohammed nd his fellow fulanis will never think right, they are the most backward set of pple in d world. No wonder they're always taking Nigeria backwards with their cow mentality"
4938,2,Hate,I don’t support judge justice but there’s nothing you’re preaching a Fulani man for him to avoid killing! Lots of this Fulani hoodlums are not going for that attack for the but for the joy they derive in killing and destroying things. I’ve stayed in the north. 😬
4939,1,Neutral,content is clueless
4941,1,Neutral,See ethnic bigot. His hatred for Northerners cannot be hidden. He has grown to hate the North that he cannot even mention Kaduna in its entirely but chooses to mention only the Southern part. Olodo! Oloshi! Buruku! Wawa! Kazami! LINK
4942,1,Neutral,"You guys have not done anything on okota road it's still very bad, ejigbo road too is still very bad nothing on itoikin road in ikd, sha sha/ akowonjo rd is not even on the list and it's very bad..you guys are just bunch of lairs"
4944,2,Hate,"Hausa /fulani cows,and Yoruba sophisticated moron and Fulani slaves from the Zoo.we never forget na to Insults. You all guilible minds with IGBO names."
4945,0,Not Hate,: Join Us Live On Radio Biafra SA Nigerian govt Where is Biafra leader ? Where are all Biafra freedom fight…
4946,2,Hate,Hoeing wey don start abi which year you dey talk 😂😂😂
4947,0,Not Hate,And the President finally speaks in Hausa! Are you also trying to 'Hausalise' Nigeria?
4948,1,Neutral,Oga go to hell and rot... The only bastards that will agree Igbos aren't marginalised are the idiots working for that fool Buhari and then maluus like u and ya papa... Come to the east and repeat that trash make God punish ya mama.
4949,1,Neutral,Sorry...I couldn't hear you over all the f*ck I don't give.
4950,1,Neutral,Fear girls wey de sell clothes and shoes online dem de fuvk shege 🥴😮💨
4951,0,Not Hate,da gaske kike?
4952,1,Neutral,"Small Ass Gurls Be Like LMAO, Fool You Should Be Seeing A Vulcanizer"""
4953,1,Neutral,Aturu hausa. I thought you said you are Judaism? What's your business with Christians? Bishop Kukah is nothing but a hypocrite! An agent of destructions. Onye nzuzu echiri bishop. May he die shamefully! Just like your useless parents....
4954,2,Hate,"We are not surprised at what this aboki woman will open her mouth to say, even ladies in the north are blood sucking demons, you people should enjoy your bandit killings nonsense LINK"
4955,0,Not Hate,na so bro let rock baddest 2igbo boys
4957,1,Neutral,Femi Adeshina liar
4958,0,Not Hate,"Amaka Igwe’s forever, rattle snake,Nneka the pretty serpent,Violated,glamour girls,etc"
4959,1,Neutral,A serial winner told you coming with these clowns called players was his biggest achievement as a coach u all vilified him wen by now if the board gave him full support United for dey challenge for title already or don win am sef… mtcheeewww yeye
4961,2,Hate,"""Alcohol over bitches : Bitches nd Alcohol!!!"""
4962,2,Hate,"Fulani and begging be like rice and beans, shameless lots. Please don't give, they are only looking for money to loot. No amount spent on NTA would make it world class."
4963,2,Hate,"All these sadists, bigots and uncultured rainbow 🌈 anaconda who hide under the disguise of feminism should just get out of my mention fr!"
4964,0,Not Hate,": Southern Nigeria, keep shouting one nation. Very soon your eyes will be more clearer. LINK"
4966,1,Neutral,Person wey create this list dey craze goon .. rubbish
4967,0,Not Hate,"9 Fulani herdsmen gang-rape 15-yr-old girl, 2 housewives LINK"
4968,1,Neutral,"You are a man and you are telling me you are my girlfriend's bestie, male bestie. It is like you want grizzly bears to devour you in the woods. You want to be driven into the wilderness abi? Animal!!!!"
4970,2,Hate,"North that av ruled Nigerian for ow may years now, wat av we achieved as a country apart from massive looting from our politicians?? U claim Igbos are the problem of Nigeria but the North has the highest number of illiterates, almajiris, terrorists, and poor households"
4972,1,Neutral,I used to think the whites are the most beautiful creatures ever.......but pheew! Bunch of hypocrites
4973,2,Hate,nothing concern lord lugard here... he literally said we can dissolve the marriage if it doesnt work after 100 yrs. these northerners are just plain stoooopeed
4974,1,Neutral,"He don't..he just talks too much plus he going to be in dubai the whole Ramadan, he needs to say that shit so he doesn't look like a dumb fuck that he is around Muslims.."
4975,2,Hate,Nobody needs to tell you the origin of banditry and bokoharam wen you see hungry looking vicious almajiri scavenging for left over anything anything....
4977,0,Not Hate,Thank you for saying this! Thank you! I've been wondering what can be done differently. Roundtable discussions? Idea Harvesting? What?
4978,0,Not Hate,"RIP to them Wait wait, they shouldn't even rest in peace. Dem go worry sorry Dem go die a second death😂"
4980,0,Not Hate,😂😂😂😂 o sure ju
4981,0,Not Hate,Hausa
4983,1,Neutral,"Shut up!"": If dis atm does not gimme back my 20k Am storming dis stupid bank tomorrow"""
4984,1,Neutral,I hate loud gals...
4985,2,Hate,Include hoe mf 😂😂
4988,0,Not Hate,Simon Lalong emerges as Chairman of Northern Governors Forum – Daily Trust LINK
4989,2,Hate,"Why in d world r u donating equipment 2 these illiterate terrorists who murder innocent, unarmed civilians? Don’t u think d schools deprived of basic facilities wld make better use of this? Check in a year’s time &amp; I bet u all d equipment wld have disappeared! 🤡"
4990,2,Hate,"What is this? "": Most Hoes has got a serious relationship...yet they stay bitching"""
4991,0,Not Hate,"Its what they do nii, i mean discuss their sexual experiences with their friends thats why they fear the girl might do same. Niggas be projecting 😂imagine not enjoying sex bcos you are scared of how ur friends would react when u tell them abt it🤣its a pity!"
4992,0,Not Hate,Are you ready?? LINK
4995,1,Neutral,".de botom line is, broke ass niggers wud dive de offer but rich fellas wud reconsider.as 4 me,I wanna do ham die"
4998,1,Neutral,So far it favour em girls... They Wil find any excuse to justify how it woman that give birth stories.... Em feminist r self centered being!
4999,0,Not Hate,"is the owner of the song and lyrics so if he spells his Banger as ""BAGER"" he his not wrong I don't understand why you guys usually hate on abeg make una no pressure the guy and don't let them make u think you don't have real fans out there 😉"
5001,2,Hate,Kai ebe ka aturu si puta Ebe aa.gerrrahere Hausa fulani
5002,0,Not Hate,Yes and we can deliver to you anywhere in Nigeria.
5003,1,Neutral,"not truthful in their recent tweet about the Southern Kaduna killings, if it was revenge killings, why then are women and children the most affected victims? So criminal gangs now own AK47 rifles in these villages? LINK"
5004,1,Neutral,Ask an igbo man the meaning of Aturu. Aturu i read that slow and can't to the conclusion that the girl in person is too bitter to drag her father outside just for the irresponsibility of her partner or child son. You are just another dumbolina to try to defend such character....
5005,2,Hate,The real yoruba demons
5009,1,Neutral,"What will stop the idiot that slapped mama from dying young now ???? Like its better they start digging the idiot grave o , she or he has dome the unthinkable"
5010,1,Neutral,"BTC: Of course I fucked up, who never fuck up, hands in the air? LUNA: No hands o, all of us fucked up"
5012,1,Neutral,"Lol, I'm not gonna stoop this low with your dumb arse... Stick to singing.. wannabe"
5013,0,Not Hate,We throw em banana now 666 ni66as watching em acting like a monkeys.. LINK
5014,0,Not Hate,You just need the right amount LINK
5015,1,Neutral,It's even difficult to watch a decent movie appreciating masculinity nowadays. Everything has been switched to feminist agenda. I deleted Marvel End game immediately I watched it. Nonsense
5017,0,Not Hate,"It is now that all the are from one tribe that we should not srart a tribal War. We the northerner's what can we say about all the abuses and insults that we receive every day on twitter from them. Fulani herdsmen, Hausa terrorists, bla bla ...."
5021,2,Hate,This is a subtle retaliation for the killer herdsmen being dislodged gradually across Southern Nigeria. They know majority of the Crypto traders are Southerners. Their Malu Malu brains cannot think of anything else than Cows..
5022,1,Neutral,You’re evil 😭
5023,2,Hate,"Like What The Fuck Will I Do To Get These Ethiopian Bitches Off My Back..They Be Like,You Cute,I Like You Nd I Don't Like Bitches."
5025,0,Not Hate,"Insanity in ""saner"" climes. This, and children who can't even determine their bedtimes, but can decide to change their genders. LINK"
5026,0,Not Hate,You are a case aswear! 🤣🤣🤣🤣🤣🤣
5027,1,Neutral,Keep wasting your time talking to Enugu people on the need to get involved in Nigeria dirty politics game. Enugu is for Biafra and Biafra has said no elections in igbo land until a date for referendum is given.
5028,0,Not Hate,DRIP!!!DRIP!!!DRIP!!! LINK
5030,1,Neutral,: STOP LIKING OR RETWEETING LGBT MATTER!!!! UNA DEY LOOSE FOCUS! COCONUT HEAD PIPU🙄🙄🙄🤬🤬🤬 …
5031,0,Not Hate,😂 we're splashing money on signings you lots can only dream of. Save the banter for yourselves because y'all know London is blue💙
5033,2,Hate,Dont mind those ipob miscreants. They have ran out of fulani janjaweed narratives. It's now DSS. Ipob is now the nest every criminals in SE is feathering upon. They can deny all they wants. But the people knows the real terrorist in SE which is Ipob. See the waste of lives?
5034,0,Not Hate,: I respect Sheikh Abubakar Gumi. But I disagree with his call for General to grant amnesty to herdsmen and bandits.…
5037,1,Neutral,"Give us biafra or declear another war men are ready,to hell u zoo nigeria contry"
5038,2,Hate,No baby! Hoe in peace 😂
5039,2,Hate,How come other northern Muslim don't reaosn like this? Lemme correct a notion. I'm not ANTI-islam. Majority of my folks are Muslim. I used to be one too and I learnt so much good stuffs. My vexation is towards the northern extremist and terrorist Sympathizers. The idiots! Thanks LINK
5040,1,Neutral,You will like it 🤨😏. Because you’re a joker.
5042,0,Not Hate,: This is very very wrong!!! Until there is an Islamic Republic of Northern Nigeria we must all maintain fidelity to the Nigeria…
5044,1,Neutral,"Say it again,hahahaha"": Ladies If your pussy stank, you ain't getting into heaven.."""
5045,2,Hate,We have a long way to go in the Northern part of Nigeria because most Muslims &amp; Christians were Religiously bigots and intolerant!
5046,1,Neutral,"Dem go jail u ooo"": No No No No..... not bRIDE......fools!"""
5047,2,Hate,"One aspect of the wickedness of these Fulani herdsmen terrorist Nigeria media are not talking about is how they abuse and rape their victims, threatening them not to talk about it or they come back and kidnap them again. these Fulani herdsmen terrorist are worse than demons"
5048,2,Hate,"Saudi Arabia is busy bombing Yamen, Bangladesh is turning the Uighur Muslims back to the Slaughter house in Burma, Muslims are the Greatest Enemies of Muslims today. Wait and see how Muslims will attack me without refuting this."
5050,1,Neutral,Yoruba demon. 👌
5051,2,Hate,Some dudes tell girls sweet stuff just 2 get them laid dts just stupid cut the pretence look for hoes
5052,2,Hate,: Nah these girls are worse than Boko Haram. Terrorists 😭
5053,1,Neutral,Thunder were go fire you deh Mad..
5054,0,Not Hate,"I dont knw hw gullible dis people think we are,video been going around showing d protesters were being attacked by d military, but u still com up here 2 deny it, Wow! Dis country is a mess.u can continue shooting at us,but u can't take the Internet away 4rm us cos dts our weapon"
5055,2,Hate,"Happening now in Ebony state, Fulani killer herdsmen killing innocent Igbo youths, this is why they want to shut us up, ban twitter in other to carry on their evil plan. LINK"
5056,0,Not Hate,That is the problem with some of us de igbo we see our things or culture as outdated just bcos he stays in ordinary Lagos we r now primitive
5057,2,Hate,"Stup!d animals, a country that cant compete with Lagos only, coming to tweeter to talk rubbish...see them all running from thier country LINK"
5058,1,Neutral,Foool....go back and read what he wrote again
5059,2,Hate,Yes.. I am so happy he tweeted this. This might be a new beginning for all African tribe trapped in the fraud Nigeria. Fulani are the problem.
5061,2,Hate,We are accommodating too much rubbish from these illiterate Fulani's. They r taking d south seriously for granted
5062,0,Not Hate,: Exact from the just concluded Exclusive Valentine special for singles and married ladies. - A woman is not an after t…
5063,0,Not Hate,"Sir Ahmadu Bello was a great grand-son of Shehu Uthman dan Fodio, the great Fulani jihadist. He got his Islamic and Arabic education as a teenager from Mallam Garba who was the Imam of Rabbah village and finished at the age of 16 top of his class. LINK"
5064,2,Hate,A boyfriend and girlfriend suppose to laugh at these hoes together. A guy should never have these hoes laughing at his girl
5067,1,Neutral,"Nonsense,with all incompetent of urs show us the effects of the appointees, rubbish,u better keep ur mouth mum if I don't know what to say."
5070,1,Neutral,Female student barks like a dog after spiritual cleansing by a Muslim cleric - LINK
5071,2,Hate,How they gon make their sales? They need customers reviews at least them hoes!!!
5075,2,Hate,"Ladies,its not every time we ask u to visit, we want sex.We just want our neighbors to see us wit a lady to confirm,we re not GAY LINK"
5076,1,Neutral,Who’s this FUCKING Eric baily Idiot
5077,0,Not Hate,With that attitude he won't even make it to top 10 in BBA loyalty pays in BBA ist country vs countries
5078,1,Neutral,What i asked for versus what i got😩😩what kind of fuckery is this?i paid good money for this shit😩 LINK
5079,0,Not Hate,"Yoruba, Igbo, South South and Middle Belt over to you. Nepotism must end this weekend. Vote Atiku-Obi for a well informed govt."
5082,1,Neutral,": My mother, who is a devout Christian, just talked shit about “mother nature” for ruining the holiday weekend. I turned to…"
5083,0,Not Hate,I hope he starts speaking up about the ongoing genocide in The south east. You're an Igbo man
5085,1,Neutral,"Still shut your hole. And no, I am not in an abusive r/ship. Just tired of this victim shaming. It doesn't fall on womenwho have been abused to make men good. Men should talk to their fellow men to be good. So shut your hole! Goat!"
5086,0,Not Hate,congrats Girl... Please Date Melvin Ʊ guys wud b good 2geda
5087,1,Neutral,This world is nothing but a beautiful lie
5088,1,Neutral,Bloody bastard go and do it yourself useless old fool who’s only job is to brain wash people then going into hiding if you are really fighting a good course then stop hiding come out plain. Giving Islam a bad image but you won’t succeed unless idiots
5090,0,Not Hate,Exactly my thoughts. Here in Nigeria fulani herdsmen are killing people like animals and nothing has been done. How do you expect them to treat us in another man's land? Our lives are not valued . To our government we are just toys.
5091,2,Hate,Arrest killer herdsmen and bandits that u are harbouring and protecting.
5093,0,Not Hate,""" : : People who are different are beautiful. Those who follow society are boring."
5094,2,Hate,Is this how Fulani will be doing anyhow on our fathers land. How will they bring thier cow to the road. Abi olohun Fe batiwon je ni
5095,1,Neutral,taylor is never worried as he is always up to something.african crazy leaders
5097,0,Not Hate,No islamic sec endorse Buhari for the 2015 election but still PDP call him fanatic
5098,2,Hate,"Ok, but most Igbo people I've traded with are extremely dubious. Almost all. 9 out of 10 Igbos are EXTREMELY dubious. 9 out of 10 Hausas are hypocrites. 9 out of 10 Yorubas can't be trusted with secrets. Our mouth leaks like tap water."
5099,0,Not Hate,"Former Aide to Ex-President Goodluck Jonathan slams Attorney General of the Federation, Abubakar Malami on his comments about Southern Governors' decision. ""If Northern States Can Ban Beer &amp; Pig Farming, Southern States Can Ban Open Grazing"" LINK"
5100,0,Not Hate,nice
5101,2,Hate,Dont be deceive it's a big business for fulani terrorists jarjanweed leaders it's 100% factual period
5103,2,Hate,girl chop your money nd u no even knack one round
5104,0,Not Hate,Dis niqqa nids to work hard tho....marriage no be by mouth!!! Hehehe...
5106,1,Neutral,You dey craze omo😂😂😂😔
5107,0,Not Hate,Well said!
5111,1,Neutral,Lmao!!! Yoruba demons!!! LINK
5112,0,Not Hate,We love that musk. Besides weirdos are the best girls to have 🤪
5114,1,Neutral,That tells you the % of Elrufai goons that forms Twitter in Nigeria.
5116,2,Hate,Look at fulani herdsmen terrorist talking
5119,1,Neutral,Mugu! When muslims empower theri mosque so as to bring people or convert them to worship their God. Why you as a Christian will not empower the Message to CD so it can reach people. Abi no be money them go use burn the CD. 😓
5120,0,Not Hate,See hateful things an Islamic scholar said about Muslims on Christians/Christmas LINK
5121,0,Not Hate,I guess OBJ and GEJ are Fulani since they didn’t restructure Nigeria
5123,0,Not Hate,GUYS WE ARE DOING WELL. DOUBLE YOUR EFFORTS AND WE WILL BE WHERE WE ARE MEANT TO BE . JENNYS GLOW WITH OZONE GLOW LIKE OZONE OZO WITH PENTWOOD NENGI AND PAYPORTE 1403LUXURY AND OZO LUCIOUS HAIR AND NENGI All 6 now trending. Let's keep pushing. LINK
5124,2,Hate,"Whiteman brought us the Bible, now he is too civilized for it with 'gay rights'. Rather be primitive than decadent."
5125,0,Not Hate,Asun is a female vulture
5126,2,Hate,"No body should believe this ashawo woman, she's a liar and a political brustitute"
5127,1,Neutral,😂😂😂.awon ode
5128,1,Neutral,Ibogun boy should say something lol Horny bastards 😅 LINK
5129,1,Neutral,Which tears mumu....h lik say Una no dey listen to news.....no b d mumu Peter obi don dey meeting with Atiku and kwankaso so
5130,1,Neutral,The only way you losers know how to get at a woman is to call her a Ho. Eyaaaa try something else. How can a full grown man sit and watch TV all day? Isn't that worrisome? I won't dignify a jobless lazy weak man again with a response again. Bye failure
5131,2,Hate,Boko Haram was paid millions of dollars in ransom payments.We can see the results of that payment. The Fulanis are the 4th deadly terrorist group in the world. They move about with AK47 in broad daylight. You now want to empower them with 100B naira. Nigeria is a sick country.
5133,0,Not Hate,Their matter tire me for this Jack app o.
5134,1,Neutral,Are these ones beggars? They are kuku enjoying more than those working self. Shameless people coming out to protest over low patronage. D same people that give kidnappers/herdsmen info abt people/areas/escape routes &amp; even attack. Ebi ni pa monamona...🤨😏
5135,0,Not Hate,"The Owo massacre ruined your chance in SW, fulani agenda."
5136,0,Not Hate,"Are you announcing Ede state or Osun state Lol... Grow up lad. Post Ejigbo, Iragbiji, Ife, Oshogbo, gbongan results... Then you will know is over for PDP long ago"
5137,1,Neutral,You APC are so shameless.. your talking of Edo and People are being slaughtered in Southern Kaduna and you didn't post the disturbing pics.. shame shame shame
5138,2,Hate,"🤣🤣🤣🤣🤣🤣🤣🤣..... Why you delete the post.. Werey, u Don turn gay... star girl"
5139,2,Hate,"LINK BIAFRA: Biafrans shot dead and thrown inside river, islamic army of Nigeria call them Biafra baboons"
5141,0,Not Hate,"“Northerners Are Not Parasites, We Discovered Oil” – NCM LINK"
5142,2,Hate,: He's my bestie. Women are scum LINK
5144,1,Neutral,You guys are weirdos
5145,1,Neutral,"My problem with this dumb comment is ""immigrant woman of colour"" as if because she is an immigrant, a woman, and of colour makes her a lesser human being. Alaye, apart from your ""almighty"" America, anywhere else you go, you are considered an immigrant mumu of colour. Onye nzuzu"
5146,0,Not Hate,": Hausas,Igbos and Yorubas irredentists should live in peace with each other.The protests should NOT be manipulated…"
5147,2,Hate,You dry mind that stupid bitch Mannerless girl
5148,1,Neutral,That makes him a fool then
5150,0,Not Hate,Le Goons no good ooo but Artetat is a BIG BIG BIG cause of the problems and failures this season.
5151,1,Neutral,Ki fada da Hausa year uwa. Allah tsine musu. This is disgusting.
5154,0,Not Hate,A pidgin consists of a mother language and dependent in which the mother language dominates the lower language but it doesn't mean the lesser language is always. Atleast not always. Here the mother language English which dominates or mixes with our one of local languages
5155,0,Not Hate,lol
5156,1,Neutral,"So you had to bring this poor girl's issue up for clout. Eleriibu. Case that was settled, rapist is cooling off in prison, which foolish protest are you looking for again. You just had to showcase your stupidity this early morning. Ewu."
5158,1,Neutral,But Buhari was? Please hide your head in shame abeg. This is not the time to be proud of a decision that has set the country back to military era and we aren't sure of recovering from. LINK
5160,2,Hate,"Wat d bitches wnt frm ma nigga,wen we met at d ice cream park."
5161,0,Not Hate,Oh my goodness!! God have mercy on this perverse generation
5162,0,Not Hate,Yoruba
5163,0,Not Hate,"Lazy gal"": Don't xpect a woman 2 du every single work in d house!"""
5164,1,Neutral,Agbaya. Ode. Are you happy now. Mumu
5165,1,Neutral,"What are they going there to do? To learn how to rape and how to loot, in addition - How to force Christians to convert to Islam. Wasting the oil monies from Biafraland. This news/headline is as useless and dead vulture!"
5167,1,Neutral,Ogun kill them der!!!!! LINK
5168,2,Hate,Some northerns are too blind to see and act so foolishly... beauty with no brains 😩😩😩
5169,0,Not Hate,No one can tell whether they are rich or poor by turning to their ledger. It is the heart that makes a person... LINK
5170,0,Not Hate,: All thoughts and prayers with Christian Eriksen 🙏 LINK
5171,1,Neutral,Too much mumu mumu can cause divorce ohhh
5173,1,Neutral,"Mumu Garba 2020 Mumu Awards Winner🏺 PhD National Disgrace CEO Empty Brain Limited You're doing well Oya sue CNN, in fact the lady that did voice cover for that video must pay €1billion Dollar. CNN must apologize for meedling in Naija affairs Nothing but shame to ur people!"
5175,1,Neutral,Whether his mother sold groundnuts or not he passed your so called fucking rag. Who married scarlet women and hatch a rotten eggs in our societies.
5177,0,Not Hate,"Because he wasn't proactive, people should do periodic reviews of their structures, if they had done that, then the bridge wouldn't have collapsed!"
5179,0,Not Hate,Talk to me directly 🥺🥺
5181,0,Not Hate,"ENGLISH: Arsene Wenger YORUBA: Harsene Winger IGBO: Arsenal Wenger HAUSA: Arsin Finger"""
5182,0,Not Hate,"Tbh, generalising is condescending, be sensible enough to know that people differ... Not all men are scum. Not all women are sluts. Not all Igbos love money or rituals. Not all Yorubas are sly or dirty. Not all Hausas are killers or almajiris. People differ, get to know them 1st."
5183,1,Neutral,You are not relevant to the people of southern kaduna.
5184,2,Hate,"When will beg northerners to provide information for Bandits, ISWAP and Boko Haram? Hypocrite in sheep clothing."
5185,0,Not Hate,is the only answer and solution. Believe it or not. You can as well go and hug a TRANSFORMER!
5186,2,Hate,"I would rather have dog licks mouth than having people like you around me. Very horrible, venomous and wicked fellas. is real."
5187,2,Hate,IMO lauds Nigeria’s leadership in fighting piracy LINK via Trump Supreme Court Maguire Faith Moses Biafra Ethiopia Romanian Berger Christian Idiots LINK
5189,2,Hate,"is clearly giving his brothers, the murderous Fulani herdsmen more time to unleash terror on Nigerians."
5190,0,Not Hate,: Delete Netflix app on your system..unfollow them if you are a true Christian..The movie 'gay jesus' is an insult to chr…
5191,0,Not Hate,: Muslim clerics across Nigeria need to do a lot of clarification on the true teachings &amp; practice of Islam in their Friday &amp; ev…
5192,1,Neutral,"Lmao,vain bitch"": someone who'll never find someone like you. Cc """
5193,2,Hate,"No fulani is killing anybody in benue, look to the tiv if you're looking for the culprits"
5194,1,Neutral,What stupid elders? Those ones that won’t let the youth become the leaders of tomorrow like they trick us into believing? Elders who want to take power to their graves? Elders that have refused to receive wisdom that comes with old age? Elders who have refused to lead by example?
5196,0,Not Hate,": :'( "": Bance is a Hybrid between a Female Ostrich and a male Vulture.. """
5197,1,Neutral,...1)I aint gay....2)don't like putting my own pics as avis.....u savvy...(Dumbfuck)
5198,2,Hate,"Let's assume if it's Northerners that commit such shitty fraud Newsline will be like ""80 Hausa boys nabbed for Internet fraud in the US"", or ""Northern Nigerian Internet fraudsters nabbed in the US"" but the Hypocrisy level in Nigeria is damn too high..."
5200,0,Not Hate,We really proud of him ... and had opportunities to meet him so many times here in Lagos Nigeria. He is an inspiration to all of us 🙏🙏
5201,0,Not Hate,Elrufaiiiii needs to be in this meeting People are dying in kaduna south Innocent children and women!!!!
5202,2,Hate,I hope he is as popular in the land of Fulani Slaves and Cows……God ordained ko Satan crowned ni….. even Obi knows the ticket belongs to Atiku 🤣🤣🤣🤣
5203,2,Hate,"Is a supporter of this evil govt. Someone that can trade his mama for money😂😂😂😂 Herdsmen have been killing, raping and kidnapping people but they all kept quiet. Now people want to protect themselves, the idiot is talking. Omo Ale Yoruba ni o."
5204,2,Hate,Dis hoes ain loyal.
5205,1,Neutral,Those conjilized bastards😠😠
5206,2,Hate,"2ndly, a Niger Deltan is person that owns a backery and dirty janjaweed (danfodios) from desert, took his backry from him and give him one loaf of bread and called him Niger Deltan one Nigeria and mini is happy."
5208,0,Not Hate,I mean I'm Christian when I break a plate I don't shout Jesus I just say shit or goddammit but if I'm about to lose something life-changing like my job or my life perhaps I say Oh God or Jesus repeatedly because I believe in his ability to turn that situation around for good
5209,2,Hate,"Muslims storm nudist pool, spat at women and call them sluts LINK via"
5210,2,Hate,"Nigeria has destroyed it's citizens through Fulani herdsmen and Boko Haram terrorists. All they do is importing weapons of all kind to them to continue killing innocent Biafrans. They are in Nigeria army, navy, air force and police. They all are innocent Killers"
5211,1,Neutral,So blood for blood and fire for fire . I don’t think Nigeria government want anything peaceful!! We all need ammunition to fight for our right!
5212,2,Hate,Lol...cos it would sound hoe like...but some men b proud fucking hoe’s 🤣🤣de sound it like an alarm 🚨
5213,2,Hate,": BREAKING NEWS---""Stay away from Southeast or risk another war""---BISHOP CHUKWUMA to FULANI herdsmen."
5217,2,Hate,"Ur mom right? "": goan slip slut """
5219,0,Not Hate,Happy birthday kike. Live long and do exploits
5223,1,Neutral,7 billion say snake don get dem sabo in every part of Nigeria awon oloriburuku set of people
5224,2,Hate,: I watched the video of Fulani herdsmen terrorists killing of Hausa people in the North. Hundreds of corpses littered th…
5225,1,Neutral,Shameless man... U better go prepare dinner before your wife comes back from work &amp; beat the woman outta u Jobless he goat LINK
5228,1,Neutral,"You're a very big fool, it is people like you that has kept this country where it is today, ehn you mention the Igbo's and so what?"
5233,0,Not Hate,ifb
5235,2,Hate,": False narrative! Sponsored by the Fulanis, the 3rd most deadliest terror group is MIYETTI ALLAH Fulani he…"
5237,0,Not Hate,😂😂😂 dis 1 weak area oo LINK
5238,2,Hate,"Another stupid Muslim, I said what I said, go fvck yourself! Islam religion a religion of peace? Lol my ass! And remove that your dotted coconut head from my face, terrorists in disguise. When you kill for Allah you will inherit jahana with 9 virgins or whatever it😂 mtchewww!"
5239,2,Hate,Biafran knows ntn other than insults... they r the real animals
5240,1,Neutral,You are a disgrace to Igbo women. May vultures eat your corpse.
5241,1,Neutral,Fuck can't yu get the world inorder? Gurls ar hard 2get? let sign a paper wen we get 2 certain age we get our dream gurl thats inorder...
5242,2,Hate,"Stop repeating words this garage girl, and stop teaching your girls on how to become a harlot in life. I pity the man that calls you his wife, a slut like you can end a man’s life . Aturu igaba 😛😛😛"
5243,1,Neutral,"Yoruba adage says "" Eni ti ko ni iru eni, oun lo n fi eni sere "" he who doesn't have replica of a person, take such person for granted. Pls Madam, just ignore the foolish idiot."
5244,1,Neutral,"Going through this thread ,there’s no single good review about PMT. Such a shi**y way to run a business.."
5246,2,Hate,"Ipobians will never rest,they are trained from birth to be stupid!"
5248,2,Hate,: The only way to defeat these trojan horses from the sahel and the fulani janjaweed wahabist terrorist groups is throug…
5249,1,Neutral,All 'em hatters be talking real shit
5250,1,Neutral,Werey sore loser
5252,1,Neutral,What does Maina have on these fools and why is he enjoying all this? Northern privilege?
5253,1,Neutral,"Only BRF na Forces Of Darkness. Shameless man, after 6months, 4years, you could not bring back our light and you have the audacity to talk about GIRLS. Shame!"
5254,0,Not Hate,which kike hope is nt mine
5255,1,Neutral,"Stop smoking, man. Stop talking like someone they removed 2 cups of rice from his brain"
5256,1,Neutral,"comman see something, this one say ""I'm a proud teacher"", I think you Sugar artists need to start doing something about all these people who steal to gain engagement, its awkward. Layo, drag this stupid somebody"
5259,2,Hate,And hunger will kill you. You f00l. Your own people will be pushed out of south East too. Let see who will buy your cows and food stuff. You think you have the monopoly of killing in Nigeria? You are Mudaras who are always complaining about murder.
5260,2,Hate,"Daft Fulani-Almajiris, who has been brainwash to do evil by Daft Imams and Sultan did your God ask you to kill your fellow human being for Him for insulting Him.God will punish her killers and all of you in support of the killing"
5264,1,Neutral,Are the victims of corona virus Ghosts? We only see empty beds! Where are the infected people? 😩😩😩 You guys should stop making a fool of your selves! LINK
5265,1,Neutral,"Men are scum, men are scum but a few minutes later.......😂😂😂😂 LINK"
5268,2,Hate,"I now understand that the stupid Yorubas&amp;igbos are not fighting the whole north but only Muslims&amp;HAUSAS, but I dare challenge you to come outside on the street of arewa to protests for him and see what will happen to you not shouting on Twitter bastard fellows"
5269,0,Not Hate,"It's Agbero which is Yoruba language, Igbo Christian it Agboro"
5270,0,Not Hate,"Retweeted (): You respect me, I respect you, you disrespect me I disrespect... LINK"
5272,1,Neutral,Cuz babes from Katsina are damn beautiful and freaky naughty
5273,1,Neutral,This mad man is going to kill us but God Almighty will forbid from winning the election IJN
5274,2,Hate,Damn! Bitches like witches...
5275,0,Not Hate,"Gaskiya he’s more diplomatic in this conversation!! And also little bit primitive, he wanted to questioned ur income and how u can easily afford it. (We’ve this especially in Arewa) dat ppl lyk dat r into ‘harka’ basu tunanin kina da wata biznez!"
5276,2,Hate,Ratchet hoes be using dis pic as bbm dp's.....like seriously bitch?? LINK
5277,0,Not Hate,: .: * Insulted Jesus * Referred to Southern Nigerian women as “whores” * Admitted paying killer herdsmen If you…
5278,1,Neutral,"Terrorism, bigotry, ethnicity, banditry are however not the sanctions of God to holders of these faith, MEN, I mean MEN are the architects of these hatred, violence and wickedness we experience today from the likes of Boko Haram and other extremists world over."
5279,0,Not Hate,download the first of its kind Mixtape by DJ Happening#.... LINK LINK
5280,0,Not Hate,"Hehehehehehe our society is only interested in the result, not the process, hence everyone want to show a fake result... even when there's nothing to really show."
5282,2,Hate,"Holier than thou attitude tribe, yariba comes drugs crime too, what about cyber crime, yahoo plus, that is yariba people for you always pointing one hand at igbos but the remaining 4 is pointing at you people, crimes know no triben"
5284,0,Not Hate,Mosquitos are rude. How on earth have I woken up with a bite on my forehead 😭
5285,0,Not Hate,Omo my eye never clear
5286,0,Not Hate,"I wonder this kind of gov't we have you call them ..the big criminals &amp; looters are those who want to see her people dying, who left here people to die of for like of food,what is the reason for all that we need explanation LINK"
5288,2,Hate,Women who use S€x toys are more decent than prostitutes – Bisi Ibidapo-Obe (Read) LINK
5291,0,Not Hate,": Please, there is nothing like hausa people sent to disrupt protest; they are just hoodlums. Do not fall for…"
5292,0,Not Hate,"Dear Nigerian beauties, My eyelashes are falling out. Could it be because I always fix fake eyelashes or... LINK"
5293,1,Neutral,"Arrant nonsense, am sorry your not competent to be president. Get lost"
5294,2,Hate,"So many hospitals don't even have all the necessary tools. Most don't fully have the technical know how on handling pregnant women during child birth but they're all specialist. As well the pregnant mothers, very stubborn. Nigerian women are Very very stubborn women😭😭😭😭"
5295,1,Neutral,"How does this relate to the pictures, the guy is showing humility through his culture.. he shows is a son of the soil, in Yoruba land we don't stand and greet our elders, we prostrate so get that to your skull you muppet."
5296,0,Not Hate,: check out sensational artist of TEN entertainment strike a pose with yoruba actress TOYIN AIMAKHU LINK
5297,0,Not Hate,A can kike?
5298,1,Neutral,My own is just to be reading tweets. baffles me hw y'll stay steady tweeting still keeping all the nonsense interesting. Or izzit old age?
5300,2,Hate,Q: What's the difference between a whore and a bitch? A: A whore fucks everybody and a bitch fucks everybody but you.
5302,0,Not Hate,She’s insecured and A Marlian😒🚶🏽♀️🤷🏾♀️TBVH they shud carrybthat girl and leave the house nah
5303,2,Hate,"Kaduna state is now the hotbed of murderous and rampaging Fulani militia otherwise known as bandits. They're on a killing spree. El-Rufai, the bigot-in-chief of Kaduna is quick to arrest critics of his govt but has failed woefully in managing the security situation of the state"
5304,0,Not Hate,"Eastern conference finals, MIAMI HEAT vs CHICAGO BULLS!! Basketball fanatics like me can't wait for dis matchup. I Lov the NBA!!"
5305,1,Neutral,"Funny enough the reverse is the case, that guy was saved and taken to the hospital by the Igbo guys you're accusing, you ethnic bigot."
5308,2,Hate,"Lol, have taken what I wanted from here. You guys are the most illiterate set of people. Almajiri begging. You add nothing to the country. Nothing. You are useless, you love power and you can't use it sensibly. Hausas must go. You must go. He said few states voted against him"
5309,2,Hate,"Did I hear you say peace?? Northerners and their religious delusion Thank God am not born into that religion. Yourbas have their own muslims, the igbos also have their own muslims but you see this northern muslims ehnn, they make their religion so cruel and hard"
5311,0,Not Hate,"It'll only actually work in U/rimi axis. In southern kd or chikun, they'd rather continue with their keke rides."
5312,1,Neutral,These typa babes are part of the worlds problem....
5313,2,Hate,And you sent criminal Fulani herdmen to to live in Info forest to perpetrate evil? These northern governors are the ones behind this banditry evil of kidnapping and killing innocent people. LINK
5314,0,Not Hate,Haaland don turn our almighty EPL to farmers league 🤣🤣🤣
5316,2,Hate,Muslims are liers.
5317,0,Not Hate,: Is he forcing the girl or something?
5318,1,Neutral,"May herdsmen visit u or anyone u love....then u will appreciate the need to have even one voice that will speak up for u. This is not about sentiments or appointment, is speaking out ....if ure brave enof , SPEAK OUT or forever remain a fool/slave"
5319,2,Hate,hausa girls watching the hausa tv series “LABARINA” are the dumbest set of people you’ll ever see in the northern nigeria.
5320,0,Not Hate,UK people are mot known to be this crazy and daring
5323,1,Neutral,You females make it sound like he left her in the streets of o block... You don't know what happened between them so don't tell someone how they should walk when you don't know what their shoe feels like it's disgusting AF... I ain't saying he's right but stop feeling entitled.
5325,2,Hate,Did TBoss just called Gifty a second bitch wen she is d real whore in d house huh...you are the real bitch girl gift is better
5326,0,Not Hate,": So I went to this church today “Harvesters International Christian Centre” in Gbagada for the first time, the pastor made…"
5328,2,Hate,"Dis dude clamin he does not knw his way arund,all cos of dis bitch.be real dude."
5331,0,Not Hate,Racists! LINK
5332,2,Hate,"Arrant fool and bastard. Boko haram, Fulani herdsmen, bandits and ISWAP are not war mongers. They are peace keepers. Thunder fire the person wey born you because they no get sense. Gworo munching parasite"
5335,2,Hate,"Seeing as Muslim guys are mostly scums, I wont b surprised if in the coming years, Muslimah starts getting married to Christians."
5336,2,Hate,"“: Ur papa "": Obum na gay fool""”lol... How u dey ?"
5337,2,Hate,: : You're an idiot : You're slapping God in the face if you're GAY.. if you hate it too
5338,0,Not Hate,How come Tuchel dey touchline.
5342,0,Not Hate,"Do you want to learn how to read the glorious Qur'an fluently within a short period of time? Would you like to memorize the glorious Qur'an in the best of form? You wish to know more about the Deen, AL-ISLAM? 👇LINK almanaaracademy.com AL-MANĀR I. A."
5343,0,Not Hate,That's awesome still man. What game has he contributed so much? You people no even dey grateful oo 😂
5344,1,Neutral,More like dumb Nigeria
5345,1,Neutral,Their leaders keep them very poorly educated so they don't have enough sense to vote with sense. Wicked people.
5346,2,Hate,Ur father there idiot! Between Igbos and Yorubas we all know who are as dirty as Pigs. Lol
5347,0,Not Hate,BROWSING INTERNET LINK HOW TO GET THE 2GB ON ETISALAT?... LINK
5350,1,Neutral,"Lol, you started this. You insulted me I insulted you back so why screenshot you're dumb"
5351,1,Neutral,Can you take big black dick in that asshole LINK
5352,1,Neutral,A heart that wasn't shattered at the cruel scenes of people beheaded in Southern Kaduna...Hypocrisy at its peak. God sees.
5354,1,Neutral,: Yoruba demon 🙌🙌
5356,1,Neutral,This religious bigots needs to be reformed
5357,1,Neutral,I can say the same for Yorubas too... that I pointed out the double standard does not mean I'm playing victim... the.same people who condemned the ebonyi people are commending themselves for taking the same action.. the hypocrisy Don't act like you have amnesia. Receipt plenty LINK
5358,0,Not Hate,😂 Pele
5359,0,Not Hate,yya kike
5360,0,Not Hate,"ALIYU GWARZO SAID: ""The problem with you Southerners is that you can never understand the north. We are a mystery to you and you cannot comprehend us despite all your boasting that you are better than us.... LINK"
5361,1,Neutral,Meaning if they were muslims which for now i can't say u did be happy idiots
5363,0,Not Hate,: FOR THE IGBO CULTURE 💙 LINK
5364,0,Not Hate,"Your cement comes from China, fake fake products 🤣🤣"
5365,1,Neutral,I don't understand how thuggery is synonyms 2 loyalty. READ THROUGH IMAGES Nigeria military wil pretend as if they don't have dis intelligent report of people trying 2 cause havoc. THIS is a mistake LINK
5366,0,Not Hate,: Nasir insulted Jesus Christ. He has turned Southern Kaduna to a killing field. He called S Nigerian women “whores”…
5367,2,Hate,"The problem of the Northern States is POLYGAMY.... Producing children they can't cater for, especially the colossal population of the Almajirai. They are still the illiterates,most ignorant and a lot of them dying of Malnutrition...."
5368,1,Neutral,Buharists are renowned for being stupid and ignorant and arrogant. Don't be moron. Are you serious. I hope nobody actually paid another to teach you. That would be the greatest fraud of the 21st century
5370,2,Hate,"Thing is woman=money and money=woman. Just avoid woman if you no wan spend. But if you must, get you a good one in your corner. An entitled woman is a disgrace to the female gender. It is disgusting that many of them don’t even know they have it."
5371,1,Neutral,A Michigan father has been charged with attempted murder after shooting his two-year-old son in the face during an argument with the child's mother What is even wrong with this inyibo people sef? After they will say we are the barbarians Black or white it's all the same madness
5372,0,Not Hate,"Iran threaten,dat soon isreal ill be down..dat a new middle east ill be form...dat d Zionist re wicked includin d americans...ww3"
5374,1,Neutral,"Of course it’s a DC show, rubbish"
5375,1,Neutral,But you girls are quick to shame a guy for not having a big dick. Dick you girls have never created before.
5377,1,Neutral,Mugu better go and treat malaria and typhoid. That's cold sore/blister Before you start condemning a girl that is innocent. Yeye
5378,1,Neutral,"If A Girl Asks Her Dad For Money And He Says No, It Means Her Father Doesn't Have. But When She Ask BF And He Says No, He's A Stingy Bastard"
5379,0,Not Hate,""": Nobody loves more than a ? """
5380,1,Neutral,"I no watch again ! Shame dey catch me pas when I open yansh for twitter!"" Fuckoff keshi"
5381,1,Neutral,"Buhari is just a disgrace, just look at how This man is talking abt Nigeria president bcos he is a failure. I will be expecting D stupid Lai Lai Mohammed &amp; to sanction that TV station in Ghana &amp; also respond to what D man said; Maybe D man asked 4 contract 4rm buhari😁"
5382,1,Neutral,Sure they’ll be. They are the real enemy of mother land. Biafra coming.. @
5384,2,Hate,"Imagine Nigeria without Igbo people, where will all the donkeys, monkeys and bitches come from? IDIOT PEOPLE😣"
5385,2,Hate,shez rili a bitch...dem all bitches...bitch + bitch=double bitch(s)
5386,0,Not Hate,""": "": Spanish girls or mexican girls?""Calabar Girls !""Warri gurlz"
5388,1,Neutral,Some girls are just MAD. 😔😔 LINK
5389,2,Hate,: This is Northern Nigeria Where a man is a useless politician if he doesn’t pray in public He must impress us with his religi…
5390,0,Not Hate,"State Police, Community Police, local govt police but the fear of Igbos legitimately bearing arms is the cause of the delay,fulani extortion in Igbo land will End within 24hours. Fulani officers will relocate to the North to deal with ISIS, Bandits and boko Haram and terrorists"
5391,1,Neutral,Don't you have shame?😂😂
5392,1,Neutral,Is like they did not born this woman well! We still waiting for your sorry ass receipts..
5394,1,Neutral,Girls that wear bum short.. Have special place in Heaven. 😍😍😍😍
5396,0,Not Hate,Buhari thank u. For making BIAFRA to be know all over the world by arresting NNAMDI KANU
5397,1,Neutral,"Yomi fabiyi is a very stupid guy bcs am sure a grown up man would never think the way he is thinking,not to even talk of a man with a child...I can't ane him na so him sef dey molest and rape young girls so he is bound to support his partner... IMPROPER FOOL"
5398,0,Not Hate,": Wow! Well done , your lyrics are mind-blowing revealing the reality we face as a people in Southern Kaduna. …"
5399,2,Hate,"""Hausa people no get sense. All of them na mumu"". This is what I was told while growing up. Not by my teachers of course, but by neighbors and from gist flying around. And by Hausa people, they meant northerners. That means anything after Lokoja to the other part of the north."
5400,1,Neutral,There were lots of people killed today and majority are Yoruba in Yorubaland but people like Grandson and you is trying to play on our intelligence that it's ibo on the street😂😂😂 seriously you thought we're almajiri
5402,0,Not Hate,: Old Post Christian(Krissy O) – Bum Shot + Jogodo (Prod. by Password) LINK
5404,0,Not Hate,"Right. Crime pays, right?"
5405,0,Not Hate,: A lot of women don't know how to handle attention. That's why you'll be so beautiful and still not know who really love…
5407,1,Neutral,"Gudnite nd sweet dreamz to all ma luved ones, fuck all ma foes"
5411,1,Neutral,"Tinubu is not medically fit to rule Nigeria, for me he is walking into untimely death all in his ambition to become President...... He has no good interest of Nigeria at heart, he only want to make history. Let support Osibajo. Let take power from this unworthy ruthless northern."
5412,0,Not Hate,Our eyes we the northern have to be opened by know LINK
5413,1,Neutral,I hope ur brother is now in Abuja as u have been praying for it. God will save the true yorubas from all the ass lickers.
5414,2,Hate,"These herdsmen keep attacking communities that does not belong to them and still raping there women join. These senseless attacks should be dealt with by the locals themselves, they should not wait for government to act. Is time take law in your hands."
5416,1,Neutral,These Guineans wicked aha.
5417,1,Neutral,Pls don’t come here some years later and accuse our Lagos rats for attempted rape o
5418,1,Neutral,I know it is more Christian than anything else. Don't worry Islam will take over soonest. When that happens you can heat your coconut head on the wall.
5419,0,Not Hate,"BTW, you're muted, so I didn't see your new tweets; just hints. You &amp; ur can go around lying about and Muslims all you want, getting our women and children raped or killed, and cry to your mothers overs terrorism you don't even 1/2"
5420,2,Hate,": 2. and a leader God give to Ndi Igbo Nnamdi KANU, in order to satisfy their Hausa Fulani parasites slave masters. It…"
5421,2,Hate,i hate hoes dont dere nt try me i wil deal wit yu
5425,0,Not Hate,A whole yr just 4 honey moon?
5427,1,Neutral,: What's oshi in igbo? What's ole in yoruba? I know a man whose name has both words. This thing can't be made up. When o…
5429,1,Neutral,You are a big fool
5430,0,Not Hate,"""can we"" girl, who is conversing with you? I replied this dingbat. It's just unfortunate that you're in the mention. He is defaming 's character and you want him not to be insulted? I hope you know that he can be sued for this. Plus, don't reply me."
5431,1,Neutral,You’re deluded
5432,0,Not Hate,": Men lie, women lie, Even SCREENGRABBER does! Ever Heard Of Fake chat?!"
5433,2,Hate,"Omo, if you fall mugu, they chop you. Meanwhile, tell your terrorist brothers to stop Killing and raping women..anuofia"
5435,2,Hate,that’s why you can’t spell. your northern elite weaponize illiteracy and poverty. olodo.
5438,0,Not Hate,are subtle &amp; sweet yet sultry &amp; seductive.
5441,1,Neutral,Rihanna Calls President Trump An “Immoral Pig” As She Blasts Him Over “Muslim Ban” LINK LINK
5443,1,Neutral,"you are a dimwit, u have a right to ur opinion but he doesn't because he was in the house?? STFU"
5445,2,Hate,But Waka the Fulani jihades terrorists leader.
5446,0,Not Hate,Allah yasa da gaske kike
5447,1,Neutral,"As stupid as you are today is Jan 29 you claimed to have received February salary, can you see what you are doing to yourself by lying and using double standard.Tell me which company pays Feb Salary in Jan? Except for those defending killer herdsmen &amp; online party liars"
5449,0,Not Hate,Women have to understand that promiscuity is not for them.
5450,0,Not Hate,"From Baro Inland water port to Bauchi oil wells, Army University Biu &amp; Mambila. Northern 'Elders' Forum claim they 'dump' Buhari because has not bring any significant project to the North. We are waiting for their... LINK"
5451,1,Neutral,"Y’all want Arewa people’s support? Just stop with the insults and disgusting comments. Calling them dumb and all sort of names is not cool, educate them instead."
5452,1,Neutral,"Lmao, Madness"
5455,2,Hate,Nothing on you... Let those hoe's get behind you..... The life you living is not that you merit it. . LINK
5456,2,Hate,You ban an open grazing for this Animals . Really. Damn Yoruba’s are fool and coward
5457,1,Neutral,"It's only a fool that remain the first way he appears,"
5459,0,Not Hate,"Country hard, olo-sho don dey do discount 🥺 LINK"
5460,0,Not Hate,And some Nigeria Christians are defending this ? SMH LINK
5462,2,Hate,"You call me an idiot, i forgive u you call me an asshole, its all good BUT THEN U CALL ME GAY!!!!!???? OBOI!!! LEVELZ DON CHANGE"
5463,0,Not Hate,"Abi ""who are those eating your work""? One person cannot finish this thing."
5465,0,Not Hate,please follow back kike
5466,1,Neutral,"Girls That Snap 12 different pictures on a spot, acting like there is Hot Yam in their mouth are the problem Nigeria has."
5468,0,Not Hate,U wlc Yusuf.
5469,0,Not Hate,8 Things About Women That Attract Men Like A Magnet LINK LINK
5470,1,Neutral,It is a lie. No Hausa person or Muslim is under attack or attacked in Onitsha. Stop tweeting nonsense. And stop being stupid.
5471,0,Not Hate,": This is unacceptable, and both Muslims and Christians are guilty of this. When my office was on Mambolo Street, Wuse Zone…"
5472,0,Not Hate,Bobs..
5473,0,Not Hate,Zim ladies clean all the residents I've logged in Jo'burg. They get paid in a month what I'm charged for a day. That's not employment. That's slave labour.
5474,2,Hate,Teach you what you already know?? Only idiots like you thinks Christians have business with your dirty hijab fvcking disgusting extremist no wonder you come to somebody’s land and want to dominate fools
5475,0,Not Hate,A boy and his dog 😀😀 Northern | Buhari | Barcelona | Abuja | Messi | Argentina LINK
5476,1,Neutral,25 naira I take watch am Na mumu dey go cinema
5481,2,Hate,": Question: Yoruba, Hausa or Ibo girls... : I'll go with all three... Lol.. Ashewo Boi!!!"
5483,1,Neutral,"Walahi u r a mad girl "": You can't crash a date pass madi oh! You just can't!"""
5484,0,Not Hate,"Just gerrout"": Wash Of Life"": ""Ladies ---&gt;&gt; : is d only female I envy nd respect here"""""""
5485,0,Not Hate,That's how it goes kip chilling psquare family thinz LINK
5486,0,Not Hate,Lmao fat people sha🤣🤣
5487,0,Not Hate,"Oyo: Fulani chiefs apologise to Yoruba community, say no Fulani was killed as community presents evidence of rape, kidnappings and killings allegedly carried out by herdsmen LINK"
5488,0,Not Hate,A real man DOESN'T love million girls; He loves one girl in million ways.
5489,0,Not Hate,Northflix Manhaja ce da aka samar domin saukakawa masu sha'awar kallon finafinan Hausa a ko ina. Kafa ce ta musamman da mutane za su more kallo cikin sauki. Sauke Manhajar Northflix daga Google PlayStore domin more kallon kayatattun finafinan Hausa yanzu. LINK
5491,1,Neutral,How did I miss this 😂😂😂. Ndi entitled women heads. Ontop money wey you no work for and on it still talk rudely.
5493,1,Neutral,Ebony fat Ass cherokee gangbanged by white dude 😩
5494,0,Not Hate,the best female sexier ever
5498,1,Neutral,"Southeast governors should raise up this is what is expected from this governors that claim they are protecting us, but all of them are errand boys to fulanis. LINK"
5499,0,Not Hate,skibo!!! LINK
5500,0,Not Hate,Ke yanzu auren kike sk
5501,1,Neutral,"you buy ring light put for house, shey you be photographer ni, stupid girl 🤦♂️"
5502,0,Not Hate,": Men love dogs because dogs are cheerful, obedient and loyal. Women love cats because cats are aloof, mysterious and arro…"
5506,0,Not Hate,When you stop having enemies it means your presence is no longer valuable. - Ibn Arabi
5507,1,Neutral,Why is it that anything all these idiots want to cause confusion they'll use Igbo names? The other idiot calls himself
5508,2,Hate,What species of grass is that? It can be very helpful to curtail the destruction of farmlands by the wicked killer herdsmen in the south.
5509,1,Neutral,Of all the people in this mention you're the dumbest. Get some life please. If muslims are doing this then What about the muslims that were at the forefront?? Twitter warrior like you won't do ish!
5510,1,Neutral,"A white daughter love for black men is not just about penis size but we black kings are clearly much attractive. Sexually, All modern white girls prefer black men as opposed to all you sad small dick white boys"
5512,0,Not Hate,He planned himself for it… your aspirant can’t even answer deep intelligent questions 🤦🏽♀️🤦🏽♀️
5513,1,Neutral,"Incidentally, a similar pejorative is used by french in their almost apartheid like treatment of the minority english-speaking . Les , les . Allez chez vous.. in addition to more violent tropes.. dogs, cockroaches, rats"
5514,2,Hate,"Disgusting?? Have you seen Abuja those girls in hijab that are prostitute's who are they intimate with, it's definitely not Igbos neither Yoruba it's still your people stop pointing fingers and mind your problems let's solve ours"
5516,0,Not Hate,Wt is Dia to watch on gay porn😎
5517,2,Hate,Every time you come to twitter and be trending Zamfara is bleeding but when others are crying you won't join them. Selfish Northerners. Kar ku yi abinda sauran mutane ke yi. Be there while your population is being decimated. Madness
5518,0,Not Hate,": After the 1966 Coup; Aguiyi ironsi was killed But that was not enough. 30,000 Igbos killed up North. But that was not…"
5520,1,Neutral,Tbh. No man ever wanna be with wathoni. She's the one always thinking things in her head
5522,2,Hate,U are just very hopeless no difference talking to you and talking too all these very shallow minded Muslims
5523,0,Not Hate,Saurin me kike? 😂🤣
5524,0,Not Hate,Baddest nigger
5525,1,Neutral,"You gotta get the Fuvk up everyday &amp; do this shit for you. Fuck what everybody else doing &amp; saying, This is your life."
5526,1,Neutral,am now taking a vow of celibacy.i fuck with nobody bt my money's get paid pple
5528,2,Hate,Man take a look at the hashtag.. Gruesome pictures. Fulani herdsmen just dey waste human lives.. young young men dead.. if these people acquire weapons and fight back now they'll call em terrorist
5529,2,Hate,These stupid omo ita people have started terrorizing people under the guise of AMOTEKUN which has not even started officially.
5530,1,Neutral,"Dis reminds me of ...... "": These things happen on a regular, at night. MOPOL vs fun seeking, arrogant Children."""
5532,1,Neutral,You re big fool. Omo ale Yoruba. Eru FULANI. Don't worry boko haram ll attack you very soon lagbara olorun
5533,0,Not Hate,: Nnamdi Kanu doesn't not represent or speak for Ndị Igbo. Same way I won't expect Shekau to speak for Hausa/Fulani or Kayode…
5534,1,Neutral,"This is your comment here. ""The thing should be in jail by now"". Being insultive and agrresive with ignorance will only make you look even worse. Better still, remove that your cap and let your brain receive fresh air... LINK"
5538,1,Neutral,I start questioning the beard I have when I see another yummy beard. I can be an hoe for a neat fine shaved beard. No argument lol
5539,0,Not Hate,"Ashawos (hoes) "": Kendall &amp;amp; Kyle Jenner get flirty with a couple of male models LINK [PHOTOS]"""
5540,0,Not Hate,": Biafra Security Outfit Set By IPOB Supreme Leader Mazi Nnamdi Kanu, Join Live Broadcast For The Detail…"
5541,1,Neutral,then you're a stupid fuck
5542,2,Hate,Girls are very weird.
5543,0,Not Hate,"Kpele oo akwa ibom ambassador,wey they help all northerners signup 😂😂😂Authorized akwa baboon 🦍 LINK"
5545,0,Not Hate,Christian Krissy O – Jogodo + Bum Short: Christian Kwabena Amoah popularly known as Krissy O is a Ghanai... LINK
5547,0,Not Hate,The hausa man is my brother. The hausa woman is my sister. The igbo man is my brother. The igbo woman is my sister. The yoruba man is my brother. The yoruba woman is my sister. We have a common enemy: It is the people dividing us. Write this on your page too. We stand together.
5548,2,Hate,"Bitch please, your vagina has been used more than google"
5550,2,Hate,Oh my God...Mr cockroach...pls are the Boko haram Christians?...why do you have to internationalize your stupidity... Do your Biafra thing without lies pls.
5551,0,Not Hate,: 48% Northern Fanatics Vs. 48% Southern Fanatics Vs. 4% Moderates. And I'm not referring to Boko Haram or Niger Delta Militan…
5552,2,Hate,Some yorubas are too stupid that if you imagine it you'll have headache. How can a president promise to feed millions of soldiers agbado to face terrorism? Yoruba people many nah demon that's why they can bottle you just because you bought new phone. Stupid people. Senseless
5553,0,Not Hate,"That Yoruba means Yariba is a false twist! Bishop Samuel Ajayi Crowther was a gifted linguist who authored dictionaries for most natives including Igbo, Hausa-Fulani etc. That he traced the name Yoruba to Yariba is a misplaced, false narrative! Let's not give air to a falsity."
5554,0,Not Hate,"UP GHANA BLACK STARS,AFRICANSSS.... AHOOO!!!!!!"
5555,1,Neutral,Rebranding fire 😒😒😒. Still as evil as before
5556,2,Hate,You lack the substance that God place on human being. It's the wicked one covering your eyes with veil to fill your lust.
5557,0,Not Hate,"She should allow us enjoy in peace... Infact,let her plainly tell her what she told Louis and co,shes an alphafemale remember..."
5561,0,Not Hate,I hope all the muslims that joined the protest march at COZA will not be mad when Christians do the same at the mosque when a mallam defiles a young girl.
5563,2,Hate,My problem with the yorubas educated illiterates 🤦♀️
5564,0,Not Hate,": For English, press 1 For Yoruba, press 2 For Hausa, press 3 For Igbo, press 4 For Manchester United, press 5"
5565,1,Neutral,🤣🤣🤣🤣🤣 Ur a clown
5566,1,Neutral,Sars were simply following orders Can you imagine this idiotic fellow blabbing rubbish LINK
5567,2,Hate,After okpa and sprite..... Enugu girls and fuck be like.. LINK
5568,0,Not Hate,Yoruba moslems are not real moslems according to the core North moslem.
5572,0,Not Hate,Fulani Supremacist Leader
5574,0,Not Hate,"Piggyvest—The longer, The Richer Investment isn't a get reach quick scheme and this shows how waiting increases your ROI. Growth comes with times, as same for everything in life. This is the second one from this series and I'm excited for this one. LINK"
5575,1,Neutral,: Slim girls be dancing in front of phone camera and be looking like floating envelopes 😂
5576,2,Hate,"things were to be perfect, you wouldn't ve had that effrontery to disrespect your elders."
5577,1,Neutral,: The amalgamation of Northern and Southern Nigeria was the biggest mistake ever made. Damn you are a blind bastard
5578,0,Not Hate,": ‘Quit order good for Biafra, bad for business’ - The Nation Nigeria LINK"
5579,0,Not Hate,"Anty come sow seed😅,at least let’s start from there ....The actually problem we have here 🇳🇬 is MINDSET! &amp; not money,Even with all their money together . LINK"
5583,0,Not Hate,"😂😂😂 ...But what is the thing with Muslim don't eat Pork? What is the thing about Muslim not having Dogs and some of them have Cat as a Pet. Though,I know of one Alhaji that own dogs. Can someone explain the reason behind this whole thingy?"
5584,1,Neutral,Some gals will kill their self because of standard.
5585,0,Not Hate,"Yea"": is it a girl behind dis account?"""
5587,0,Not Hate,": It's high time men started paying bills for women without expecting phone number in return, that's so petty mehn. Respect h…"
5590,2,Hate,Ndi ara Yoruba have joined the matter . Illiterate servants of the Fulani's. Please what is none man's land ? Ewú!!!
5593,2,Hate,J Prophet Joseph.. The northern are the most illiterate. Yet they are using NIGERIA resources for their families. What belong to East and South South and South west
5594,1,Neutral,: Extremists and fanatics who justify their killings under the guise of Islam are the scum of the earth. Islam is a religi…
5595,2,Hate,"Men do NOT like bad bitches. Men are repelled by masculine women, it is women who are attracted to power dynamics, hence their attraction to bad boys. We want good girls who can be hoes. Our personal &amp; private hoe. Not for the streets."
5596,2,Hate,Women are scum😂😂
5597,1,Neutral,Animals??This is beyond animalistic behavior💔😭🤦🏽♀️
5598,2,Hate,"I thought ur President and buratai av defeated bokoharam ,who are those killing and kidnapping again, shameless Hausa Fulani hypocrites"
5600,2,Hate,"Ondo State has since given the criminal Fulani's quick notice and we are here paying lip service, when they are oit of ondo Edo State will be their safe heaven for criminality."
5601,2,Hate,Help your bf get rich and stop asking other boys for money! Same way make your bitch look beautiful and stop wasting money on hoes.
5603,0,Not Hate,Northern Governors Forum condemns abduction of school children in Zamfara - LINK LINK
5605,0,Not Hate,"FACT! All these Muslim, No Matter how Islamic u are, if u are Not a Core Hausa or Fulani, Then u Don't belong with them. ""Menene Poster na Arne yana yi a Jihar mu?"" Find some to interprete for u. I no get 💪 again. Hungry dey Catch me self. Thinking of what to eat Today. LINK"
5608,0,Not Hate,"No matter wat u do,b u a whore,thief,liar,serial killer,pussy niccur,gay,lesbian,drunk,cassanova,womanizer,stoner! Always be at d top of it"
5609,1,Neutral,"What's wrong with us in this country? Some us are very obstinate and unruly sets of people, even Romans and the sauds obey the constituted authorities. They should be arrested! Maybe they will get sense in jail."
5610,1,Neutral,You are very stupid and you don't have anybody to tell you
5612,2,Hate,": This is How you Know FUCKING BIGOTS. Religion Fanatics. Fulani Terrorist Kill Christians in Your Own Country Everyday,…"
5613,1,Neutral,"Fool, Big for noting thief. Its Ibos who are lovers of money that u can buy. A billion naira of urs can never buy my one vote and millions of my brothers here in the north. Bring our money for us Saraki aide to US. Shameless thief. Barawo kawai."
5614,0,Not Hate,We are in real world. People do what they want to do She want famed ....so she has to be like that while she forgot the curse of Allah for indecent dress in islam
5616,0,Not Hate,"Mr Kayode , with all due respect, I know you know that been a fanatics or tribal bigot has no connection with where you come from. Been a Muslim does not mean you are a terrorist, not all Fulani are heartless, it all depends on your level of education"
5617,2,Hate,matter how much you dissociate yourself from BIAFRA The North will continue to see you as a BIAFRAN and potential enemy_
5618,2,Hate,"The audacity of the Hindus is beyond my thought, I mean, you literally oppress and terrorise the Muslims minorities in India, Khan found a home that shows him a solidarity and y'all clownish hypocrites are craving for a taste of him like an hungry starved lion."
5619,0,Not Hate,Them know their have collapsed the Educational system of this country. LINK
5620,0,Not Hate,*smile*
5621,2,Hate,Gays are animals animals exist in the zoo. Copdat*
5624,1,Neutral,": Identity politics is stupid. We don’t need more females, blacks, or gays elected. We need more principled, God-fearing…"
5625,2,Hate,Arindin Biafra and oduduwa? Pls bear your fathers name. This attache by force is irritating. Can't you clowns do anything on your own without Yorubas? Bile filled morons
5627,0,Not Hate,"Nigerian Army begs Boko Haram, ISWAP terrorists for reconciliation, they are uniting the army with the rest of them with weapons, southerners start calling your brothers home LINK"
5629,0,Not Hate,Everyday is April fools when you love an Edo man.
5632,0,Not Hate,Oh it means Frog in hausa. Literally come and eat frog
5633,0,Not Hate,Hmmm 🤔
5634,1,Neutral,"Girl logic: When you like a guy, do nothing about it and expect him to magically fucking know."
5636,2,Hate,"When will Black Lives Matter speak about the daily persecution of Christians in Africa, especially Nigeria? The Islamist Extremist fanatic Fulani Tribe of Buhari is literally video recording their rape of Christian women in public and sharing it on social media."
5637,2,Hate,Some Northerners are fools!!
5638,0,Not Hate,Do you know you can still trust because some worth trusting why some are wolves in human nature
5639,2,Hate,Fuck Hoes.....Love Bitxhes
5640,0,Not Hate,shige d Fulani warrior
5641,1,Neutral,Hei! God!! You people are suffering! Imagine arguing about who should give who transport fare after a date😂 you don’t have money? What the hell is this entitlement. It’s 2022 and y’all still think like this? No wonder misogynists still have mouth. This is pathetic! LINK
5642,0,Not Hate,""": Girls if He doesn't respect you enough to wait, what makes you think He loves you enough to stay?"""
5643,1,Neutral,You dumbass Comparing a terrorist that killed thousands to an American woman who's only crime was being at Capitol hill. How dense of you
5646,1,Neutral,To money and the person who hires them. Not to a better Nigeria or any of that sh*t you guys talk about here. Every thug is a member of a criminal organisation controlled by a higher one statewide
5647,2,Hate,"Hoes be like"" My bae&gt;&gt;&gt; The text my bae just sent&gt;&gt;&gt; My bae just sneezed&gt;&gt;&gt;&gt; My bae blinked twice&gt;&gt;&gt;&gt; Bitch don't nobody give a fuck !"
5649,1,Neutral,U Dey dance like fool
5651,2,Hate,White girls are the best cocksuckers and they specialize in making us BLACK KINGS happy
5652,0,Not Hate,Fulani Herdsmen engage men of the Nigerian Army and Mobile Police Force in Benue LINK
5653,2,Hate,A boyfriend and girlfriend supposed to laugh at these hoes together. A guy should never have these hoes laughing at his girl.
5655,2,Hate,Lol women are clowns really. When they are in a position to help another woman they get so pompous rude and sad.
5656,2,Hate,Muslim Feminist are very stupid and illiterates.
5657,1,Neutral,"Honestly I used to like this guy for trying to be open minded. But he's worse than the cyber bullies he's trying to defame, he is a a cyber psychopath. Trying to use reverse psychology to destabilize another man's camp and provike them to wrath."
5658,2,Hate,"Bitches stay far mostly when I'm on reff ,, she's know I'll be going like a million slam's mehnn...!"
5659,2,Hate,"Everyday our people are killed in the southeast but you don't report,yesterday our people were killed with there goods but this issue of Deborah is been used by you to de campaign our leaders,this is hypocricy Ibos are the worst murderes in this country the world knows."
5661,0,Not Hate,Gbogbo wa la wa on this table...... kikikikiki🤣🤣🤣🤣 we dey package and filtering pictures ni
5662,2,Hate,"Foolish woman , same people , cos they kill cow , your body de pain you, but hundreds of humans will be killed by army and fulani bandits , herdmen terrorists, this idiot will not open mouth. Norths are terrorists"
5663,2,Hate,": I’m impressed that he told me, ‘Muslim cockroach, to go back to England. Normally they ask me to go somewhere in the Middl…"
5664,0,Not Hate,"that shoot at sight order apploes only to others tribes not Fulani! and so,. the understand their SlaveMaster's body language well than many do! U Nigerians better wake up to see beyond "" don oda! Seriki Fulani Ogun state made it clear! &gt;&gt;"
5665,0,Not Hate,": Imam Ahmad bin Hanbal had a very intelligent friend who was a Christian. The Imam asked him, you’re a very smart man, so w…"
5666,1,Neutral,Ole no longer has clue.
5667,0,Not Hate,Ok Api nite. Nagode
5668,2,Hate,"these boiz have gone out of hand..am serving north,n I know how miserable n useless these almajiri boiz are"
5670,0,Not Hate,"I absolutely agree with this, can we also agree that 1. Not all men are scum 2. Women aren't always right 3. Not all fulanis are killers 4. Not all Igbos are cunning 5. Not all Yorubas are demons 6. Not influencers have sense LINK"
5671,2,Hate,"So the consequences is to kill, right? I think something is wrong with some Muslim, especially the northerners because I've many Muslims friends that are not fanatics like this cockroach brain here... Let's see where your over religious will lead you to..."
5672,1,Neutral,"Some fucked up dudes hurt the loyal girls, but keep the hoes happy."""
5673,0,Not Hate,: NO SINGLE SOUTHERNER CAN ENDURE HALF OF WHAT THESE NORTHERNERS HAVE ENDURED IN THE SOUTH ALL IN THE NAME OF SEEKING FOR PEACE.
5674,0,Not Hate,"Nigerian Newspaper Headlines 23rd January, 2016. *Lasaa fever outbreak brings blessings to us – Rats killer vendors..LINK"
5676,2,Hate,Well the north never fails to disappoint. My own is those igbos bigots that folly with the North just for their selfish purpose.
5677,1,Neutral,What nonsense and by the way who are you to fucking tell me what to post on my TL man get the fuck and go tell Asiwaju he’ll nevertheless be president he can kidnap the full Nigeria but he never will be
5679,0,Not Hate,My dear..e get somethings wey Dey always pain me o😂
5685,1,Neutral,"I can see you're emotionally hurt. I'm very poor at phrasing my replies mildly or more respectfully to comments I think are too shallow, absurd or outright dumb. That's a flaw I'm consciously trying to repair. Try to improve your logical scope on your outlook to general life"
5686,0,Not Hate,"He preaches sugar coated gospel about how Jesus would have supported that community when we all know it is a lie, you can't be a whore and proud then Jesus will support you, you can't be gay and proud then ask for Jesus support. The truth should be told, undiluted."
5687,0,Not Hate,Bia Nigerians be calming down Tell urself the truth why will he play for Nigeria one good reason abeg what good have Nigeria offered him. play for England if dey dump u still be playing for your club and have peace
5689,2,Hate,"Some girls are bloody liars, fear them. Nkata ga ekpudo ufodi girls very soon!"
5690,1,Neutral,Tym 2 unfollow some mufuckers
5694,0,Not Hate,Long hair - Tight jeans - Slim body This is my kind of girl 😘💋 ➡ LINK
5695,0,Not Hate,You self laugh..I’m done with you bro ..Dubai D’OR
5697,2,Hate,Na yoruba people be Bola slaves ole jati jati
5699,2,Hate,"How could any sane person compare Dubai with the backward, primitive and redundant Northern Nigeria? If an educated Northerner can post this I wonder how the brainwashed illiterate masses will think. Well, nothing from the North surprises me anymore"
5700,2,Hate,"Sycophant,mumu Hausa.Days are numbered you will end up like Abati."
5702,0,Not Hate,": Dear Muslims, “Du’ahs can change Qadr” So, - Never give up in making du’ahs - Believe in Du’ahs - Be frequent about it (Ib…"
5703,0,Not Hate,😂😂😂😂😂 they can't contain us...... 😁😂
5706,0,Not Hate,"&gt; : If my girlfriend and Jay-Z died and their Funerals was scheduled on the same day, she out of luck my nigga."
5707,2,Hate,"They create terrorism and banditry to destroy NORTH, and open their dirty mouth 'North is our problem'. Don't just say that, pls do the needful! Instead of wasting all of your resource. All the insurgences were initiated at the time of southerners to destroy the North. Animals👇"
5708,0,Not Hate,Hausa Man Caught Selling Vulture As Roasted Chicken For His Suya Business. LINK
5709,0,Not Hate,"With all due respect Who is an ashewo? ,"
5710,1,Neutral,o stupid
5712,1,Neutral,Please what does this useless thing means ? I guess is not hausa LINK
5713,0,Not Hate,": In Nigeria today even if a cockroach is incidentally killed the wailers will say""fulani herdsmen are responsible"".What an iron…"
5715,2,Hate,": EWU! 🐐 Go and tell that to your Boko-Haram, bandits and terrorist Fulani-Herdsmen We demand a…"
5716,0,Not Hate,But una say esu pofo
5718,2,Hate,: Thousands are slaughtered by Fulani terrorists yet Buhari has refused to arrest even one of the killers.7 Fulani are killed in…
5721,0,Not Hate,– Goal alert: Bosnia-Herzegovina *2 – 0 Iran (Pjanic 59‘) substituted.. No 11 vs 11. We go show you ..
5722,0,Not Hate,I cant remember
5723,1,Neutral,Buhari's Gaddafi boys' blame....! How come they are striking only in Nigeria? Only in core Christian States? Are they just Hausa/Fulani friendly? Are our military and police dead sympathetic to Gaddafi? This is Buhari's (Baba blame) blame excuse to some disgusting sore fault.
5726,0,Not Hate,"WE SUPPORT TRUMP'S RECENT STATEMENT, SAYS AFENIFERE GROUP, CALLS BUHARI 'VEGETATIVE STATUS Me : Fine And Good! Igbo Elders Ohanaeze ( Ndi Oshi Na Aturu), Tell Us Your Stand Now That Yoruba Elders Have Made Known Their Position On Buhari Being ""Lifeless"" LINK"
5727,1,Neutral,🤣😂🤣😂🤣bloody fool? 😂🤣😂🤣block head
5728,1,Neutral,You will die first and the rest will live on.. Who loves terrorism? Even Muslims don't love terrorism cos Muslims are also not left our of their terrorist activities. You opened your mouth waaaaaah and talking in the rubbish. OKPONU!🤡
5729,2,Hate,"Gay ke .... Oga oooo.... Lmao"": Dumb Foolish Geh, Asking If Am Gay, Lucky U iWasn't HigH • Retarded BiaTch,!!!!!"""
5731,0,Not Hate,Sweet woman
5732,1,Neutral,"What a stupid statement. Can you back this up with a proof that FG allowed them to bear arms? When you are accosted now, you will cry blue murder making unsubstantiated claims. Simple name one FG policy that has affected Herdsmen, you are bringing up motor pack gist."
5733,1,Neutral,"Dude hope u don't watch keeping up with Ks "": Kardashian bitches always scheming lol"""
5735,1,Neutral,"I'm hearing this SARS thing up and down,if any dirty looking creature tries their luck with me you'll know what part of KOGI i am from.SMELLING CRIMINALS."
5737,2,Hate,And monkeys will fuck women LINK
5738,0,Not Hate,you rili got a thing for lesbians???
5740,1,Neutral,"They keep forcing the yellow connection so bad . Saying how they’ll have cute yellow kids . So what’s wrong with melanin kids ?? Ain’t that also cute ?? Some of u are so dark , but u still support the COLORISM rubbish . MENTAL SLAVES ."
5742,0,Not Hate,Ori e gbale
5743,2,Hate,You see why the Southerners use the slur “ ABOKI na ABOKI”?.. just take a look at your stupid analogy. walahi Kai jahilai ne wawa.. babu ilimi tir!
5744,2,Hate,"Because Southerners are senseless, and they know that, that's the reason, nonsense bum"
5745,1,Neutral,You're an idiot. Anyone who hates Obama does so because he didn't sell arms to Nigeria to fight Boko Haram. Dunce.
5747,2,Hate,"Northern leaders are so useless, I don't know what to qualify them. May be they practice another Islam apart from the one we practice here."
5748,2,Hate,buhahaha u sef omode hoe-shi
5749,1,Neutral,"Tho a science student, buh all the rubbish I read about GOVERNMENT in ss1 feels like shit RN... This country has fallen LINK"
5751,2,Hate,"The youths are not better than their leaders, an average Nigerian is greedy."
5752,0,Not Hate,U will never see 2 men fight over a good woman. Why?A good woman will never put any man in a position where he doesn't know where he stands
5753,0,Not Hate,"Easterners are excellent and wonderful entrepreneurs. They can turn a shit hole into a goldmine and they have cojones. However, they need to see themselves as part of a group. They need to play the right politics to get to power. They should stop this Igbo vs Nigeria stuffs"
5754,0,Not Hate,-Ontopyourmatter....he really killed d video wit his stunts.Nyz 1 boi
5755,1,Neutral,Yoruba vile LINK
5756,2,Hate,"Yeah, you are right. There's no igbos and yorubas in nig army, that's why fulanis are able to plan this. Most of you are just stupid. You are worst than the Boko haram members."
5758,2,Hate,"Nigeria cannot be united, the northerners are blood sucker, bigots who marry little girls that are yet to grow pubic hair, yet kill pple for blasphemy. The country shld be divided, its a shame to live in a country with these northerners.."
5759,0,Not Hate,: I want to make some pride themed jewelry bc the lgbtq+ community exist outside pride months and awareness days.
5760,0,Not Hate,"I learned long ago, never to wrestle with a pig. You get dirty, and besides, the pig likes it."
5761,2,Hate,"No he has not o , selfish people that is what the northern elders are."
5763,2,Hate,Damm bitches
5765,0,Not Hate,"Sweetheart, stop pretending❌❌ to be savages when you know deep down your heart you want a man to love you and... LINK"
5767,1,Neutral,Lol. That one🥺💔 is a disgrace to the whole christian body and law as a profession. Olohun!
5768,2,Hate,I just can't understand gay fucks. How can u love another man wearing women clothes its just so wrong!
5769,1,Neutral,"Old video,Video taken in FCT, Oyetola is in Osogbo.. Why una Makinde boys they lie like this ? Lies and deceit was injected into your blood streams?"
5770,1,Neutral,let me fuck ur ass
5771,2,Hate,Too many idiots crying VOA was ploy to populate Nigeria with Fulani including supposed literates should read this and bury their devilish persons in shame. Yeye people
5772,0,Not Hate,17years old kike
5773,0,Not Hate,"See Nigerian Baboon That Understands English, Igbo, Hausa, Yoruba (Watch Video) LINK LINK"
5774,1,Neutral,: God gave the three main tribes in Nigeria 3Idiots Yoruba: Adeyinka Grandson Igbos: Nnamdi Kanu Hausa: Adamu Garba Wikiped…
5775,2,Hate,"These are fulani janjaweed, the don't understand what democracy entails. That's why our leader called them zoo! LINK"
5779,2,Hate,"Let me get this straight you are in sifia pain all fulani herdsmen are killer yes all igbo are dubious fraudster criminal LINK do well,do to others as you expect others to do to you period"
5781,0,Not Hate,Who deh breeeeeeeeeeeeeet
5782,1,Neutral,It's like ghana patriot wants to steal general from nigerians😉.
5785,1,Neutral,"😂😂😂 like guys can be unnecessarily stubborn sometimes, like......I know what I'm seeing don't make me look crazy biko!"
5786,0,Not Hate,Welcome to OT Alexis.
5787,1,Neutral,Honestly d worst bank I've ever had the misfortune to opened an account with. Don't know what I was thinking Fucking reverse my money you pack of sad thieving Pedophiles. Nearly a whole a month now and to even reply DM is a problem. Embarrassing and unacceptable behavior
5789,2,Hate,"The fulanis are the most useless and wicked beings on planet earth. Buhari is the most callous, heartless and evil president in the Nigeria history. He has killed Nigeria."
5790,0,Not Hate,Nice avii gurl
5792,0,Not Hate,Some kain small ass dey attractive.
5793,2,Hate,My ex would literally threaten to kiss me in public to make me behave 😪. Women are actually scum. LINK
5794,2,Hate,"This is a clear sign that the illiterates in the North don't have sense, they like suffering."
5797,1,Neutral,Suna gidanku Yar damchen uwa!
5799,1,Neutral,That man is a foolish man
5800,1,Neutral,"This one is just a fool, He thinks jack is his mate or his fellow old fools..."
5801,1,Neutral,"If God should playback the video of what happened on that day, the whole world would see how you’re such a BIG LIAR."
5802,0,Not Hate,": South African women, omg.🥺 LINK"
5803,1,Neutral,Manipulative f**ks. Explain how this is fair LINK
5804,0,Not Hate,"Pope's English on Display for First Time in SKorea: Pope's broken English, on display for first time in South ... LINK"
5805,1,Neutral,"I'm in Akwa ibom state, you guys r very stupid for killing innocent people, security forces that can not fish out cultist in a community but decides to lunch air strike. Foolish idiots. Someone got killed on his way from his traditional introduction"
5806,1,Neutral,"This is a fucking lie!! Y'all females dump good niggaz all the time! Niggaz with all these characteristics, simply because you want a bad boy, an asshole. E no go better for una kind."
5807,0,Not Hate,"Exactly"": They don't know a girl is still young..."""
5808,1,Neutral,shut up jawe
5809,0,Not Hate,"1 Peter 5: 5 ""You younger men, likewise, be subject to your elders; and all of you, clothe yourselves with humility toward one another, for God is OPPOSED TO THE PROUD, BUT GIVES GRACE TO THE HUMBLE. [NASB]"
5810,2,Hate,"Declare Fulani herdsmen terrorist if you’re not involve in it, fool you think we’re dumb"
5812,1,Neutral,Fuck off you this murderers
5814,2,Hate,Bitches pretending to be good... I just laugh
5816,2,Hate,u are a fool do I look poor to you...hausa cow..
5817,0,Not Hate,Omo English hard ooo hausa pidgin and efik
5818,0,Not Hate,slm ya kike
5819,1,Neutral,Is Kogi state the new Wild West where this misogynistic oppressors flex their lawlessness
5822,1,Neutral,this user is a terrorist on this streets
5823,0,Not Hate,"instead of you to be concerned about your team, Arsenal, that's still struggling to enter first table you're here drinking parasitamol for another person's headache. Please focus on your team that's still in the bottomless pit and stop hating Biko😂😂😂😂😂😂😂😂😂"
5825,0,Not Hate,Yes Sir! I currently work in Maiduguri and the Kanuris see themselves as the only true Muslims in Nigeria why you hear them (in banter or joke with fulanis) call each other kafir
5826,1,Neutral,Do you know that companies pay tax to Nigerian police Even if you make profit or not FIRS portal calculates a sum going to the police Anytime I come across that tax I get very angry. These are the animals we pay our hard earned money to APC quietly Introduced it. LINK
5827,1,Neutral,You are sick in the head. You need medical rehab. Stupid fulani fool.
5828,0,Not Hate,It means Conquerer in Yoruba
5829,2,Hate,Fulani promise them vice president slot and they believe. They are ready to direct fulani terrorists where igbos wealth are kept since their slot are intact. Imagine this guys where governor during Biafra war. They would have sold ojukwu to the fulani. Animals in human form.
5830,2,Hate,"About the Kings armour: ""It's made too small your grace, it won't go!"" ""Your mother was a dumb whore with a fat arse, did you know that!?"""""
5831,1,Neutral,To think that you have brains 🧠 all these while makes me sick 😷....People have died for this course and all your shallow ass brains cares about is this ugly ass symbol? Damn girlie. You fuck up for this Tweet.
5834,2,Hate,"He didn't say Southern NYSC females are whores but ARE SEEN as whores. That is PERCEPTION and perception is not always the fact or truth. Northern men in their conceit, believe Southern women are all about money and would do anything to get it. Sadly, it's a sweeping position."
5835,1,Neutral,Some girls are wicked 😂😂😂😂😂🙆🙆😂 LINK
5837,0,Not Hate,": Today, we attended the meeting of Southern States’ Governors in Delta State. We discussed various national issues includi…"
5838,1,Neutral,"because of the recent exchange rate fluctuations, i changed prices and some idiot on jumia refused to approve my update &gt;&gt;&gt;&gt;&gt;&gt;"
5839,2,Hate,"What a disgusting thing, upon how plenty girls are in the society today then someone choose to be having man to man sex. Chai 🤦"
5840,2,Hate,Bitches o'er virgins
5841,1,Neutral,"GEJ visitin chibok is a dumb action 2 tak now, or didn't U know BH main target is bringing down his govt?if he dies BH succeeds"
5842,2,Hate,😂😂😂😂😂 Damn these womennn.lmao LINK
5843,0,Not Hate,"Why are you making so much noise about this.... I hate to say this but it's a northern thinking that any lady outside the hausa Fulani heritage are whores, especially the educated funny enough"
5844,1,Neutral,So Ruthless: Curvy Igbo Girl Rocks Instagram with Her B***s and Bum on Parade (Photos) LINK LINK
5847,1,Neutral,Idiot typing from bedroom corner. Enter Owerri na
5848,0,Not Hate,😂no
5849,2,Hate,"You can extend the same coutsey to those horny fulani herders constantly having ganital collision with cows ,goat .... We are taking about sanctity of human life you are gaslighting with bestial!ty nonsense. LINK"
5850,2,Hate,: Backstabber Cowardly Yorubas Are the Problem with Nigeria - By Sanusi Lamido Sanusi LINK LINK
5851,2,Hate,"Who will let biafraud b? who's holding u monkeys n pigs down?ask ur ppl 2 vacate north if u aren't bastards! idiot animals waiting 2 b told to live,brainwashed donkeys!😂😂 LINK"
5852,0,Not Hate,Mentality of the Northern Elites
5853,1,Neutral,"Its your own opinion dumb fuck...Like I said earlier,Kratos will take him heads on.... afterall Supergirl did😅"
5854,1,Neutral,Na werey your papa be
5857,1,Neutral,Shut up ur useless mouth there dont have time for she goat like u nonsense
5859,0,Not Hate,: : Asaba Shut Down! Market in protest HAPPENING NOW LINK
5860,0,Not Hate,I agreee 😁😁
5861,0,Not Hate,Nigeria
5862,2,Hate,": They will now carry them to o e baale that is a Fulani bitch,and within an hour they have regained their fre…"
5863,0,Not Hate,hmmmm
5864,0,Not Hate,Chopping evryday see my belly dey poot bigger
5866,1,Neutral,"This guy is a delusional fool 😂 wai de facto Chief of Staff 😂 Toh kai Mallam ka ji, please who is head of the Hausa cabal I want to apply ?? LINK"
5867,2,Hate,The most fantastically corrupt country in d world made good by d Northern HausaFulani's in power..Looters &amp; embezzlers 2 d core..Biafra Exit LINK
5868,2,Hate,"It's like you people have not rolled with hausa ladies,they are inseparable with laziness and money LINK"
5871,0,Not Hate,"can person be in peace if he belief in Christ in a Muslim family in the north, can Nigeria be in peace if Christian address Muslims with Arne, kafir or unbelievers just because they not practicing Christianity,"
5872,1,Neutral,So we are supposed to have only one striking option because we want Martial to develop right?😂😂😂😂😂😂. Too many clowns in the united fan base😂😂😂. LINK
5873,1,Neutral,You’re a crazy boy
5874,1,Neutral,Some girls are ugly shaa!!
5876,1,Neutral,Sit him down Yapping nonsense 🤣🤣🤣
5877,1,Neutral,I love this shit
5879,2,Hate,"Buhari disgraces Nigeria again in Washington; says killer Fulani herdsmen are from Libya, what a pathetic, old liar of a president. do what did to in 2015 for us, use your power and dethrone Buhari for us in 2019!"
5881,2,Hate,"They will understand the destruction of what they brought upon themselves. Because of what they did in 2015 I have no single empathy for them. They brought in those fulanis, a whole log of wood infested with red solider ants.They have war in their hands they should keep farting"
5883,2,Hate,"Are y'all always this stupid??? Don't come and be famzing country wey you no like before, just shut up, stupid northerners"
5884,0,Not Hate,Everybody might b bad to 2u buh u need a gud girl 2 blow ur mind🙅 LINK
5885,0,Not Hate,Some of us don't need to mention..we know ourselves.
5886,0,Not Hate,Any photographer in Lagos please
5887,2,Hate,Girls are the real scum
5889,0,Not Hate,If he loves Burna boy &gt;&gt;&gt;&gt;
5890,1,Neutral,"But babe you went far ooooo. After God fear women shaa ,"
5891,2,Hate,"What investigation did you carryout before concluding that ipob is behind Gulak's murder? Fulanis has killed over 5millions Nigerians just to preserve their useless ""one Nigeria"" mantra. And that does not bother you, Anuofia."
5892,0,Not Hate,Which one be Christian Dior like this🤔
5894,1,Neutral,Fuckk fear not whores
5896,2,Hate,As a lady if a man other than your husband sees your breasts &amp; thighs. I tell you the truth; You're a complete prostitute. Repent!
5898,0,Not Hate,Finish am BaBa LINK
5899,0,Not Hate,U just look like hausa fulani
5900,1,Neutral,So when is CBN going to freeze bandits bank accounts? When is FG going to send trigger happy soldiers after them? When are the northern governors going to declare their desire or otherwise for Bandits? Clueless lot.
5901,1,Neutral,Local champions. Get some European recognition before you talk to me. You can’t even tie the laces of my shoes
5902,1,Neutral,"Your one of the lazy almajiris Buhari talked about, your Emir's whole family was adducted today hundreds killed and your useless excellent intelligence can't track them it's only on christians and Igbos they know how to work useless parasites! LINK"
5903,1,Neutral,More than 160 people recently killed in Northern Mali. No headline on media. It's more of west than religion. Wise up and stop displaying your foolishness in public ...
5904,0,Not Hate,Jesus the Man? It's hard to believe this is coming from a Christian. You could have just kept mute instead of uttering such ignorant statement.
5905,2,Hate,I look under this tweet and I realize Nigerians are very daft when it comes to spirituality or religion. Most don’t even know what their religion is about. They just follow their the band to church or wherever they go. LINK
5906,1,Neutral,So u support the killings of women and children ? Got it You are the same with the hamas terrorist
5907,0,Not Hate,🤣🤣🤣na true I de tell ham bro
5908,1,Neutral,We have evil and wicked people as leaders in Nigeria and Africa.
5909,2,Hate,"Aboki economics. Even the Almighty US banned cryptocurrency but later had a rethink. Now US government is cashing out big time. Northern oligarchy due to their low mental capability and love for backwardness want to protect their bureau de change, couple with the greediness of"
5910,2,Hate,This so annoying Women are devils LINK
5911,1,Neutral,Notes From Atlanta: Nigeria as a Perverse Anarchist Paradise LINK
5912,1,Neutral,"Trump mention Biden's name subconsciously with no plan for America. Name calling, fabricated lies, con moves, mentally and morally bankrupt."
5914,2,Hate,": Destroy all police &amp; Army checkpoint because,they are the ones giving cover to Miyetti Allah Fulani terrorists~…"
5915,0,Not Hate,This is a mixture of Ghanaian and fulani haqccent...inshrt the haqcent is turningoneown....
5917,0,Not Hate,You're mean🤣🤣
5918,0,Not Hate,What I want to understand is why the tag women are scum. Tsuipppssss 🤬🤬🤬🤬
5919,1,Neutral,aiding the killing of christians who go to worship or even pray 4 d country and useless govt? Gimme a breather.
5920,2,Hate,Fulani I guess. Raped a lady
5922,0,Not Hate,"Lol. Amunkunmeko Twitter E-Millionaire and influencers gang. Always trending hashtags for criminals. Member, Unhappy people of Nigeria."
5925,0,Not Hate,“: Gay niggas by like -------&gt; : bring ya Yansh na!!! U go know the truth ☺️ ””
5930,2,Hate,"A boyfriend and girlfriend are supposed to laugh at these hoes together. A guy should never have these hoes laughing at his girl"""
5932,2,Hate,Someone should go and tell this Fulani Janjaweed that we are not working together and the have create enemity with for ever they have been killing biafrans for over 50years and you wake up one morning to say rubbish never ever ever LINK
5933,0,Not Hate,: Everything goes out of fashion as we move through our primitive modes. Like Onward Christian Soldiers. Christ does not le…
5934,0,Not Hate,Hindu Fanatics Attack Christian Pastor in Southern India LINK
5935,0,Not Hate,Happy celebration to all our Muslim customers 😀 . . . . . LINK LINK
5936,2,Hate,"Idiots! All of you are idiots! All this talk is to kill more Igbo people on the east without investigating anything. Buhari has never sounded this way about Terrorists ravaging Nigeria, murderous fulani herdsmen God will wash you and Buhari's like away for Nigeria to be great"
5937,2,Hate,": We keep saying ""all women are whores &amp; only money keeps them happy"". We forget our little girls hear this from us and believe…"
5938,2,Hate,": Biafra : No Election In Anambra, Igbo Leaders Are Liars – IPOB Insists, Reveals What Nnamdi Kanu Discussed With... LINK"
5940,1,Neutral,You want to join Lagos ashewo boys?
5941,0,Not Hate,Hahahahaha abokina kajii wuta kenen😂😂😂😂
5942,2,Hate,So there is indeed a breed of vultures called 'eygptian vultures'*mmm* n I thot ijeoma made up that name to yap peps in second skl...
5943,0,Not Hate,"God make check my side too God 😭😭😭😭😭😭😭😭😭😭😭 my balance is 0000 everywhere I wanna see 100k Abeg oo my username is $kadesh ✊🏿❤️🙏🙏🙏 God bless you sir, more life to you 🙏🙏🙏🙏 LINK"
5944,0,Not Hate,"Amin, idan dagaske kike"
5945,1,Neutral,"Why Thelma Kon dey do like 17yrs old pikin laidiz?....Omashola tried to open door and so what? And u ain't even naked oo...mtcheeewww, radarada everywhere"
5947,2,Hate,"As for me and my house we shall not vote, I cannot come out and die for nothing, when u have ordered your animalistic Fulani soldies to shoot, kill and main voters."
5949,0,Not Hate,Damn♬ niggas already getting uppity♬♬
5950,2,Hate,Women .....the wo stands for females the men stands for male....so they are both cheaters 🐶
5952,0,Not Hate,: It’s inferiority complex that’s causing all these Hausa hatred we are seeing on the timeline.
5954,0,Not Hate,Tinubu is a DON
5956,0,Not Hate,Haba. No offense taken😃
5957,2,Hate,"Foolish hoe"": Lols.I don't even know "": Why?"": I think I wanna become a lesbian :|"""""""
5959,1,Neutral,The stupid Garba Ewu should respect southern governors and respect the peoples decisions too.
5960,2,Hate,"God will punish you and your generation. You uncircumcised terrorist tribe killing people at will, just because the president give you comfort. God should have wipe u people out like he did with Sodom and Gomorrah.. Hausa/Fulani are the problem of the oneness of Nigeria."
5961,0,Not Hate,: Black women in England are four times more likely to die in pregnancy or within the first six weeks of childbirth than their Whit…
5963,1,Neutral,: Fulani girls are so unproblematic! But you see the men them! Wahala!
5964,2,Hate,"Why are Nigerians generally rude. The worst part is , they think it is cool to be rude. The stupidity."
5966,2,Hate,"Yo! 😂😂😂😂😂 nigga don't tempt me I have better chances of nailing your mom better than your dad, so don't put me up on that ""I don't have shit"" BS, BITCH!!!"
5967,0,Not Hate,Some sperm can live in a woman's reproductive tract for up to 8 days after sex.
5968,0,Not Hate,Why do a lot of people want to bang a military chic? Please make it make sense.
5970,2,Hate,"Actually the problem is your English teacher, you don’t hate your dad and you can’t hate the prophet. The statement should rather be “ hate most of the men particularly Hausa men”. Beside this kind of statement is a proof of nothing but the beginning of lesbianism."
5971,0,Not Hate,": Baboon grabs female TV reporter’s breast live on air (PHOTO, VIDEO) LINK Guysversusgurls"
5972,2,Hate,"Why is the Southern Nigeria made up of fools despite all the acclaimed education? If this schemes by the north plays out and succeeds, then the whole Southern region are slaves and moronic."
5973,2,Hate,Y’all Racist MuthaFucker just mad to see your fine white women taking Black Dick because your little white pecker won’t work .
5976,1,Neutral,", are bunch of idiots. Ordinary to send alert is a problem."
5977,0,Not Hate,God lives in you and Jesus paid that prize for whosoever believe and receive him LINK
5978,2,Hate,Yoruba demons
5979,1,Neutral,I’m sick of all this temporary shit
5981,0,Not Hate,Lola Omotayo dazzles in new photos LINK
5982,2,Hate,A bf and gf👫 are suppose to laugh😂 at these hoes👯 together💑. A guy should never have these hoes👯 laughing😂 at his girl
5985,2,Hate,You are an Aboki who knows the SS and the SE more than the people who are from there. Do you think we southerners especially the Igbos are as brain dead as the people from the North who are easily brainwashed by religion and propaganda? You think I don't know history? Mumu man 🤣
5987,0,Not Hate,But it's u ladies who complains the most when hoes take yo shine. We fellas are only lending a voice to d voiceless LINK
5988,1,Neutral,I think merry men should help us in this protest we need the Yoruba Demons on this one Egbon hack anything hack able ￼
5989,0,Not Hate,"👯♀️Girls all love this Lovely &amp; Cute Suede Dress, and you? 👉Price:$32 👉Click here to buy: LINK LINK"
5991,0,Not Hate,": Just in : vulture died after eating poisonous cow meat inside slaughter market. Biafrans stop eating cow meat, fulani's…"
5992,2,Hate,"Why would you take relationship advice from someone who's not even married just single,hoe that's like taking medical advice from an Obiomma..."
5994,1,Neutral,"Bigotry is when you supports same herdsman I’m supporting or my supports for PYO and you supporting people that called your generations cowards, fools, bastards, idiots for accommodating them. Go get your brain formatted Orangutan who’ve lost his ancestral home cos of peppersoup"
5995,0,Not Hate,Photo: Police arrest suspected Fulani herdman who shot okada rider in attempt to snatch his motorcycle in Abia State LINK
5997,2,Hate,"This is one of the evil, feckless and useless presidents ever. He can't command the police to search for fulani herdsmen terrorizing our people in their own land. What the northern people can never tolerate. Olodo buruku! O maa ku jati jati ni. LINK"
5999,2,Hate,: Fulani herdsmen threat to ODUDUWA REPUBLIC and BIAFRA is like cockroach threatening Chicken. You're dead while thinking of a…
6000,1,Neutral,"If u even consider your brother, you're d biggest fool."
6001,0,Not Hate,: 6 Million Igbos Were Massacred In A Genocidal War By The Nigerian Govt With The Help Of Britain Targeted At Eliminating…
6002,1,Neutral,Stupid tweet of the year.
6003,0,Not Hate,"Who is paying ? Is this not a secular state ? The mission schools were taken by force during military rule by a Muslim ruler. Can Muslim schools allow d use of Songs of Praise or allow Christian students to rear pigs ? Muslims too can tolerate this, let be sincere."
6004,0,Not Hate,"Go jor, I no be like u😏"
6005,2,Hate,"The foolish thing about you is that, you feel all Those who talk against you ""Foolish and disgusting hate attitude"" are Fulanis' or hausas' n non-Igbos.. I am from Enugu State, Obolo. If this is what agitating for a country means, I will never be a part of your *Stinking biafra"""
6009,2,Hate,How will u oppose restructuring it'd because u are wicked. And I am sorry this might be coming from the Northern folks who don't understand this system still don't favour them the masses but the ruling they are edge at the receiving end.
6010,1,Neutral,Liar. Islam does not support rape. If you have sex with a 13 year old. It is rape. You can not tell me Islam is pro rape. So you and anyone who agrees is a liar/ has been led astray LINK
6011,2,Hate,": Yoruba(˘˘̯)"": Sharrap : Igbo girls"": That type of pussy that requires a toothpic…"
6012,2,Hate,This is hw humans are being buried everyday in Nigeria because of Fulani Islamic terrorists. And British that form this evil and failed state are enjoyin happily. LINK
6013,1,Neutral,"Lol, because we are trending Jesus. Flatout dumb people are trying to pontificate and sound smart. Alayeee GTFOH"
6015,1,Neutral,""": Boring wood star 'Ramsey Nouah' quits acting!""*suprised* *laughs *"
6016,0,Not Hate,": In Biafra, even if you want to worship cockroach, you are free. It is not in our DNA to force anybody to do anything and w…"
6020,0,Not Hate,: This is a deliberate anti-Igbo dog whistle by the Attorney-General of the Federal Republic of Nigeria. And it’s coming on the…
6021,0,Not Hate,": More than 20 people have been allegedly killed in Igangan, one of the towns in Ibarapa North LG in Oyo State, as Fulani…"
6022,2,Hate,a generation that have hobbinized in licking the ass of Hausa fulani due to their unstable nature. Ode
6023,2,Hate,""": Gay Terrorist... LINK"
6026,2,Hate,"Does these Fulani Headsmen Terrorists wants us all turn to cows? This menace deserve drastic &amp; quick action, Sadly Naija!"
6027,2,Hate,"All these stupid Muslim just want another religious war an they thought it was those day I cry for them,by useing fake news to cause problem a"
6028,1,Neutral,Hereth me thou u fuckface.
6031,0,Not Hate,"So apt! Couldn't have said it better. Just read a story of lesbians abusing each other. They are women. They dont come out saying women are scum or rapist! Guys abuse other guys. Friends manipulate each other. Human is human. Some good, some bad. People need to understand this!"
6032,2,Hate,: What does a dog-riding elf a lesbian-barbarian and a shapeshifting princess have in common? Vanx Malic! LINK
6033,0,Not Hate,"Breaking News Police engage Gani Adams, OPC to collaborate against deadly Ikorodu cultist gang, Baddo . LINK"
6034,2,Hate,"Stupid Hausa people everywhere , oponu omo Yen yen yen ...😏😏"
6036,2,Hate,"Mumu, hausa people are the biggest slaves in Nigeria. You have never ruled Nigeria, your land has been taken over by the Fulani and you have been made slaves in your own land. In the next 50 yrs there will be nothing like Hausa"
6037,1,Neutral,"I swear, Nigerians are so selfish"
6039,2,Hate,Crazy bitches** 😁
6040,2,Hate,"Northerners are like ostrich, when you tell them the truth, they will hid their head in the sand foolishly believing they're secured Trying to change the narrative to fashola is foolish. Stop distracting people trying to save you from your self."
6042,1,Neutral,“Even if you don’t learn yahoo at least learn how to roll Igbo” - one idiot
6043,0,Not Hate,"Simple... you can't prove a book is saying fact by reading from the book. , To prove that biology text books is saying fact, we can see the plants and animals doing the things the books said. Besides we don't have Igbo, hausa or Yoruba names in those books."
6044,0,Not Hate,The Nigeria police force is the terrorist menace we are struggling with here in the south. Southern Boko haram
6045,2,Hate,Guy check my new tweet..all this ilorin Muslim girls are so annoying
6046,0,Not Hate,""": thnkz for the follow ..##"" Cool!"
6048,0,Not Hate,"I see how rotten your mentally is when you use the word cockroaches I won't stoop too low, I was raised better Humans and majority Christians where killed in the north and south no insect was harmed But the south is minimising the north is maximising. It will get to you 1 day"
6049,2,Hate,"Babies are really expensive, lazy and jobless humans 😂. They sit all day, sucking all your attention and care. Most annoyingly, they grow at snail speed! 😂"
6050,1,Neutral,who is this idiot now?
6052,2,Hate,I always knew these sets of feminist are damaged girls some even into cheap prostitutions. See pson when know her. Who go want this for en daughter LINK
6053,1,Neutral,"Meanwhile in my country, FFK would start telling you how he conquered Hitler with catapult and 2 stones. Therefore, such questions shouldn't be asked. Clowns🤡🤡🤡"
6054,0,Not Hate,"Types of men dat scares women away. 1:ARROGANCE,2:A WOMANIZER,3:MISER,4:WRANGLER,5:STANDARD RIGHT,6:WOMAN HATER#"
6057,0,Not Hate,"Guys insult eachother and don't really mean it, and girls compliment eachother and don't really mean it.! Life ehhn!"
6058,2,Hate,I'm an atheist born of Christians but at the same time I'm in love with a Muslim. I actually see Christians as the biggest problem but muslim fanatics the biggest mistake the world has
6059,1,Neutral,". SMH!!! *sad mood*... I neva knew they r diz inconsiderate, inhuman nd stupid... Der z many more idiotic ideas"
6060,2,Hate,"What happen now?Kii de? Abi is 10,000#/room ni?their major customers will be our northern commercialist political peoples,you know?hope I have not talk hate specie?"
6061,2,Hate,"Black race is low on mentality.Asiatic fulanis are busy wiping out black aborigines,but all we do is abuse ourselves, while diz slimy fulanis hide bhd D hausas 2 grab power to continue their tribal agenda. I will not , but I will ."
6062,0,Not Hate,Tubman succeeded in making 13 separate trips to help escaped slaves make their way up north
6066,0,Not Hate,Many things are happening... Dear Lord help us all🙏🙏🙏
6067,0,Not Hate,Barbossa
6068,0,Not Hate,"When ur ppl are busy calling other ethnic groups ARNE ,Christian missionaries are busy wining many hearts of Fulanis in d bush! A lot of their youths can't recite Suratul fathia . This must be our collective sacrifice to win their hearts back to God! LINK"
6070,1,Neutral,Nigerians! Tufia!!!
6071,0,Not Hate,Islamist fundamentalists
6072,2,Hate,"That's the way they want it. They forever want to be behind, they want to conserve their primitive way of life. Is that not why Boko Haram is fighting western education. Why herdsmen still carry their cattles around even to major cities without practicing ranching"
6073,1,Neutral,Typical arrogance of the genocidal imperialist barbarians of the West. They imposed debilitating sanctions on Iran and expect full compliance of the Nuclear Deal.
6074,2,Hate,"Tell them, they were not shocked, when mallam el-Rufai paid Fulani herdsmen for killing southern Kaduna people, but they are shocked when Wike assisted victims of herdsmen's attacks in Benue. Bastards."
6076,2,Hate,"Why don't you just start a thread that all Fulanis are herdsmen to sound half smart, how did Nigeria inherit this much number of dumb people in her population? In case you cross the Niger bridge anytime soon, the herdsmen, bandits &amp; cattle owners are different people."
6077,0,Not Hate,Who the heck is that boy girl?
6078,1,Neutral,My brothers would wait until its 9pm to start cooking dinner. What's this nonsense?
6079,1,Neutral,Oh i even forgot that this government has handed security of lives and properties to God ( without giving Him security vote ooo) . They are merely securing the lives of the herdsmen. Garuba and his cronies are coconut heads
6080,2,Hate,The proponent of indecent dressing is either a gay or a religious fanatic or both.
6081,2,Hate,Yall hoes fake asf ! Plastic ass mfs 😂😂
6082,0,Not Hate,African cherry
6083,2,Hate,😂😂😂 Christians are clowns 😂
6086,0,Not Hate,""": Ait watch nw "": u guys don't stand a chance""""fat 1"
6087,2,Hate,"A prime example of the cowardice, hypocrisy &amp; stupidity of Arewa twitter - Buhari &amp; Buratai can't defend your life &amp; protect your properties &amp; livelihoods but it is Fashola that is your problem. Absolute stupidity personified in a bunch of drug smoking idiots."
6088,2,Hate,Werey gay bastard atheist 🤣🤣
6090,1,Neutral,"Bashir, u are a he goat.. Segalink is far more important than you as fer as Nigeria is concern.. Keep fooling yourself. Posterity will judge us all... Dumb Bashir"
6091,2,Hate,""": If u are a virgin , be proud of that shit😃 &amp; don't give Fuck about the hoes around u💁💫.""I hope u ar 1!"
6092,0,Not Hate,White money that's rude...
6093,0,Not Hate,": Watching Hausa Film with my sisters Title: ""Yar Baba"" Girls's name inside the Movie ""Yar Mama"" 😕 Baiya expla…"
6094,0,Not Hate,Gayish
6095,0,Not Hate,"Thanks sweetie ・・・ She's got substance, She ""works"" the talk... Happy… LINK"
6096,0,Not Hate,This heterogeneous population are for atiku
6097,1,Neutral,You see this na aba girls go spoil am. Just watch and see.
6098,0,Not Hate,: Idiot! Igbo-Biafrans are live &amp; develop all areas of Nigeria. Igbo-Biafrans speak Yoruba &amp; Hausa languages more than other…
6101,0,Not Hate,You be gay??
6102,1,Neutral,Ur gyrl is a groupie.....
6103,0,Not Hate,"Except those who believe (in the Oneness of Allah Islamic Monotheism), and do righteous deeds, and LINK 26:227"
6104,1,Neutral,"Let Buhari announce 3rd term now, you’l stil see the crowd of foolish miscreants in kano that Wil vote for him. Even those we re weeping for that died of covid wil rise on election morning to shout Sai Baba."
6105,2,Hate,I hate going in restaurants &amp; the bitches got attitudes cuz they work there. Hey I didn't tell you to work at Popeye's don't be mad at me.
6106,0,Not Hate,There’s no traffic in your own lane.
6107,1,Neutral,Fuck off man😂
6108,0,Not Hate,"Madam fat women no dey nigeria? Nigerian men too sweet abeg.. We are good people, thats white woman is pretty not because she is white but she is actually pretty."
6109,1,Neutral,Agbaya.. That is what yoruba call people like him... Elders are suppose to be wise but this man is as stupid as a 5 year old who thinks he is smart.
6111,0,Not Hate,"Open the link, she's half Igbo, half Yoruba. Peace out ✌️"
6113,1,Neutral,: Police did Fucking abuse with this Girl while investigation See here =&gt; LINK LINK
6114,0,Not Hate,": I hope people will not pretend not to see and hear that since yesterday, many Northern elite have roundly/vocally condemned…"
6115,0,Not Hate,: For the right to tweet and retweet. Lol FOCUS …
6116,0,Not Hate,"Lefe shi abun ne daidai kudi ka, yanda da yawar mu bamu iya siya kayan RukkyNG Saboda kudin mu ba Kai ba haka kuma wasu suke siya."
6117,0,Not Hate,: • COVID19 is ravaging the entire world. • Racism - The ruthless killing of George Floyd • The genocide in Southern Kaduna. •…
6119,2,Hate,"dem bitches makes me mad, bt i mst cnfes, dia booty makes me glad."
6121,0,Not Hate,"Why has accepted a traditional title from the ""Hausa-Fulani jihadist"" he so much hates with passion that he often flagellates, lacerates, lambastes &amp; tongue-lashes? Could he feels that accepting it is an opportunity to enjoy relevance in power politics of the North?"
6122,1,Neutral,A PERVERSE &amp; ADULTEROUS GENERATION...that what it is!!! LINK
6123,1,Neutral,": All the Fulani enablers in Yoruba land,you shall all perish."
6124,2,Hate,"In as much I don't like what's happening, but you see Yorubas, they are cowards and never a threat to Nigeria. They must be conquered by the fulani. 99% of Yorubas are Muslim!!"
6125,2,Hate,FEMALE AND THEIR WAHALA 1. Female dogs become so wicked when they give birth. 2. Female chickens chase people... LINK
6127,0,Not Hate,": Below is Gimba Bulus Joseph of sabon gida Idon that was killed in his farm this afternoon by Fulani, he was on his farm 17…"
6128,0,Not Hate,This is why they make fun of your head.
6129,0,Not Hate,: Fulani jihadists taking over Yoruba land - Nnamdi Kanu warns ⋆ LINK via
6130,1,Neutral,Useless fools
6131,0,Not Hate,Majority haven't resumed back 2 work and those dt av are talking subsidy rada dan work.
6132,1,Neutral,I hope your daughter or wife or mother receive such slaps from a sorry state of a man.
6133,2,Hate,"Hoes be 13 talking bout they sexually frustrated, Bitch you mentally retarded.."
6134,0,Not Hate,"I thought nigeria is a country for both us,yoruba,igbo and hausa ,but why the discriminated?"
6136,2,Hate,The silence of this body to the orchestrated ethno religious killings of the Biafran people ( IPOB ) by the Fulani state-sponsored terrorism in nigeria is mindboggling and lends credence to the distrust of the oppressed people globally that UN is a toothless bulldog.
6137,1,Neutral,Ohhh so mahni you dey relationship since dey whyine me..... Men are scum
6138,1,Neutral,4. The poor Hausa man sleeps under the bridge as Alamajiri The poor Yoruba man sleeps under the bridge as Alaye The poor Ibo man sleeps under the bridge as agbero It is pertinent to note that the poor from all ethnic groups in Nigeria have everything in common and so is the rich
6140,1,Neutral,"This is what we call 2face, Hypocrite."
6141,0,Not Hate,National orientation agency suppose to do better in removing this ethnic hate via orientation of Nigerians on impotant of national cohabitation in peace. There is no justification for ethnic hate and we cant move forward like this as a nation. Lets love leave sir
6142,2,Hate,A bitch be hurting and still turn up in da club with them hoes I understand!
6143,2,Hate,"Trust no female directors, so many shit out there especially those silly shit who called themselves single mother, their are potential slut LINK"
6144,0,Not Hate,"An African slave named Black Caeser went on to become one of the most powerful pirates ever! He was an 18th-century African pirate."""
6145,2,Hate,You are in fools paradise. A sport journalist who can't analyze sports. You just anchor an argument then learn from them. You hailed from the worst part of igbo. Owerri. Ritualist headquarter.
6146,0,Not Hate,Valteri had better come through tomorrow. Because these Bulls be angry .
6147,1,Neutral,Olodo niyin sir. The bridge in question is how many kilometres? Find out about that and shut up for life.
6149,2,Hate,The evil women do. Even the devil is suprise
6150,1,Neutral,"""Meanie!pettixe: Hoe-kay "": Good morning to everybody except the ugly females! Yall don't deserve a good morning (˘˘̯)"""
6151,2,Hate,All these newly bred Fulani slaves sha...can't u just defend ur unrepentant Thieving pot-bellied Fulani politician from Adamawa without dragging other contestants?
6152,1,Neutral,"finally some1 is accepting d real *him, crazy boi"
6153,1,Neutral,"Arindin omo Ale yoruba ni eleyi, Inu furo Buhari lo ngbe.... For non yoruba = this guy Lawal adebayo is a satisfied bastard and lives in Buhari's rectum... 🙄😌"
6154,2,Hate,"p.h,abuja,ibadan,beini city.lagoes,ogun,delta we all know the tribe. as for huasa/fulani na who get sense dy scam. internationally or locally fruad na fruad. g"
6155,0,Not Hate,U say what!!!!!
6157,2,Hate,: Some Arewa Girls are just like Armed Robbers not Girlfriends any more. Lmao😂😂 Ku hau hanya mana kawai musan ku barayi ne. L
6158,0,Not Hate,: How I’m supposed to be a lesbian AND have carpal tunnel?
6159,0,Not Hate,"Lol..evilz... "": We Ladies are wicked. We will lay on ur chest and ask, ""Honey have u ever cheated on me?"" ...then wait for ur"
6160,1,Neutral,Idiot of no comparison Ode! LINK
6163,2,Hate,"In Delta Herdsmen allegedly rape woman, attack 3 men The herdsmen killed the farmer after he refused to allow their cattle graze on his farm, reports said. Permalink: LINK LINK"
6164,1,Neutral,"Sabi cook, I can get the fck outside"
6166,1,Neutral,Shit I need to learn yoruba ASAP.
6167,2,Hate,God please don’t let me jam all this type of agbako girls with rotten pussy
6168,0,Not Hate,A candle looses nothing by lightening others!
6169,1,Neutral,One time for my Nigerian sisters. One time for my Nigerian Hoelosho. Lame niggas can't tell the difference One time for my niggas who knows. LINK
6170,2,Hate,"Well, it's unfortunate that you are dead and rotten in the grave and you can't live to see Biafra Republic Amalgamated for its own Nation and Super Power of African Continent. Whether you're Queen or your emissaries can't stop it, white potatoes in Britain evil! LINK"
6171,0,Not Hate,: “: I will never insult nollywood again in my life LINK yes .
6172,0,Not Hate,": Saw a lot of northerners speak against this today made me happier than you can imagine!! No slander, t…"
6176,2,Hate,"You are saying amen? Omoale yoruba jatijati, you think ppl that appointed him are daft like u? Onilara, Iran kanakan o ni se Ori re. U de hate omo ologo 😂"
6177,2,Hate,They are not Terrorists. But Igboho and Ortom that are fighting against land theft by Fulani theives are the Terrorist. Oloriburuku government. Awon werey! LINK
6178,2,Hate,"Abegee you people should leave her alone and use that momentum of searching for her and go to southern Kaduna where terrorists herdsmen are on rampage killing, kidnapping and raping innocent NIGERIANS for no reason...😎"
6179,1,Neutral,"Thanks our father and mentor, lecture them and restore some senses into their empty skulls."
6181,1,Neutral,"I was about to go to bed, but after you all chose to be confidently stupid I have been motivated to adhere to the"
6182,1,Neutral,"Not resignation only , he should be sued also .... That nitwit"
6183,2,Hate,I'm always scared of bearded men.They turn out to be men who believe in using evil to forge good;they're terrorists.
6185,0,Not Hate,Gud m°• ?•°•rn!ng €v£r¥°• ?•°•n€. ╔░❀ wh!§h!n u all ☆a☆§tr£$§fr€£❀░╗w€£k •█▬&█ █ ▀█▀ Hav a l°• ?•°•v€l¥ da¥ ah£ad•‿↗⁀↘‿↗
6186,2,Hate,"You're a Foolani Scum, what do you know about Igbo people and their heroes? Better don't talk what you don't know. Fool."
6187,1,Neutral,Some niggas are just bitches strapped with dick * soul*
6189,2,Hate,"there is no doubt that,we are running ILLUSIVE leadership. Where Buhari is spouting second hand ideas. Trying desperately to fit in, rather than to stand out. People must not bring in rice or food stuff &amp; farmers are being killed by Fulani herdsmen criminals."
6192,1,Neutral,Shame to everyone of them LINK
6193,2,Hate,The hausa Fulani has taken everywhere in Yoruba Stop crying You are quite because you are left with no choice You rather transfer aggressions to the Igbos. f**ls
6194,1,Neutral,"'s government releases Book haram terrorists, breeds hoodlums for use to divert attack peaceful protesters. When all fails, he orders soldiers to kill peaceful protesters."
6195,2,Hate,"A Facebook user Named Che Oyinaytumba has embarked on a Cowless Nigeria, Following the continuous killings and Attacks By Fulani Herdsmen, According to him he has stopped eating Cow and bwill continue to until they are Prosecuted, That he eats only Pig (Pork) and bush Meat LINK"
6196,1,Neutral,"Obviously you need fingering so badly Kindly Goan get it in peace Sinners judging those who they feel sins differently Goan quench ur Honeypot too, seems you need some clit stroking hypocrites"
6198,1,Neutral,The marabouts telling yahaya Bello that he would be an accidental President just as he was an accidental Governor are either on drugs or didn't get the correct revelation from their jinn gods. A catastrophe to kogi state who should thank God he became a Governor on luck
6199,2,Hate,"I completely agree with CAN on this. May we also remind CAN to direct equal amount of energy to the more degrading houses of whores called 'Christian' churches whose outlook, activities,&amp; dressing cultures promote immorality &amp; precipitate rape, and other atrocities. LINK"
6200,1,Neutral,"Na wa o, so I hear Yoruba guys are the most promiscuous! What's up with that? LINK"
6201,0,Not Hate,: Northern Governors meet almost every month and come out with resolutions we sometimes detest but Nigeria usually moves on…
6202,2,Hate,This Hausa/Fulani are so wicked LINK
6203,1,Neutral,Animal.
6206,1,Neutral,What happens to the gay mallam exploiting almajiri boys in minna.... What happened to the so called repentant boko haram who have claimed more lives than covid? Who tf did we offend? Everybody just motherfvcking hypocrites!!! LINK
6208,2,Hate,White fucking bitches 🖕🏻
6209,1,Neutral,": i left my girl back home, i don’t love her no more &amp; she’ll never fucking know that ..."
6210,2,Hate,"Get A Dick, Put It In Your Ears And Fuck What You Heard. Yoruba Muslim Scum. Cunt!"
6211,2,Hate,It was your IQ and that of your useless BMC northerners and fellow terrorist and terrorist sympathizers that suggested ur gullible Northerners PMB now what is the outcome of it? Failure at its peak
6212,1,Neutral,dat guy is crazy
6213,1,Neutral,"!!! Lmao “: Cant spell Ugly without ""U"" bitch”"
6214,1,Neutral,NIGERIA KLEPTOMADNESS INDEED... LINK
6216,2,Hate,Wasere Yorubas are too Good in this act ha fear dem ooo dem wicked nd unhelpful
6217,2,Hate,"Tell your oga to stop releasing captured Boko haram and stop the pretence and long grammar, who grammar help?A stupid Fulani illiterate was on National TV calling your people primitive not minding that No2 citizen of Nigeria is a Yoruba LINK ashamed of you"
6218,0,Not Hate,"I am not a tribalist but we will continue to be insulted until the day the ""PRIMITIVE"" southerners (South-West, South-South &amp; South-East) close ranks to demand for Independence from the ENLIGHTENED NORTHERNERS."
6220,0,Not Hate,🖤🖤🖤🖤🖤💥💥🖤🖤🖤🖤
6221,2,Hate,"Stupid Hoe!!!"": Bitch! Of course u r "": And why is she treating me like I'm a married man???"""""
6223,0,Not Hate,Bayern munchem
6225,0,Not Hate,"have its root in d word ‘Yarba’/‘Yariba,’ but none of d variants means those terrible things d fmr minister said... didn't ‘give’ d name ‘Yoruba’ to d pp of western Nig. &amp; d name doesn't share meanings with anything bad, awful, “shady &amp; unreliable” -Lasisi Olagunju, PhD"
6226,1,Neutral,"Aswear!!! The guy reeks of something diabolically feral, mean, wicked, brutal, cold-blooded and cruel. If truly eyes are windows to ones soul, his must be dark, dank and black!!! I shudder whenever I see his eyes!!! God forbid BATSHET🙏🏾🙏🏾🙏🏾🙏🏾😭😭"
6227,2,Hate,how can pple go back to farm with Fulani herdsmen killing pple in forming communities freely &amp; govt is doing nothing to stop it
6230,2,Hate,I'd rather worship a goat than be a Muslim. Very primitive cursed religion
6231,2,Hate,""": Fag"": "": Which annoys u most. Lesbians or Fags ? ""both""""lol idiot geh"
6232,2,Hate,Hausa man? Y’all blood thirsty bastards!
6234,0,Not Hate,: Funny thing is her haters would still try to follow the steps and answer these questions so they can stand a chance to…
6235,0,Not Hate,Allah yabaki miji nagari idan dagaske kike
6239,1,Neutral,"See, we shouldn’t allow ourselves to be cowed by children of looters. They should just enjoy their loots in silence."
6240,2,Hate,That how they do (Northerners). Am a Muslim but the Queen values life. The devilish character in the Northerners are making others believe its what Quran says they are doing ( NO oooo). They are devil incarnate
6241,1,Neutral,We've got no President in this godforsaken country. All we have is a imbecile called ... you can arrest me for hate speech.. Fulani keeps killing yet y'all after
6243,2,Hate,Play it without blood bc Fulani people are involved. Fulani Herdsmen who are d 4th most deadliest terrorists group in d world? But other innocent unarmed blood should be wasted? U lack common sense!!!
6244,0,Not Hate,"I'm gud o, berry for real.. How ya doing girl"
6245,0,Not Hate,"Singer, Chike Apologizes To The Igbos, For Calling Them Primitive Thinkers ""Chike"" ""Jack Ma"" ""iPhone 12"" ""Rema"" ""Fulani"" ""Pele"" ""Mango"" ""Lai Mohammed"" LINK"
6246,1,Neutral,You are a bastardy
6248,0,Not Hate,: need to resign for violating Nigerian constitution. https:/…
6249,1,Neutral,brother wey mumu
6250,2,Hate,North is full of mad people the whole of lagos streets is filled with bind Northern beggars you people should be ashamed. You can't even take care of your people and how do you now want to take care of a whole country..
6251,1,Neutral,"This guys are all alike. They use and then demonize after usage. If he left on the grounds that APC would give him a better opportunity, i would understand but going ahead to say all sorts of nonsense about a platform that helped him win a ticket twice is just so shameful."
6252,1,Neutral,"In the guise of searching for IPOB members, Nigerian police and Army are raiding worship centers. Nigerians won't vent now. These same hypocrites were hard on Israeli police for matching into Al qasa mosque."
6253,0,Not Hate,You’re a conscious mind. I wish more Muslims and even Christians were more like you.
6255,1,Neutral,What kind of Christians run ? Oyedepo is a complete disgrace of a leader if this is how his school is ran
6257,1,Neutral,"Lolz"": Boys are horrible people when they're horny..but I understand when those nuts feel up.u have to release.it's mandatory"
6258,0,Not Hate,Isn't last paper syndrome the I don't care syndrome?
6259,1,Neutral,He's a lying two faced piece of shit. Obessed over a woman who clearly isn't attracted to him. Instead of him to move on he chose to act foolishly
6260,2,Hate,""":what!! icked!! : Yoruba boys are sweet pink icecream compared to a wicked Igbo boy, mind like zuma Rock."""""
6261,0,Not Hate,": Did you know? Since 2009, over 60,00 Christians have been murdered or kidnapped in Nigeria. Around 20,000 Christian sc…"
6263,2,Hate,"Blaady faggots"": Lwkmd make I catch dem 1st"": Homosexuals Planning To Protest In Abuja` - LINK"
6264,2,Hate,"And hoes! "": !!!!!!"": !!!!!!!!! "": !!!! : Slim girls are evil"""""""""
6265,1,Neutral,B4 nko do we want a pot belly man that can't arrange baba's schedules
6266,0,Not Hate,I was going to say you are pretty
6267,2,Hate,": Go for the criminal herdsmen, the ones with AK-47s, the ones terrorizing you not innocent and weak northerners. Stop being…"
6268,1,Neutral,Shut up nothing concerns degree here
6270,0,Not Hate,: The ummah is in a state that when a Muslim sees another Muslim praying their 5 daily prayers they say when did you become s…
6271,1,Neutral,Mumu where did she mention Arewa in her tweet.
6274,2,Hate,"But they haven't conducted such air strikes to dislodge Boko Haram, bandits and killer herdsmen! Na idiots Dem be and na their crafts go kill and destroy then"
6275,0,Not Hate,Kanawa basu da gaskiya ne. That's just the matter.
6276,0,Not Hate,: if you are not ashamed to be a Christian. LINK
6278,2,Hate,"Ladies, How do you guys do this? So my girlfriend became my friends girlfriend too at the same time. Girls are the real scum..."
6279,2,Hate,The kind of wickedness that a lot of cultures in Southern Nigeria mete against widows eh! Those ones suppose end up for the last chamber of Dante’s inferno. In the name of one useless culture
6282,1,Neutral,No be Mumu be that
6283,1,Neutral,Buhari has the right to express himself ba? Sowore has not threatened the peace of Nigeria but you wanna kill him. Bunch of hypocrites
6285,0,Not Hate,👍
6286,1,Neutral,Stfu fool
6291,1,Neutral,You amaze me.bad example to Christianity it isJoe with their satanic policies are good example to LINK are a clown
6292,0,Not Hate,ΨђƔ e go bit a lady nd a cab man
6293,1,Neutral,U never start to see rubbish
6294,0,Not Hate,"A lady tell me da she always b beautiful in de evening dan after or when rain fall, stud I till fail in love with girl"
6295,1,Neutral,U r with wicked nt fulani.
6296,2,Hate,"They are addicted to always denying what they said or did. They've seen the resultant effects and their foolishness in proscribing peaceful IPOB, while north'govs are busy protecting &amp; negotiating with bandits &amp; kidnapers even wit boko-haram &amp; killer herdsmen LINK"
6297,2,Hate,Oloshi omo hausa When you people don't know real life Just sleep eat wake in the northern side Office workers go to work 12pm return home 2pm after prayer Not your fault how will you understand. Na fura kaza full una brain mumu
6299,0,Not Hate,....In Burkina Faso mediating on the crises there....Meanwhile the North Eastern part of Homeland is gradually... LINK
6302,0,Not Hate,"Exodus-Igbo Israelites encamped in Jigawa State, at Birnin Kudu (Igbo language: e biri n’anị oke udo – lived at border land in peace), paintings discovered in 1950 as rock gong - Ogene Okwute - oge e ne e kwu ete -contemplate &amp; confess sin p168 LINK LINK"
6303,2,Hate,"Gross nepotism exhibited by church and mosque goers hence God has made them experience it. No more doubtful that we are not one until the learn to love each other and become one, killings will continue. The abadone almajiris have not started theirs."
6305,2,Hate,Oh Allah save mieh 4rm short bitches lyk reeyah...ameen
6306,1,Neutral,"Nobody should die for any of these politicians ooooo. Ibomites, should be wise. Let the politicians bring forth their children to die for them. Nonsense and defending votes"
6307,1,Neutral,Hmmm smoke Chicago bitch
6309,1,Neutral,"Who is this efulefu ranting nonsense here, will you get Peter Obi’s name out of your maggot infested mouth. Big fool. LINK"
6310,2,Hate,Lots of gullible souls in the east has been brainwashed now if your not for them your either Fulani slave or sabo They are all over Facebook and Twitter using fake account insulting and threatening anyone that criticize the Evil going on in Ala-Igbo We are in huge trouble here
6312,1,Neutral,""": GOD will not give dis mushin gurls chance..... get Modupe of life""hmmmmm"
6314,1,Neutral,"I can't believe this fucking idiot wrote these fucking filthy words. Sunusi is attention seeker ,he does everything to impress southerners and u can only do so by throwing dust in the eyes of northerners. So as far as I'm concerned, his words and yours are even."
6315,2,Hate,Northerners and dai shallow brain...see y Dey killing ur pipo everyday stupid pipo Una nr gree get sense
6318,2,Hate,"This girl tweeted ""Brb Gonna Take A Shower"", 2 minutes later she says ""Back"" ...HOE GET YO NASTY ASS BACK IN THAT SHOWER!”"
6319,0,Not Hate,Wane club kike supporting?
6320,0,Not Hate,Luv u gal
6321,0,Not Hate,: There are Yorubas in Benin Republic who respect the borders of Nigeria. There are also Igbos in parts of Cameroon and Equitori…
6322,0,Not Hate,My re-arrest’ll quicken actualisation of Biafra – Nnamdi Kanu LINK LINK
6323,1,Neutral,: Can somebody tell this son of a bitch from Abia to shut the hell up? Get over your madness of support for python dance…
6324,1,Neutral,My headache and anger is that this is coming from a Yoruba man. What a very perfect definition of bastard!
6325,2,Hate,no matter what it cost us..we always stay focus..dats y all dem bitches wana fuck us!
6326,0,Not Hate,: Fatal Accident - As Car Runs into a Bus in Warri LINK
6327,1,Neutral,"With the plenty hookers and ashewo wey full town... Having someone to fuck is nothing man, na being single dey kill pass"
6328,1,Neutral,"Gbogbo bis gurl"": FOOLISH GURLS,they want God to borrow them out of their future money to buy brazillian hair and bold 5.... U"
6329,0,Not Hate,Its basically not a marriage. Just another insane excuse for adultery by the western world.
6331,1,Neutral,Don’t let any mother fucker give u head ache o.. “ your body “nah body goals for most of them
6332,2,Hate,"Forget him,northerners are the definition of hypocrisy 🚶🏻♂️"
6335,1,Neutral,I said what I said you are the only problem this project have
6336,2,Hate,"Stop using cheap tired eyed, washed up ugly hoes in all ur videos it's disgusting and depressing...."
6338,0,Not Hate,: SAD-STORY--PHOTO-Of-A-Vulture-Waiting-For-A-Starving-Sudanese-Girl-To-Die-So-It-Can-Feast-On-Her LINK
6341,1,Neutral,Naaaa! We have got a Pharaoh in president. He doesn't care.
6342,0,Not Hate,My thought exactly.....
6344,2,Hate,"By their words we shall know them, FULANI demon, simple truth is like a deadly poison to Fulanis. They prefer killing over simple truth."
6348,0,Not Hate,These wonderful igbo guys I know. Haven't met them in real life but the humour is 10/10. you can't take it away from them. Ha bu ezigbo umu afo igbo with a difference. E nokwa ya? Add your name in the comment section.
6349,0,Not Hate,I see I saw I see umis agwo 💀😂
6353,2,Hate,: A woman that gives up her job or source of income because of her husband is the biggest fool on the planet.
6355,2,Hate,"Never dump ya real girl for a hoe...... These hoes ain't loyal! """
6356,2,Hate,"Don't play that stuxpid game, the bastaxrds in yorubaland are the one spreading those religion theories.."
6361,1,Neutral,OMG!! I thought it was exaggeration... Na oja-igbo be this.. Shit is Real LINK
6363,1,Neutral,"They citizens, wannabe call patriotic ones"
6364,2,Hate,"Fulani Herdmens Can live anywhere they Choose says Fulani Herdmens has been terrorists for over a decade now. Ask residents Kaduna And North Central States. They just extended their Terrorism to other part of Nigeria, reason why the alarm bell is ringing. Wicked souls LINK"
6366,1,Neutral,fuck off
6368,0,Not Hate,"All of you insulting wizkid and Davido, pls hide your face...."
6369,1,Neutral,"u won't na, olodo"
6370,1,Neutral,I dey remove my money ozigbo from this useless Bank
6371,1,Neutral,"Evil woman, God will put you to shame. Better face your state governor and stop distracting the FG. Focus!"
6372,2,Hate,: If all igbo girls are hairy then all yoruba girls are pigs .. I know which I prefer
6373,1,Neutral,My guy can’t relate 😎. Awon predicted yoruba demons 🙌🙌
6374,2,Hate,"I wanted a short time while u wanted forever with a hoe that is not clever True love is a hard pill for her to take because my Dick is the only thing she want to taste, I don't kiss and tell, so I had to kill and spill ur blood, true love hurts the most so will Ur death."
6375,0,Not Hate,"Who remember d post election violent in northern Nigeria in 2011 where southerners mostly corpers were killed because Buhari lost to a Jonathan Guess what led to d killing, na wetin Buhari talk before d election if I lost d election ""The Dogs and baboon will be soaked in blood"""
6376,2,Hate,"Shameless Igbos, the problems of Igbos are Igbos – Apostle Johnson Suleman (video) LINK"
6377,0,Not Hate,Kinda amusing to see learned people argue that Biafrans have no right to secede from this unholy union
6378,1,Neutral,When Atiku left PDP you never tag him some hausa people... when saraki left PDP you never tag him some Yoruba people. Is the same APC not slaughtering Yorubas. Your own anuofia is first class!!
6379,1,Neutral,Are you kidding me? For realz? Tweeted this 40mins and go and dint deem it fit to tell the soldiers to stand down? All you who are behind this...you &amp; your generations yet unborn shall know no peace. Hardship like never before shall befall all of you....Every single one of you. LINK
6380,1,Neutral,"I respect all humans, but angry to anyone who thinks I am inferior (Brit, EU, UN). I can go any length to prove I am not inferior and also that I am special creature from Elohim. I am A Biafran and Biafra I am very proud to be. Stop call us Nigerians or Southern Protectorate! Ewu"
6381,0,Not Hate,"Twitter do your thing,I need a girlfriend . I'm rich, I can cook, I’m handsome and I have a job/business. Please retweet my future wife is on your tl. Thank you!"
6382,2,Hate,"I guess u are referring to Nigerians,right? Though I beg to differ as the Southwest are the real cowards.With all their education,they prefer to pander to the North.I saw this on someone’s timeline, hope I am not out of context here. Salud! Oh I can’t, Nigeria lacks all"
6383,2,Hate,If Northerners enter dis country now..dem fit slaughter them that it's prophet Mohammed that send them... Awon oloriburuku people
6384,1,Neutral,"Don't be an ashole moron child. You are the fool i have ever seeing. Do you even know the meaning of shiites. Meanwhile,i am not an hausa or a northerner. My people dont beg. We aint the kidnappers you know."
6385,2,Hate,"You hypocrite should not deceive yourselves. You are here claiming to live a moral life, demolishing peoples properties, meanwhile your ladies are foKing under hijab🤣, your malo boys are gays. Alhaji foKing young boys n girls. U can't deceive person lik me wey grow for north 🤣"
6388,1,Neutral,You are a dumb human. Did he prey on underage girls? Mumu
6389,0,Not Hate,Happy sallah real Gees!!!
6390,2,Hate,"Very soon a muslim hausa man will not rule this country then u will know it was never because of tribe religion or state I don't know if u guys ever think outside your useless self righteousness nonsense. ...stupid hausa cows,"
6391,0,Not Hate,Tozali ne 🌝ana shafama babies a ido 😂
6392,0,Not Hate,"Nigeria speaks about 520 languages and by origin, I am from the Eastern part, born in the Northern half, and live now in the Western side. I am well travelled and learned in it's culture. It's diversity and perplexity, whores and flaws are all I live to write for."
6393,1,Neutral,i hate the kluminatti. they are all suckers. Allahumma dammin freemasons
6394,1,Neutral,Yoruba demon 🤣
6395,1,Neutral,This selective judgement is disgusting how many times have different Northern Groups issue Quit Notice to Southerners Igbos especially. Recently they threaten Bishop Kukah to leave. Did those Governors condemn them the way Seyi did to Igboho. Don't worry we know you own Nigeria
6396,2,Hate,Women just need to learn to live. No explanations whatsoever. Just live bitch.
6399,1,Neutral,Your region is the terrorist zone in Nigeria 🇳🇬 and poverty is killing you all there. Clean yours eyes before talking about India 🇮🇳.
6400,0,Not Hate,Hope you be treated malaria bro.... Cos this your dream look malaria-sh in nature
6402,0,Not Hate,is being biased for calling out the southern governor. There is northern governor's forum which the northern governors sit and make decision. It has never been condemned for a day. Restructure Nigeria Now and end .
6404,0,Not Hate,This kind of woman is among the reasons wants to save simps. Indomie generation go just open mouth waw like waw detergent. 😏
6405,2,Hate,"See I am not even a religious person, but note that not all religions ate the same relative to other religions islam is a scourge on the human race! It only teaches and advocates for the destruction of others and also the establishment of a primitive society I.e. sharia🤝"
6406,0,Not Hate,""": sharrap dere!!!! Did u jus call me ""undercover ibo girl"" chooiiii lmaoooooooooo u hve killed me"""
6408,2,Hate,"This crazy bitches wit dia sense of entitlement...who the fu*k ar u ? It ladies wit dis mentally dat mostly don't av anything to offer in a relationship,even dia so called pus*y is nothing but a public toilet and there body Center of Tourism for guys .... Mtcheeww"
6411,2,Hate,Western pretend to advocate the freedom of expression but when it comes to refusing homosexuality their standards of freedom get change into bullying ..disgusting western double standards..
6412,1,Neutral,You must be mad for using my girlfriend pic You better take that down werey
6413,0,Not Hate,Lol we will buy belloti
6414,2,Hate,"Igbo girls are extremists. The fine ones are alwayz too fine while the ugly ones are just too ugly"""
6415,2,Hate,Girls leave good guys who truly love them and tell them the truth all the time and be falling hard for fuck boys and Yoruba demons.😣😖😏😏
6416,1,Neutral,""": Guys insult each other and don't mean it. Girls compliment each other and don't mean it.""liar liar"
6417,0,Not Hate,I liked a video LINK Funny Elephant Video
6418,0,Not Hate,"The Talakawas say it's our Commonwealth! Our children will go to school too. Thugs on the streets. Miscreants. Almajiris. Drug addicted rotten hopes. No more! I saw Almajiris threw away their begging plates. ""Wahidi no more!"" ""How can I be hungry in a land of plenty?"""
6419,2,Hate,"That was typical Igbo man attitude ,always thinking their thought is right with arrogance , when SW keep encouraging their people to have PVC they are busy supporting miscreants to burn their PVC because they lack understanding of democracy"
6420,2,Hate,Pls not by gunmen but by Fulani Terrorist.
6422,1,Neutral,"You and Kosy are wicked people, terrible teachers like this. I teach your friend Ibibio on a regular and he is here hoarding Igbo phonetics. Wicked lots"
6423,1,Neutral,"Govt interests didn't send in those protesters That's why the police fuck with them NURTW Agbero, killer Fulani herdsmen, killer bandits and hoodlums all represent govt interest in one form or another. Hence the police inactivity Nigeria is not worth dying or fighting for."
6425,1,Neutral,"Yoruba Cursed Prodigal Son no dey see ds kind video advertise 4 their Brainwashed 5% Buharists who enjoys though grudgingly, living in Darkness, Massive Starvation, Untimely Deaths, Empty Brain and Hallucinated minds, Janjaweed killing Urchin Supporters of . LINK"
6427,2,Hate,Nigeria ladies are crazy
6428,0,Not Hate,🤔wetyn Chinyere nọ go see for Galilee
6429,0,Not Hate,"😂tell ur niggas friends u r single . If they agree with u , u are single!"
6430,2,Hate,"He's a tyrant....jux imagine d way well-trained 9ja soldiers r being killed in d Northeastern part,in d name of defending d Nation without adequate weapons... D terrorists and Fulani herdsmen go about destroying lives with sophisticated weapons..."
6432,0,Not Hate,"Is it not amazing how Boko Haram, Al-Qaeda and ISIS are not defending Palestine against Isreal?. They only take their 'Jihad' to Muslim dominated areas like Northern Nigeria and Syria. What more shall we say? Absolutely nothing!"
6433,2,Hate,Everyone South of the River Niger is oblivious of the fact that the NorthWest is ripping off this country if our collective patrimony. Nigeria has been retrogressing in their grip
6434,1,Neutral,"Any slave dat betrayed his master is a pig 🐷 dog 🐶, to dos idiots that says rubbish on we the northerners, what is ur problem it is because we always decide who to rule, so go fuck ur self idiots bunch of pigs"
6435,0,Not Hate,": OMG 😭 Just because of a car??? Wtf😭😭😭 one voice dere said in Yoruba that"" u spoilt my car u no suppose dey alive""😭…"
6436,0,Not Hate,": Here is Borno State Governor Kashmir Shettima inspecting 103 terrorists, murderers, rapists and arsonists on th…"
6440,0,Not Hate,banky re u a gay?
6441,2,Hate,Using Sex Toys Is Better Than Being A Slut - Bisi Ibidapo Obe: Yoruba actress Bisi Ididapo Obe who is popularl... LINK
6443,2,Hate,I original skipped this post but going back to the comments.. if I was in the north this arewa people would have killed me... Ordinary low back cos apart from the low back nothing else... Me wey go observe salat finish only to wear bum shorts up and down the area... Ani e gba dun LINK
6444,0,Not Hate,Don't you think Men should be addressed as Human beings and Women should be addressed as Woman beings.
6445,2,Hate,"The northerners and Muslims will rather die than allow power to leave their hands tbh. Not suprised, on an average, they are myopic"
6448,0,Not Hate,Yes ooh 😘 💋 💋 ... Female bread gang LINK
6449,1,Neutral,NTA is the foremost propagandist station in Nigeria.. that’s why Lie Mohammed would expect youths to patronize lies rather than find truth by them selves.. he should have brought out a bill to regulate google in Nigeria.. what a block head for a minster(Monster)..
6451,2,Hate,Ronaldo teaches that there's nothing like having your biological kid around you...not wuruwuru kid like that of idiotic gays
6453,0,Not Hate,"Dear Esteemed Customers, We understand the need to restrict movements during this period and urge everyone to do so. We are available to deliver to your doorstep: 1. Food and food items 2. Pharmaceutical items and 3. Other essential items. Call or send a DM. Stay Safe. LINK"
6454,0,Not Hate,ENUGBE CHALLENGE ✊THE HOOD GUYZ ARE TRYING 🔥 LINK
6455,0,Not Hate,Nigerian Muslims are awesome LINK
6456,2,Hate,Feminist in Nigeria is a satanist movement. They will never triumph. Bastard set of individuals with no purpose.
6458,2,Hate,"Muturu cow calling someone a moron, a miserable terrorist ozuor saying they are ruling and yet you're still the poverty capital of the world Boko Haram product of useless thinking. I pity every northerner I see, almajiri children of beggars"
6463,0,Not Hate,Rahama to arewa twitter :”I get coconut head I no Dey heya word” 🤣🤣🤣🤣
6464,0,Not Hate,": Dear Muslim sisters, Normalize marrying Muslim brothers from other tribes, as long as they are Muslims of proven charac…"
6466,2,Hate,"NIGERIA: BUHARI, FULANI HERDSMEN TERRORIST, MIYETI ALLAH TO NIGERIANS,"
6467,1,Neutral,"Before I continue, I would like to state that this idiot is ""Imam of Biafra"" he cannot be Imam in Islam because Islam does not Accommodate Homosexuality. LINK"
6468,1,Neutral,Those fool will die untimely too ijn
6470,2,Hate,Bitch shouldn't you be in church?!?
6471,0,Not Hate,: This is the image of someone mentally sound leading a nation? ht…
6472,0,Not Hate,LINK Join the with that link and thank me later LINK
6473,0,Not Hate,Proudly Hausa/Fulani💪
6475,0,Not Hate,Salam ya kike?
6476,2,Hate,Y’all be careful who you gossip with cos the way bitches be turning friends lately 😂. The street is full of ASS KISSERS 🤡😂.
6480,2,Hate,"Some bastards here are supporting thoss criminal fulanis. If you know what it takes to loose your love ones to those dreaded criminals, you won't be spewing rubbish here... Yoruba should wake up before it is too late"
6481,2,Hate,"Shegen fuska kamar duwawu(dumbass whore) .... Useless girl, those hausa u re acusing are following God thoughts... Why can't u pray for good government. But shit u sounds lik someon don't even hav religion 💔😩"
6483,2,Hate,"Northerners are the biggest, greediest, erratically selfish and nepotistic thieves &amp; corrupt people in Nigeria... Mayor of newyork, 2011."
6487,0,Not Hate,big ups..phyno and vector slayed it 4 me...baddooo snehhhhh
6491,2,Hate,: Gays And Lesbians Should Repent And Turn To God – Pastor Adeboye... LINK
6494,1,Neutral,""": Kola Boof: “Jesus was Homosexual…Islam &amp; Christianity should be Abolished” on Same Sex Bill "" u r a big fool"
6496,2,Hate,"Fulani has eaten deep in yoruba with their lifestyles and their bs religion through Ekiti and some other states in SW to the extent SW find it difficult to stop the invaders, the country might finally come to an end if SW stand against this invaders like SE is doing. LINK"
6500,2,Hate,"Slut shamed herself cos her &amp; Tobi appeared as just friends. The way Tobi was acting in d house was why it didn’t work with Alex- he is a Yoruba demon, jumping frm 1woman to another, very few women can manage dat, even d low-self-esteem ones. Dislike CeeC or not, she carries hers LINK"
6501,1,Neutral,Bullshit...
6502,1,Neutral,The solution is very simple . Support the igbo masses to restore biafra then peace will return to the region. The igbos want equal rights and justice. COCONUT HEAD GOVERNORS
6504,2,Hate,"River state is d most foolish n stupid state in Nigeria intens of election.Foolish politicians with foolish people living in a foolish land, I regret being a southerner.Continue killing urselves fools."
6506,1,Neutral,"If none of ur relationshps workd out, y dnt u take a break. Try being a hoe for sme time... Lets see how that goes😀😀😀😀"
6508,0,Not Hate,"Baboon Rapes Female Teachers, Steals Their Panties LINK"
6510,0,Not Hate,🌚
6512,0,Not Hate,": ""A Muslim who plants a tree or sows a field from which man, birds, and animals can eat, is ... LINK"
6513,1,Neutral,no ure not a Nigerian.. U a coward..U claim Nigerian but fight for biafra
6515,1,Neutral,Which stupid must be regret??? I don't support throwing a party for it. But your comment is highly ignorant and shortsighted...
6516,0,Not Hate,"Hoe lo shee"": A girl who does not know ow to cook is a ______? """
6518,2,Hate,"Your stupid religion right? Dump people, with this your empty head can you compare south to the bush boko haram northern Muslim? F does your religion permit killing? Boko haram bast$rd"
6520,1,Neutral,Lol.... are you serious right now?🤣 crazy people everywhere you go
6523,2,Hate,Majority of Southerners with that kind of mindset are either illiterate or senseless
6524,0,Not Hate,Lol be deceiving yourselves ex is EX jare... 😂 LINK
6525,1,Neutral,"Who said there's a future for this one, truly you're an idiot LINK"
6526,1,Neutral,"Saraki/dogara r bunch of power monger. I hate u two. U got no regards 4 ur party, is bad 4 ds country!"
6527,2,Hate,Hoes all the way Who good girl help
6529,0,Not Hate,": Igbos where is your so called elite or intelligences, Nnia Nwodo and oha ndi oshi good morning.. without Biafra all you o…"
6531,2,Hate,Nigerians are naturally tribalistic. I’m igbo dated my ex for a lil over two years his esan mother said I’m an outcast and can not get married to her son. Don’t be a bastard please.
6533,0,Not Hate,Mawning
6535,2,Hate,I hope the Fulani caliphate janjaweed terrorists can hear you
6536,1,Neutral,"See ehn.. As you no rate me when i no get money, Abeg.. Nah God i use take beg you... No rate me when i dahn get oo... 😊.. Make we keep this energy.. Oloshi, Alatenuje, Abateyan Je, Selfish Self Centerd Bastard."
6538,1,Neutral,"Biafra was the reason our government cancelled history in our schools, they never wanted us to know the evil they committed to the Igbos"
6540,2,Hate,"Don't be deceived. One Nigeria can't work wit this mentality from d north,religion has eaten them up so bad, they hate progress,development is a SIN to them.All they preffer is islam, wake up islam,eat islam,work islam,die islam.They just av to stay on their own"
6541,1,Neutral,Who you 2face knife to be president for which country you BLOOD sucking governor
6545,1,Neutral,God will punish you people. Murderers
6546,2,Hate,Why should ESN not be supported to protect lives and properties from this terrorist fulani herdsmen? LINK
6547,0,Not Hate,"I am shocked at those saying vote Nengi! Its obvious the ""666"" tattoo on Nengi feet caught up wit Ozo! He wants to die inside a yellow pawpaw mata. He won't have Nengi even outside the house just watch ! Na out own Ludge Nengi Abi? OK ohh Good Luck Ozo and Fans"
6549,1,Neutral,People that are daft
6551,0,Not Hate,We're waiting 4 who becomes HOH... Time to test our powers &amp; popularity... I told u haters yesterday 2 wait 4 action. Eee don come
6552,0,Not Hate,"Don’t mind him, 3 men before 30"
6553,0,Not Hate,"I'm sorry sir those reasons of yours are not the reason of terrorism in Nigeria. Every sincere Nigerians knows what the problem is. I can bet it with you that if Nigeria devide today, terrorism will automatically disappear from north. The northern should stop taking us for fool"
6554,0,Not Hate,": The soldiers who opened fire at Lekki didn't first say 'Igbo people go to the left, Yoruba people, go to the right, Hau…"
6556,0,Not Hate,How will one girl kill a dog Signs of end time I see
6557,2,Hate,: Smh Kings be Dating the wrong hausa girls 😑
6558,0,Not Hate,Hmmmm
6559,0,Not Hate,He is an intelligence agent used to infiltrate muslim communities especially in Australia and has nothing to do with Islam! Everyone knows that he has zero knowledge of Islam and he is just playing around! Those who follow him know that!
6560,2,Hate,Fulani herdsmen declare Jihad in letter to Bishop Oyedepo [VIDEO] LINK
6561,0,Not Hate,"This particular thing, God forbid. Literally rather die single"
6562,2,Hate,"Failure is not when your girlfriend leaves you, it's only when you leave her a virgin. Kindly ffbak"
6564,1,Neutral,Some dudes tell girls sweet stuff just 2 get them laid dts just stupid cut the pretence look for hoes
6566,2,Hate,""": Bitches Be Like ""A Nigga Can't Handle Me"" Then Who Can? Ifa Abi Amadioha?"""
6567,1,Neutral,"90% Of Every Girl You Meet Like You Rude, Mean and Unchivalrous. Be Nice and They'll shit On You they'll thrive on Toxicity They'll swim in Troubled waters And your calm sea could be a Turn Off Await Chemistry Class EP 1st June You Ought To...! LINK"
6570,0,Not Hate,": ,We are indigenous people of ,our right to exist has been violated by Nigerian gov. LINK"
6572,2,Hate,Bitches loose a good guy just to fuck a nigga everyone else is fucking
6573,2,Hate,Jihadist/Terrorist Buhari &amp; intensifies Islamisation of &amp; Nigeria # FreeBiafra
6574,2,Hate,: Arewa men are the worst! Tueh.
6575,1,Neutral,The guy is a demented cretin
6576,0,Not Hate,": I saw some Hausa Fulani and Northerners feeling happy for the killing of protesters in Edo, Lagos and Aba. They were e…"
6577,2,Hate,Awon werey will say her past is her past LINK
6579,0,Not Hate,Watch and Listen to all the sessions in English and Yoruba via some Cable TV stations &amp;👇. FB: LINK YT: LINK TwT: LINK TACEF📻: LINK Eng: LINK Yor: LINK LINK
6580,2,Hate,"Muslim man attacks girl for wearing sleeveless shirt and jeans, says she’s dressed like a whore LINK follow"
6581,2,Hate,"See them Fulani herdsmen kidnappers, or I should say Yoruba herdsmen kidnappers 🙄 LINK"
6583,2,Hate,"Are u wishing 2 be ugly"": Ugly Girls are always blessed with a fat ass!!"""
6584,2,Hate,"Guys wanna talk to a loyal girl and fuck side hoes, but then get mad when that loyal girl is chilling with male friends… EXPLAIN"""""
6585,1,Neutral,Testing propanganda... Lie Mohammed passed Testing the herdsmen... The Fulanis passed Price of bag of rice nko...
6586,0,Not Hate,"GO=&gt;LINK ★★FOLLOWME★IFOLLOWYOU✔,,,Ownership di Cloud,,To LINK"
6587,0,Not Hate,"God has already approved Igbo presidency - Ezeife,,LINK"
6589,0,Not Hate,Love it! 😍😍😍 LINK
6590,0,Not Hate,": They framed Dangote with an old whore and they call it man to man issue, it's not enough, now they're dragging Arewa Twitte…"
6591,2,Hate,"So this killer Fulani herders should go down to Borno &amp; engage the Boko Haram fighters inorder to free their brothers in captivity rather than harming, kidnapping, killing &amp; destroying innocent &amp; harmless Citizens whome are just going about their daily lives in peace."
6592,1,Neutral,": ((((((ICEBERG)))))) : This stupid girl. This is just the tip of the eyes bag of what she can do"""
6595,2,Hate,"This picture should be printed out and pasted on our walls and streets and parks and at all our public locations. We have too many liability states in this nation, and so those of us who work are simply feeding these lazy Nigerians. Yes northerners are lazy Nigerians"
6598,2,Hate,"U can never see yoruba Muslims acting so barbaric, best people practicing Islam, but u see the so called Hausawa from the kkk state (Hypocrite and bigots) their hands always stained with blood of the innocent."
6599,1,Neutral,I’m a Yoruba boy. You can’t outplayed a Yoruba with politics no matter how add it’s. You this terror and senseless Islamic fanatics
6600,1,Neutral,And this mumu thinks we're fools like him abi?
6603,0,Not Hate,: are better companions...free of any petty issues and are damn pretty!
6605,0,Not Hate,"This is one of the poorest opening ceremony I have ever watched, common Russia show us more of your heritage"
6606,0,Not Hate,Imagine say make satan dey tell sinners this kind thing. Wetin go be the outcome.
6607,0,Not Hate,"Dogon Dare wallahi, gashi ba wuta sauro kuma yaci uwarsu.... =)) =))"
6608,0,Not Hate,Except if your mom is alive.
6609,2,Hate,Stupid Fulani idiot of a boy.
6610,0,Not Hate,": I Know This Won't Get Your Attention. Y'all should meet Aisha Suleiman, a Northern Nigerian female polo player. One of the…"
6611,1,Neutral,": I know ""Ishaku"" is a common name in the North &amp; Middle Belt, but it sounds somehow similar to ""Coconut Head"" in Igbo."
6612,0,Not Hate,Pray that will never be disarm That's the plan of to overrun you armless as is doing starting from interior village were help might be delay from getting there is on the right track
6613,2,Hate,"Tell them. Too many ignorant Southerners. Distracted by bourgeoise concerns, BBNaija, and personal pursuit of happiness + greed. Not that such interest should not be pursued, but so also must social and political concerns. Southern Nigerians are rather too ignorant and selfish"
6614,0,Not Hate,Oyami lenu
6615,2,Hate,Trying to enforce his retard an archaic culture to us... LINK buhari and LINK all the evil Fulani's
6617,0,Not Hate,Malo (hausa/fulani) guys can be like to fine sha!
6619,0,Not Hate,: FOR THE IGBO CULTURE 💙
6620,0,Not Hate,Who pays for the destruction of Nigeria during the EndSARS protest ? BUKOLA SARAKI MESU JAM BA# 🤘🏽 LINK
6621,1,Neutral,"The Ugandan humbled our ""Undiplomatic"" Soro Soke youths 😂😂😂 The same Useless government back home was call upon to rescue them. Nonsense and ingredient."
6622,1,Neutral,"TeamMiquel. Hahahaha u sharp.wen we lost 8 n evribody was like hehehuhuhi n nw it was 6 n d wer ah... Ref ur stupid {"""""" crying""""""}"
6623,0,Not Hate,": Join us at the Christian Community Church @ Benson Street, Off Akerele, Surulere Lagos by 11pm on Friday, 6th Feb.. LINK"
6625,1,Neutral,😂 😂 such a wack blogger
6626,2,Hate,Yoruba dirty goat like u should slaughtered by boko haram. Idiat fool
6627,2,Hate,I fuck bitches frm different races!!! if u do thesame or if i lied!
6628,1,Neutral,Omo...you're stupid asf!!! You've got no sense!! AND ..you're NOT A CHRISTIAN!! I suggest you spend more time STUDYING the bible.
6631,2,Hate,Hate has turned this one to an olodo rabata.....Greedy woman
6632,2,Hate,": If they endsars, they have not ended the other janjaweed Fulani terrorist groups that is about five in numbe…"
6633,0,Not Hate,Samklef die now federal government will pay N4.75 to Northern food dealer😨😨 LINK
6635,1,Neutral,I hate when fine girls dey mumu ehh..
6636,0,Not Hate,"aiit dearie, ya kike"
6637,1,Neutral,"Hypocrisy 101, area of concentration done show."
6638,1,Neutral,"Exactly he get their mumu button, na when they comot house they go come dey think well"
6640,2,Hate,"The worst set of politicians in Nigeria today are Southern politicians. They are senseless and useless. Educational, industrial and social structures were destroyed because we embraced development and would be key in the scheme of things leaving the North far behind...guess what?"
